participant_id,account_status,movement,source_exercise_name,horizon,best_score_kg,recorded_weight_kg,recorded_reps,result_date,days_from_first_workout,bodyweight_kg_near_result,score_to_bodyweight_ratio,standard_level,change_from_baseline_pct,standard_levels_gained
WSP-CADACEC125,deactivated,Bench Press,Barbell Bench Press,12 months (300-450d),45.5,32.5,12.0,2024-10-09,394,,,Unavailable,8.3,
WSP-CADACEC125,deactivated,Bench Press,Barbell Bench Press,6 months (120-240d),43.33,32.5,10.0,2024-05-01,233,,,Unavailable,3.2,
WSP-CADACEC125,deactivated,Bench Press,Barbell Bench Press,Baseline (0-60d),42.0,30.0,12.0,2023-10-04,23,58.0,0.724,Live,,0
WSP-CADACEC125,deactivated,Deadlift,Barbell Deadlift,12 months (300-450d),76.67,57.5,10.0,2024-11-04,420,,,Unavailable,2.2,
WSP-CADACEC125,deactivated,Deadlift,Barbell Deadlift,6 months (120-240d),78.0,65.0,6.0,2024-03-01,172,,,Unavailable,4.0,
WSP-CADACEC125,deactivated,Deadlift,Barbell Deadlift,Baseline (0-60d),75.0,62.5,6.0,2023-10-27,46,,,Unavailable,,
WSP-CADACEC125,deactivated,Nexus Point Squat,Nexus Point Squat,12 months (300-450d),60.0,50.0,6.0,2024-09-20,375,,,Unavailable,-5.3,
WSP-CADACEC125,deactivated,Nexus Point Squat,Nexus Point Squat,6 months (120-240d),62.33,55.0,4.0,2024-03-18,189,,,Unavailable,-1.6,
WSP-CADACEC125,deactivated,Nexus Point Squat,Barbell Back Squat,Baseline (0-60d),63.33,50.0,8.0,2023-11-06,56,,,Unavailable,,
WSP-CADACEC125,deactivated,Overhead Press,Barbell Overhead Press,6 months (120-240d),23.33,17.5,10.0,2024-05-01,233,,,Unavailable,0.0,
WSP-CADACEC125,deactivated,Overhead Press,Barbell Overhead Press,Baseline (0-60d),23.33,17.5,10.0,2023-09-18,7,58.0,0.402,Live,,0
WSP-CADACEC125,deactivated,Romanian Deadlift,Barbell Romanian Deadlift,Baseline (0-60d),57.0,45.0,8.0,2023-11-06,56,,,Unavailable,,
WSP-CADACEC125,deactivated,Split Squat,Barbell Split Squat,6 months (120-240d),26.67,20.0,10.0,2024-01-15,126,,,Unavailable,,
WSP-35D2B825E2,active,Bench Press,Barbell Bench Press,12 months (300-450d),40.0,30.0,10.0,2024-10-30,415,70.0,0.571,Live,8.1,
WSP-35D2B825E2,active,Bench Press,Barbell Bench Press,24 months (600-900d),41.33,40.0,1.0,2025-09-24,744,74.3,0.556,Live,11.7,
WSP-35D2B825E2,active,Bench Press,Barbell Bench Press,6 months (120-240d),36.67,27.5,10.0,2024-05-01,233,69.9,0.525,Live,-0.9,
WSP-35D2B825E2,active,Bench Press,Barbell Bench Press,Baseline (0-60d),37.0,30.0,7.0,2023-11-01,51,,,Unavailable,,
WSP-35D2B825E2,active,Bench Press,Barbell Bench Press,Beyond 24 months (901d+),40.53,32.0,8.0,2026-05-13,975,70.9,0.572,Live,9.5,
WSP-35D2B825E2,active,Deadlift,Barbell Deadlift,12 months (300-450d),66.0,55.0,6.0,2024-08-05,329,69.8,0.946,Live,0.0,
WSP-35D2B825E2,active,Deadlift,Barbell Deadlift,24 months (600-900d),77.5,75.0,1.0,2025-09-26,746,74.3,1.043,Live,17.4,
WSP-35D2B825E2,active,Deadlift,Barbell Deadlift,6 months (120-240d),62.33,55.0,4.0,2024-03-08,179,70.4,0.885,Live,-5.6,
WSP-35D2B825E2,active,Deadlift,Barbell Deadlift,Baseline (0-60d),66.0,55.0,6.0,2023-11-03,53,,,Unavailable,,
WSP-35D2B825E2,active,Deadlift,Barbell Deadlift,Beyond 24 months (901d+),80.17,65.0,7.0,2026-05-11,973,71.7,1.118,Live,21.5,
WSP-35D2B825E2,active,Farmer Walk 60s,Farmer Walk,24 months (600-900d),22.5,22.5,1.0,2025-09-24,744,74.3,0.303,Below Live,,
WSP-35D2B825E2,active,Farmer Walk 60s,Farmer Walk,Beyond 24 months (901d+),20.0,20.0,1.0,2026-03-23,924,73.0,0.274,Below Live,,
WSP-35D2B825E2,active,Lat Pulldown,Underhand Grip Lat Pulldown,24 months (600-900d),88.67,70.0,8.0,2025-05-07,604,,,Unavailable,,
WSP-35D2B825E2,active,Nexus Point Squat,Nexus Point Squat,12 months (300-450d),48.0,40.0,6.0,2024-09-20,375,,,Unavailable,-5.3,
WSP-35D2B825E2,active,Nexus Point Squat,Nexus Point Squat,24 months (600-900d),35.0,25.0,12.0,2025-06-30,658,,,Unavailable,-30.9,
WSP-35D2B825E2,active,Nexus Point Squat,Nexus Point Squat,6 months (120-240d),54.0,45.0,6.0,2024-02-26,168,70.7,0.764,Live,6.6,
WSP-35D2B825E2,active,Nexus Point Squat,Barbell Back Squat,Baseline (0-60d),50.67,40.0,8.0,2023-11-06,56,,,Unavailable,,
WSP-35D2B825E2,active,Nexus Point Squat,Nexus Point Squat,Beyond 24 months (901d+),52.5,37.5,12.0,2026-07-13,1036,69.5,0.755,Live,3.6,
WSP-35D2B825E2,active,Overhead Press,Barbell Overhead Press,24 months (600-900d),22.17,17.5,8.0,2025-12-17,828,74.8,0.296,Live,10.8,0
WSP-35D2B825E2,active,Overhead Press,Barbell Overhead Press,Baseline (0-60d),20.0,15.0,10.0,2023-09-11,0,70.0,0.286,Live,,0
WSP-35D2B825E2,active,Overhead Press,Barbell Overhead Press,Beyond 24 months (901d+),23.25,22.5,1.0,2026-03-25,926,73.4,0.317,Live,16.3,0
WSP-35D2B825E2,active,Romanian Deadlift,Barbell Romanian Deadlift,24 months (600-900d),78.0,65.0,6.0,2025-12-19,830,74.8,1.043,Live,36.8,
WSP-35D2B825E2,active,Romanian Deadlift,Barbell Romanian Deadlift,Baseline (0-60d),57.0,45.0,8.0,2023-11-06,56,,,Unavailable,,
WSP-35D2B825E2,active,Romanian Deadlift,Barbell Romanian Deadlift,Beyond 24 months (901d+),87.0,72.5,6.0,2026-06-12,1005,69.9,1.245,Long,52.6,
WSP-35D2B825E2,active,Split Squat,Barbell Split Squat,24 months (600-900d),31.67,25.0,8.0,2025-05-26,623,,,Unavailable,,
WSP-35D2B825E2,active,Split Squat,Barbell Split Squat,6 months (120-240d),26.67,20.0,10.0,2024-01-15,126,69.2,0.385,Unavailable,,
WSP-35D2B825E2,active,Split Squat,Barbell Split Squat,Beyond 24 months (901d+),26.67,20.0,10.0,2026-06-29,1022,69.9,0.381,Unavailable,,
WSP-E60F02FB3D,deactivated,Bench Press,Barbell Bench Press,6 months (120-240d),57.0,45.0,8.0,2024-12-18,219,,,Unavailable,5.1,
WSP-E60F02FB3D,deactivated,Bench Press,Barbell Bench Press,Baseline (0-60d),54.25,52.5,1.0,2024-06-26,44,86.9,0.624,Live,,0
WSP-E60F02FB3D,deactivated,Deadlift,Barbell Deadlift,6 months (120-240d),113.67,110.0,1.0,2024-09-28,138,,,Unavailable,4.8,
WSP-E60F02FB3D,deactivated,Deadlift,Barbell Deadlift,Baseline (0-60d),108.5,105.0,1.0,2024-06-24,42,86.9,1.249,Live,,0
WSP-E60F02FB3D,deactivated,Nexus Point Squat,Nexus Point Squat,6 months (120-240d),67.17,65.0,1.0,2024-09-28,138,,,Unavailable,44.4,
WSP-E60F02FB3D,deactivated,Nexus Point Squat,Nexus Point Squat,Baseline (0-60d),46.5,45.0,1.0,2024-06-28,46,86.4,0.538,Live,,0
WSP-E60F02FB3D,deactivated,Overhead Press,Barbell Overhead Press,Baseline (0-60d),26.6,21.0,8.0,2024-06-05,23,87.6,0.304,Live,,0
WSP-E60F02FB3D,deactivated,Split Squat,Barbell Split Squat,6 months (120-240d),5.6,4.0,12.0,2025-01-06,238,,,Unavailable,,
WSP-9E8022E796,deactivated,Bench Press,Barbell Bench Press,6 months (120-240d),39.0,32.5,6.0,2024-04-10,212,,,Unavailable,23.8,
WSP-9E8022E796,deactivated,Bench Press,Barbell Bench Press,Baseline (0-60d),31.5,22.5,12.0,2023-09-13,2,74.0,0.426,Live,,0
WSP-9E8022E796,deactivated,Deadlift,Barbell Deadlift,6 months (120-240d),66.67,50.0,10.0,2024-01-12,123,,,Unavailable,,
WSP-9E8022E796,deactivated,Nexus Point Squat,Nexus Point Squat,6 months (120-240d),49.33,40.0,7.0,2024-03-25,196,,,Unavailable,-7.5,
WSP-9E8022E796,deactivated,Nexus Point Squat,Barbell Back Squat,Baseline (0-60d),53.33,40.0,10.0,2023-09-25,14,74.0,0.721,Live,,0
WSP-9E8022E796,deactivated,Overhead Press,Barbell Overhead Press,Baseline (0-60d),20.0,15.0,10.0,2023-09-11,0,74.0,0.27,Live,,0
WSP-9E8022E796,deactivated,Split Squat,Barbell Split Squat,6 months (120-240d),15.2,12.0,8.0,2024-01-22,133,,,Unavailable,,
WSP-3747400FEE,active,Bench Press,Barbell Bench Press,12 months (300-450d),22.17,17.5,8.0,2024-07-10,303,67.5,0.328,Live,-7.6,0
WSP-3747400FEE,active,Bench Press,Barbell Bench Press,24 months (600-900d),20.0,15.0,10.0,2025-08-06,695,,,Unavailable,-16.7,
WSP-3747400FEE,active,Bench Press,Barbell Bench Press,6 months (120-240d),25.83,25.0,1.0,2024-03-27,198,71.0,0.364,Live,7.6,0
WSP-3747400FEE,active,Bench Press,Barbell Bench Press,Baseline (0-60d),24.0,20.0,6.0,2023-09-27,16,75.0,0.32,Live,,0
WSP-3747400FEE,active,Bench Press,Barbell Bench Press,Beyond 24 months (901d+),22.17,17.5,8.0,2026-04-22,954,,,Unavailable,-7.6,
WSP-3747400FEE,active,Deadlift,Barbell Deadlift,12 months (300-450d),54.25,52.5,1.0,2024-09-23,378,65.0,0.835,Live,,
WSP-3747400FEE,active,Deadlift,Barbell Deadlift,24 months (600-900d),44.33,35.0,8.0,2025-09-12,732,,,Unavailable,,
WSP-3747400FEE,active,Deadlift,Barbell Deadlift,6 months (120-240d),46.25,37.5,7.0,2024-03-22,193,71.0,0.651,Live,,
WSP-3747400FEE,active,Farmer Walk 60s,Farmer Walk,24 months (600-900d),12.5,12.5,,2025-07-18,676,,,Unavailable,,
WSP-3747400FEE,active,Lat Pulldown,Underhand Grip Lat Pulldown,24 months (600-900d),57.0,45.0,8.0,2025-09-15,735,,,Unavailable,,
WSP-3747400FEE,active,Lat Pulldown,Underhand Grip Lat Pulldown,Beyond 24 months (901d+),58.33,50.0,5.0,2026-03-06,907,,,Unavailable,,
WSP-3747400FEE,active,Nexus Point Squat,Nexus Point Squat,12 months (300-450d),21.0,17.5,6.0,2024-09-27,382,65.0,0.323,Below Live,,
WSP-3747400FEE,active,Nexus Point Squat,Barbell Front Squat,24 months (600-900d),22.17,17.5,8.0,2025-06-16,644,56.5,0.392,Below Live,,
WSP-3747400FEE,active,Nexus Point Squat,Nexus Point Squat,6 months (120-240d),24.0,20.0,6.0,2024-03-18,189,71.0,0.338,Below Live,,
WSP-3747400FEE,active,Nexus Point Squat,Barbell Front Squat,Beyond 24 months (901d+),23.25,22.5,1.0,2026-03-27,928,,,Unavailable,,
WSP-3747400FEE,active,Overhead Press,Barbell Overhead Press,Baseline (0-60d),12.67,10.0,8.0,2023-09-11,0,75.0,0.169,Below Live,,0
WSP-3747400FEE,active,Romanian Deadlift,Barbell Romanian Deadlift,24 months (600-900d),32.5,25.0,9.0,2026-02-16,889,,,Unavailable,8.3,
WSP-3747400FEE,active,Romanian Deadlift,Barbell Romanian Deadlift,6 months (120-240d),21.0,15.0,12.0,2024-04-22,224,69.0,0.304,Below Live,-30.0,0
WSP-3747400FEE,active,Romanian Deadlift,Barbell Romanian Deadlift,Baseline (0-60d),30.0,25.0,6.0,2023-11-06,56,75.0,0.4,Below Live,,0
WSP-3747400FEE,active,Romanian Deadlift,Barbell Romanian Deadlift,Beyond 24 months (901d+),36.17,35.0,1.0,2026-06-26,1019,,,Unavailable,20.6,
WSP-3747400FEE,active,Split Squat,Barbell Split Squat,24 months (600-900d),7.6,6.0,8.0,2025-06-02,630,56.5,0.135,Unavailable,,
WSP-749D8C9097,deactivated,Bench Press,Barbell Bench Press,12 months (300-450d),56.83,55.0,1.0,2024-09-25,380,81.5,0.697,Live,14.6,0
WSP-749D8C9097,deactivated,Bench Press,Barbell Bench Press,6 months (120-240d),56.83,55.0,1.0,2024-03-27,198,90.1,0.631,Live,14.6,0
WSP-749D8C9097,deactivated,Bench Press,Barbell Bench Press,Baseline (0-60d),49.58,42.5,5.0,2023-11-01,51,95.8,0.518,Live,,0
WSP-749D8C9097,deactivated,Deadlift,Barbell Deadlift,12 months (300-450d),124.2,103.5,6.0,2024-11-25,441,79.4,1.564,Long,18.3,1
WSP-749D8C9097,deactivated,Deadlift,Barbell Deadlift,6 months (120-240d),120.0,90.0,10.0,2024-05-06,238,89.8,1.336,Long,14.3,1
WSP-749D8C9097,deactivated,Deadlift,Barbell Deadlift,Baseline (0-60d),105.0,90.0,5.0,2023-11-03,53,95.8,1.096,Live,,0
WSP-749D8C9097,deactivated,Farmer Walk 60s,Farmer Walk,12 months (300-450d),50.0,50.0,,2024-09-10,365,82.8,0.604,Below Live,,
WSP-749D8C9097,deactivated,Lat Pulldown,Underhand Grip Lat Pulldown,12 months (300-450d),57.14,47.62,6.0,2024-07-08,301,87.7,0.652,Live,,
WSP-749D8C9097,deactivated,Lat Pulldown,Underhand Grip Lat Pulldown,6 months (120-240d),61.65,54.4,4.0,2024-02-26,168,91.2,0.676,Live,,
WSP-749D8C9097,deactivated,Nexus Point Squat,Nexus Point Squat,12 months (300-450d),82.33,65.0,8.0,2024-11-01,417,80.3,1.025,Live,14.4,0
WSP-749D8C9097,deactivated,Nexus Point Squat,Nexus Point Squat,6 months (120-240d),103.33,100.0,1.0,2024-03-25,196,90.3,1.144,Live,43.5,0
WSP-749D8C9097,deactivated,Nexus Point Squat,Barbell Back Squat,Baseline (0-60d),72.0,60.0,6.0,2023-11-06,56,95.8,0.752,Live,,0
WSP-749D8C9097,deactivated,Overhead Press,Barbell Overhead Press,6 months (120-240d),33.33,25.0,10.0,2024-05-01,233,89.8,0.371,Live,0.0,0
WSP-749D8C9097,deactivated,Overhead Press,Barbell Overhead Press,Baseline (0-60d),33.33,25.0,10.0,2023-09-18,7,97.0,0.344,Live,,0
WSP-749D8C9097,deactivated,Romanian Deadlift,Barbell Romanian Deadlift,Baseline (0-60d),60.0,50.0,6.0,2023-11-06,56,95.8,0.626,Live,,0
WSP-1C27F23078,deactivated,Bench Press,Barbell Bench Press,12 months (300-450d),65.98,53.5,7.0,2024-12-04,450,,,Unavailable,16.4,
WSP-1C27F23078,deactivated,Bench Press,Barbell Bench Press,6 months (120-240d),60.0,45.0,10.0,2024-02-21,163,,,Unavailable,5.9,
WSP-1C27F23078,deactivated,Bench Press,Barbell Bench Press,Baseline (0-60d),56.67,42.5,10.0,2023-11-01,51,,,Unavailable,,
WSP-1C27F23078,deactivated,Deadlift,Barbell Deadlift,12 months (300-450d),97.03,76.6,8.0,2024-07-29,322,,,Unavailable,7.8,
WSP-1C27F23078,deactivated,Deadlift,Barbell Deadlift,6 months (120-240d),95.0,75.0,8.0,2024-04-29,231,,,Unavailable,5.6,
WSP-1C27F23078,deactivated,Deadlift,Barbell Deadlift,Baseline (0-60d),90.0,75.0,6.0,2023-10-27,46,,,Unavailable,,
WSP-1C27F23078,deactivated,Nexus Point Squat,Nexus Point Squat,12 months (300-450d),60.0,45.0,10.0,2024-11-22,438,,,Unavailable,5.3,
WSP-1C27F23078,deactivated,Nexus Point Squat,Nexus Point Squat,6 months (120-240d),60.17,47.5,8.0,2024-02-19,161,,,Unavailable,5.6,
WSP-1C27F23078,deactivated,Nexus Point Squat,Barbell Back Squat,Baseline (0-60d),57.0,45.0,8.0,2023-10-30,49,,,Unavailable,,
WSP-1C27F23078,deactivated,Overhead Press,Barbell Overhead Press,6 months (120-240d),31.67,25.0,8.0,2024-05-01,233,,,Unavailable,18.8,
WSP-1C27F23078,deactivated,Overhead Press,Barbell Overhead Press,Baseline (0-60d),26.67,20.0,10.0,2023-09-11,0,70.0,0.381,Live,,0
WSP-1C27F23078,deactivated,Romanian Deadlift,Barbell Romanian Deadlift,Baseline (0-60d),63.33,50.0,8.0,2023-11-06,56,,,Unavailable,,
WSP-1C27F23078,deactivated,Split Squat,Barbell Split Squat,6 months (120-240d),33.33,25.0,10.0,2024-01-22,133,,,Unavailable,,
WSP-2B27FEB68C,deactivated,Bench Press,Barbell Bench Press,12 months (300-450d),54.25,52.5,1.0,2024-09-25,380,69.7,0.778,Long,-12.5,0
WSP-2B27FEB68C,deactivated,Bench Press,Barbell Bench Press,6 months (120-240d),54.25,52.5,1.0,2024-03-27,198,71.9,0.755,Long,-12.5,0
WSP-2B27FEB68C,deactivated,Bench Press,Barbell Bench Press,Baseline (0-60d),62.0,60.0,1.0,2023-09-11,0,76.0,0.816,Long,,0
WSP-2B27FEB68C,deactivated,Deadlift,Barbell Deadlift,12 months (300-450d),102.0,85.0,6.0,2024-07-29,322,69.2,1.474,Long,3.9,0
WSP-2B27FEB68C,deactivated,Deadlift,Barbell Deadlift,6 months (120-240d),113.67,110.0,1.0,2024-03-29,200,71.9,1.581,Long,15.8,0
WSP-2B27FEB68C,deactivated,Deadlift,Barbell Deadlift,Baseline (0-60d),98.17,95.0,1.0,2023-09-11,0,76.0,1.292,Long,,0
WSP-2B27FEB68C,deactivated,Nexus Point Squat,Nexus Point Squat,12 months (300-450d),57.0,47.5,6.0,2024-09-06,361,69.7,0.818,Live,-15.1,0
WSP-2B27FEB68C,deactivated,Nexus Point Squat,Nexus Point Squat,6 months (120-240d),53.83,47.5,4.0,2024-03-18,189,71.9,0.749,Live,-19.9,0
WSP-2B27FEB68C,deactivated,Nexus Point Squat,Nexus Point Squat,Baseline (0-60d),67.17,65.0,1.0,2023-09-11,0,76.0,0.884,Live,,0
WSP-2B27FEB68C,deactivated,Overhead Press,Barbell Overhead Press,Baseline (0-60d),20.0,15.0,10.0,2023-09-11,0,76.0,0.263,Live,,0
WSP-2B27FEB68C,deactivated,Romanian Deadlift,Barbell Romanian Deadlift,Baseline (0-60d),57.0,45.0,8.0,2023-11-06,56,,,Unavailable,,
WSP-175A5AF798,deactivated,Bench Press,Barbell Bench Press,12 months (300-450d),26.67,20.0,10.0,2024-10-30,415,,,Unavailable,-4.8,
WSP-175A5AF798,deactivated,Bench Press,Barbell Bench Press,24 months (600-900d),26.67,20.0,10.0,2025-07-09,667,,,Unavailable,-4.8,
WSP-175A5AF798,deactivated,Bench Press,Barbell Bench Press,Baseline (0-60d),28.0,20.0,12.0,2023-10-04,23,62.3,0.449,Live,,0
WSP-175A5AF798,deactivated,Deadlift,Barbell Deadlift,12 months (300-450d),63.0,45.0,12.0,2024-10-21,406,,,Unavailable,-6.2,
WSP-175A5AF798,deactivated,Deadlift,Barbell Deadlift,24 months (600-900d),56.0,40.0,12.0,2025-07-04,662,,,Unavailable,-16.6,
WSP-175A5AF798,deactivated,Deadlift,Barbell Deadlift,Baseline (0-60d),67.17,65.0,1.0,2023-10-14,33,62.3,1.078,Live,,0
WSP-175A5AF798,deactivated,Lat Pulldown,Underhand Grip Lat Pulldown,24 months (600-900d),66.67,50.0,10.0,2025-05-21,618,,,Unavailable,,
WSP-175A5AF798,deactivated,Nexus Point Squat,Barbell Front Squat,24 months (600-900d),25.33,20.0,8.0,2025-06-02,630,,,Unavailable,-47.2,
WSP-175A5AF798,deactivated,Nexus Point Squat,Barbell Back Squat,Baseline (0-60d),48.0,40.0,6.0,2023-11-06,56,62.3,0.77,Live,,0
WSP-175A5AF798,deactivated,Overhead Press,Barbell Overhead Press,Baseline (0-60d),20.0,15.0,10.0,2023-09-25,14,62.3,0.321,Live,,0
WSP-175A5AF798,deactivated,Romanian Deadlift,Barbell Romanian Deadlift,24 months (600-900d),63.33,50.0,8.0,2025-06-13,641,,,Unavailable,11.1,
WSP-175A5AF798,deactivated,Romanian Deadlift,Barbell Romanian Deadlift,Baseline (0-60d),57.0,45.0,8.0,2023-11-06,56,62.3,0.915,Live,,0
WSP-175A5AF798,deactivated,Split Squat,Barbell Split Squat,24 months (600-900d),25.33,20.0,8.0,2025-06-02,630,,,Unavailable,,
WSP-C01103FA99,deactivated,Bench Press,Barbell Bench Press,12 months (300-450d),42.0,30.0,12.0,2024-10-02,387,,,Unavailable,20.6,
WSP-C01103FA99,deactivated,Bench Press,Barbell Bench Press,6 months (120-240d),40.0,30.0,10.0,2024-05-01,233,,,Unavailable,14.8,
WSP-C01103FA99,deactivated,Bench Press,Barbell Bench Press,Baseline (0-60d),34.83,27.5,8.0,2023-10-18,37,78.1,0.446,Live,,0
WSP-C01103FA99,deactivated,Deadlift,Barbell Deadlift,12 months (300-450d),96.0,80.0,6.0,2024-09-16,371,,,Unavailable,16.6,
WSP-C01103FA99,deactivated,Deadlift,Barbell Deadlift,6 months (120-240d),93.5,85.0,3.0,2024-03-15,186,,,Unavailable,13.6,
WSP-C01103FA99,deactivated,Deadlift,Barbell Deadlift,Baseline (0-60d),82.33,65.0,8.0,2023-10-27,46,78.1,1.054,Live,,0
WSP-C01103FA99,deactivated,Nexus Point Squat,Nexus Point Squat,12 months (300-450d),66.0,55.0,6.0,2024-09-20,375,,,Unavailable,4.2,
WSP-C01103FA99,deactivated,Nexus Point Squat,Nexus Point Squat,6 months (120-240d),62.33,55.0,4.0,2024-03-18,189,,,Unavailable,-1.6,
WSP-C01103FA99,deactivated,Nexus Point Squat,Barbell Back Squat,Baseline (0-60d),63.33,50.0,8.0,2023-11-06,56,78.3,0.809,Live,,0
WSP-C01103FA99,deactivated,Overhead Press,Barbell Overhead Press,6 months (120-240d),21.58,17.5,7.0,2024-05-01,233,,,Unavailable,-9.3,
WSP-C01103FA99,deactivated,Overhead Press,Barbell Overhead Press,Baseline (0-60d),23.8,17.0,12.0,2023-09-11,0,77.0,0.309,Live,,0
WSP-C01103FA99,deactivated,Romanian Deadlift,Barbell Romanian Deadlift,Baseline (0-60d),57.0,45.0,8.0,2023-11-06,56,78.3,0.728,Live,,0
WSP-C01103FA99,deactivated,Split Squat,Barbell Split Squat,6 months (120-240d),28.0,20.0,12.0,2024-01-22,133,,,Unavailable,,
WSP-690A6927EC,deactivated,Bench Press,Barbell Bench Press,12 months (300-450d),40.0,30.0,10.0,2024-10-02,387,,,Unavailable,0.8,
WSP-690A6927EC,deactivated,Bench Press,Barbell Bench Press,6 months (120-240d),38.0,30.0,8.0,2024-05-08,240,,,Unavailable,-4.2,
WSP-690A6927EC,deactivated,Bench Press,Barbell Bench Press,Baseline (0-60d),39.67,35.0,4.0,2023-10-25,44,,,Unavailable,,
WSP-690A6927EC,deactivated,Deadlift,Barbell Deadlift,12 months (300-450d),96.33,85.0,4.0,2024-09-16,371,,,Unavailable,0.0,
WSP-690A6927EC,deactivated,Deadlift,Barbell Deadlift,6 months (120-240d),100.0,75.0,10.0,2024-05-06,238,,,Unavailable,3.8,
WSP-690A6927EC,deactivated,Deadlift,Barbell Deadlift,Baseline (0-60d),96.33,85.0,4.0,2023-10-27,46,,,Unavailable,,
WSP-690A6927EC,deactivated,Nexus Point Squat,Nexus Point Squat,12 months (300-450d),43.92,42.5,1.0,2024-09-24,379,,,Unavailable,4.6,
WSP-690A6927EC,deactivated,Nexus Point Squat,Nexus Point Squat,6 months (120-240d),41.17,32.5,8.0,2024-03-11,182,,,Unavailable,-2.0,
WSP-690A6927EC,deactivated,Nexus Point Squat,Barbell Back Squat,Baseline (0-60d),42.0,35.0,6.0,2023-10-30,49,,,Unavailable,,
WSP-690A6927EC,deactivated,Overhead Press,Barbell Overhead Press,6 months (120-240d),21.0,15.0,12.0,2024-05-01,233,,,Unavailable,-2.7,
WSP-690A6927EC,deactivated,Overhead Press,Barbell Overhead Press,Baseline (0-60d),21.58,17.5,7.0,2023-10-02,21,60.0,0.36,Live,,0
WSP-690A6927EC,deactivated,Romanian Deadlift,Barbell Romanian Deadlift,Baseline (0-60d),63.33,50.0,8.0,2023-11-06,56,,,Unavailable,,
WSP-690A6927EC,deactivated,Split Squat,Barbell Split Squat,6 months (120-240d),0.0,0.0,8.0,2024-01-15,126,,,Unavailable,,
WSP-97D354E37F,deactivated,Bench Press,Barbell Bench Press,12 months (300-450d),42.0,35.0,6.0,2024-07-10,302,84.1,0.499,Live,0.0,0
WSP-97D354E37F,deactivated,Bench Press,Barbell Bench Press,24 months (600-900d),28.5,22.5,8.0,2025-08-27,715,,,Unavailable,-32.1,
WSP-97D354E37F,deactivated,Bench Press,Barbell Bench Press,6 months (120-240d),48.0,45.0,2.0,2024-03-20,190,81.7,0.588,Live,14.3,0
WSP-97D354E37F,deactivated,Bench Press,Barbell Bench Press,Baseline (0-60d),42.0,35.0,6.0,2023-11-08,57,83.25,0.505,Live,,0
WSP-97D354E37F,deactivated,Deadlift,Barbell Deadlift,Baseline (0-60d),72.0,60.0,6.0,2023-10-27,45,84.2,0.855,Live,,0
WSP-97D354E37F,deactivated,Farmer Walk 60s,Farmer Walk,12 months (300-450d),20.0,20.0,,2024-09-03,357,83.0,0.241,Below Live,14.3,0
WSP-97D354E37F,deactivated,Farmer Walk 60s,Farmer Walk,24 months (600-900d),20.0,20.0,,2026-02-09,881,,,Unavailable,14.3,
WSP-97D354E37F,deactivated,Farmer Walk 60s,Farmer Walk,Baseline (0-60d),17.5,17.5,,2023-10-31,49,83.0,0.211,Below Live,,0
WSP-97D354E37F,deactivated,Nexus Point Squat,Nexus Point Squat,12 months (300-450d),33.33,25.0,10.0,2024-08-30,353,83.0,0.402,Below Live,,
WSP-97D354E37F,deactivated,Romanian Deadlift,Barbell Romanian Deadlift,24 months (600-900d),33.33,25.0,10.0,2026-02-09,881,,,Unavailable,,
WSP-9CEDFF8374,active,Bench Press,Barbell Bench Press,12 months (300-450d),38.75,37.5,1.0,2024-09-25,380,,,Unavailable,-9.2,
WSP-9CEDFF8374,active,Bench Press,Barbell Bench Press,6 months (120-240d),35.15,28.5,7.0,2024-05-01,233,,,Unavailable,-17.6,
WSP-9CEDFF8374,active,Bench Press,Barbell Bench Press,Baseline (0-60d),42.67,40.0,2.0,2023-09-11,0,122.0,0.35,Live,,0
WSP-9CEDFF8374,active,Deadlift,Barbell Deadlift,12 months (300-450d),77.0,55.0,12.0,2024-10-21,406,,,Unavailable,,
WSP-9CEDFF8374,active,Deadlift,Barbell Deadlift,6 months (120-240d),38.0,30.0,8.0,2024-03-22,193,,,Unavailable,,
WSP-9CEDFF8374,active,Deadlift,Barbell Deadlift,Beyond 24 months (901d+),46.67,35.0,10.0,2026-04-13,945,,,Unavailable,,
WSP-9CEDFF8374,active,Farmer Walk 60s,Farmer Walk,24 months (600-900d),12.5,12.5,,2026-02-09,882,,,Unavailable,,
WSP-9CEDFF8374,active,Lat Pulldown,Underhand Grip Lat Pulldown,12 months (300-450d),40.0,30.0,10.0,2024-10-28,413,,,Unavailable,,
WSP-9CEDFF8374,active,Lat Pulldown,Underhand Grip Lat Pulldown,24 months (600-900d),40.8,34.0,6.0,2025-06-30,658,,,Unavailable,,
WSP-9CEDFF8374,active,Lat Pulldown,Underhand Grip Lat Pulldown,Beyond 24 months (901d+),50.67,40.0,8.0,2026-07-20,1043,,,Unavailable,,
WSP-9CEDFF8374,active,Nexus Point Squat,Nexus Point Squat,12 months (300-450d),21.0,15.0,12.0,2024-10-18,403,,,Unavailable,,
WSP-9CEDFF8374,active,Nexus Point Squat,Nexus Point Squat,24 months (600-900d),21.0,15.0,12.0,2025-06-30,658,,,Unavailable,,
WSP-9CEDFF8374,active,Overhead Press,Barbell Overhead Press,6 months (120-240d),19.0,15.0,8.0,2024-05-01,233,,,Unavailable,,
WSP-9CEDFF8374,active,Romanian Deadlift,Barbell Romanian Deadlift,24 months (600-900d),20.0,15.0,10.0,2026-02-09,882,,,Unavailable,,
WSP-9CEDFF8374,active,Split Squat,Barbell Split Squat,6 months (120-240d),4.8,4.0,6.0,2024-01-15,126,,,Unavailable,,
WSP-9CEDFF8374,active,Split Squat,Barbell Split Squat,Beyond 24 months (901d+),0.0,0.0,10.0,2026-07-20,1043,,,Unavailable,,
WSP-20C96BEF08,deactivated,Bench Press,Barbell Bench Press,12 months (300-450d),39.0,32.5,6.0,2024-09-04,334,,,Unavailable,8.3,
WSP-20C96BEF08,deactivated,Bench Press,Barbell Bench Press,6 months (120-240d),40.0,30.0,10.0,2024-05-01,208,,,Unavailable,11.1,
WSP-20C96BEF08,deactivated,Bench Press,Barbell Bench Press,Baseline (0-60d),36.0,30.0,6.0,2023-11-22,47,,,Unavailable,,
WSP-20C96BEF08,deactivated,Deadlift,Barbell Deadlift,12 months (300-450d),92.93,82.0,4.0,2024-09-16,346,,,Unavailable,27.6,
WSP-20C96BEF08,deactivated,Deadlift,Barbell Deadlift,6 months (120-240d),86.67,65.0,10.0,2024-05-06,213,,,Unavailable,19.0,
WSP-20C96BEF08,deactivated,Deadlift,Barbell Deadlift,Baseline (0-60d),72.83,57.5,8.0,2023-10-13,7,55.0,1.324,Long,,0
WSP-20C96BEF08,deactivated,Nexus Point Squat,Nexus Point Squat,12 months (300-450d),69.67,55.0,8.0,2024-08-16,315,,,Unavailable,-5.0,
WSP-20C96BEF08,deactivated,Nexus Point Squat,Nexus Point Squat,6 months (120-240d),60.5,55.0,3.0,2024-03-30,176,,,Unavailable,-17.5,
WSP-20C96BEF08,deactivated,Nexus Point Squat,Barbell Back Squat,Baseline (0-60d),73.33,55.0,10.0,2023-10-30,24,,,Unavailable,,
WSP-20C96BEF08,deactivated,Overhead Press,Barbell Overhead Press,6 months (120-240d),23.33,17.5,10.0,2024-05-29,236,,,Unavailable,,
WSP-20C96BEF08,deactivated,Romanian Deadlift,Barbell Romanian Deadlift,Baseline (0-60d),63.33,50.0,8.0,2023-11-06,31,,,Unavailable,,
WSP-E6C38FCCB7,deactivated,Bench Press,Barbell Bench Press,12 months (300-450d),43.33,32.5,10.0,2024-10-09,383,,,Unavailable,2.1,
WSP-E6C38FCCB7,deactivated,Bench Press,Barbell Bench Press,6 months (120-240d),43.33,32.5,10.0,2024-05-15,236,86.5,0.501,Live,2.1,0
WSP-E6C38FCCB7,deactivated,Bench Press,Barbell Bench Press,Baseline (0-60d),42.43,33.5,8.0,2023-10-25,33,84.6,0.502,Live,,0
WSP-E6C38FCCB7,deactivated,Deadlift,Barbell Deadlift,12 months (300-450d),93.33,70.0,10.0,2024-10-14,388,,,Unavailable,27.3,
WSP-E6C38FCCB7,deactivated,Deadlift,Barbell Deadlift,6 months (120-240d),80.0,60.0,10.0,2024-05-13,234,86.5,0.925,Live,9.1,0
WSP-E6C38FCCB7,deactivated,Deadlift,Barbell Deadlift,Baseline (0-60d),73.33,55.0,10.0,2023-10-27,35,84.6,0.867,Live,,0
WSP-E6C38FCCB7,deactivated,Nexus Point Squat,Nexus Point Squat,12 months (300-450d),53.33,40.0,10.0,2024-10-11,385,,,Unavailable,-6.4,
WSP-E6C38FCCB7,deactivated,Nexus Point Squat,Nexus Point Squat,6 months (120-240d),53.83,42.5,8.0,2024-02-05,136,86.5,0.622,Live,-5.6,0
WSP-E6C38FCCB7,deactivated,Nexus Point Squat,Barbell Back Squat,Baseline (0-60d),57.0,45.0,8.0,2023-10-30,38,84.6,0.674,Live,,0
WSP-E6C38FCCB7,deactivated,Overhead Press,Barbell Overhead Press,6 months (120-240d),25.33,20.0,8.0,2024-05-01,222,86.5,0.293,Live,,
WSP-6EE81465BB,deactivated,Bench Press,Barbell Bench Press,6 months (120-240d),47.5,37.5,8.0,2024-05-29,225,,,Unavailable,11.9,
WSP-6EE81465BB,deactivated,Bench Press,Barbell Bench Press,Baseline (0-60d),42.43,33.5,8.0,2023-11-01,15,101.4,0.418,Live,,0
WSP-6EE81465BB,deactivated,Deadlift,Barbell Deadlift,6 months (120-240d),93.33,70.0,10.0,2024-05-20,216,,,Unavailable,19.7,
WSP-6EE81465BB,deactivated,Deadlift,Barbell Deadlift,Baseline (0-60d),78.0,65.0,6.0,2023-10-20,3,100.6,0.775,Live,,0
WSP-6EE81465BB,deactivated,Farmer Walk 60s,Farmer Walk,6 months (120-240d),20.0,20.0,,2024-05-28,224,,,Unavailable,,
WSP-6EE81465BB,deactivated,Nexus Point Squat,Nexus Point Squat,6 months (120-240d),57.0,45.0,8.0,2024-03-18,153,,,Unavailable,-10.0,
WSP-6EE81465BB,deactivated,Nexus Point Squat,Barbell Back Squat,Baseline (0-60d),63.33,50.0,8.0,2023-11-06,20,101.4,0.625,Live,,0
WSP-6EE81465BB,deactivated,Overhead Press,Barbell Overhead Press,6 months (120-240d),26.0,20.0,9.0,2024-05-01,197,,,Unavailable,,
WSP-6EE81465BB,deactivated,Romanian Deadlift,Barbell Romanian Deadlift,Baseline (0-60d),63.33,50.0,8.0,2023-11-20,34,101.6,0.623,Live,,0
WSP-F8E778D44B,active,Bench Press,Barbell Bench Press,12 months (300-450d),46.67,35.0,10.0,2024-10-02,331,,,Unavailable,5.3,
WSP-F8E778D44B,active,Bench Press,Barbell Bench Press,24 months (600-900d),49.0,35.0,12.0,2025-07-02,604,,,Unavailable,10.5,
WSP-F8E778D44B,active,Bench Press,Barbell Bench Press,6 months (120-240d),46.67,35.0,10.0,2024-05-01,177,,,Unavailable,5.3,
WSP-F8E778D44B,active,Bench Press,Barbell Bench Press,Baseline (0-60d),44.33,35.0,8.0,2023-12-20,44,,,Unavailable,,
WSP-F8E778D44B,active,Bench Press,Barbell Bench Press,Beyond 24 months (901d+),42.0,35.0,6.0,2026-05-27,933,,,Unavailable,-5.3,
WSP-F8E778D44B,active,Deadlift,Barbell Deadlift,12 months (300-450d),96.33,85.0,4.0,2024-09-16,315,,,Unavailable,-87.0,
WSP-F8E778D44B,active,Deadlift,Barbell Deadlift,24 months (600-900d),93.0,90.0,1.0,2025-09-26,690,,,Unavailable,-87.5,
WSP-F8E778D44B,active,Deadlift,Barbell Deadlift,6 months (120-240d),107.67,85.0,8.0,2024-04-29,175,,,Unavailable,-85.5,
WSP-F8E778D44B,active,Deadlift,Barbell Deadlift,Baseline (0-60d),741.2,654.0,4.0,2023-11-24,18,,,Unavailable,,
WSP-F8E778D44B,active,Deadlift,Barbell Deadlift,Beyond 24 months (901d+),84.0,70.0,6.0,2026-06-01,938,,,Unavailable,-88.7,
WSP-F8E778D44B,active,Farmer Walk 60s,Farmer Walk,24 months (600-900d),20.0,20.0,1.0,2025-07-04,606,,,Unavailable,,
WSP-F8E778D44B,active,Farmer Walk 60s,Farmer Walk,Beyond 24 months (901d+),20.0,20.0,,2026-06-22,959,,,Unavailable,,
WSP-F8E778D44B,active,Lat Pulldown,Underhand Grip Lat Pulldown,Beyond 24 months (901d+),105.0,75.0,12.0,2026-07-06,973,,,Unavailable,,
WSP-F8E778D44B,active,Nexus Point Squat,Barbell Front Squat,24 months (600-900d),11.4,9.0,8.0,2025-11-03,728,,,Unavailable,,
WSP-F8E778D44B,active,Nexus Point Squat,Nexus Point Squat,6 months (120-240d),11.4,9.0,8.0,2024-06-14,221,,,Unavailable,,
WSP-F8E778D44B,active,Overhead Press,Barbell Overhead Press,24 months (600-900d),28.42,27.5,1.0,2026-03-25,870,,,Unavailable,,
WSP-F8E778D44B,active,Overhead Press,Barbell Overhead Press,6 months (120-240d),31.67,25.0,8.0,2024-05-29,205,,,Unavailable,,
WSP-F8E778D44B,active,Romanian Deadlift,Barbell Romanian Deadlift,12 months (300-450d),66.67,50.0,10.0,2025-01-24,445,,,Unavailable,-12.3,
WSP-F8E778D44B,active,Romanian Deadlift,Barbell Romanian Deadlift,24 months (600-900d),105.0,90.0,5.0,2026-03-16,861,,,Unavailable,38.2,
WSP-F8E778D44B,active,Romanian Deadlift,Barbell Romanian Deadlift,Baseline (0-60d),76.0,60.0,8.0,2023-11-27,21,,,Unavailable,,
WSP-F8E778D44B,active,Romanian Deadlift,Barbell Romanian Deadlift,Beyond 24 months (901d+),103.33,100.0,1.0,2026-06-26,963,,,Unavailable,36.0,
WSP-793DCC26EF,deactivated,Bench Press,Barbell Bench Press,12 months (300-450d),45.5,32.5,12.0,2024-10-09,394,,,Unavailable,19.7,
WSP-793DCC26EF,deactivated,Bench Press,Barbell Bench Press,24 months (600-900d),46.67,35.0,10.0,2025-08-06,695,,,Unavailable,22.8,
WSP-793DCC26EF,deactivated,Bench Press,Barbell Bench Press,6 months (120-240d),38.4,36.0,2.0,2024-03-20,191,49.0,0.784,Long,1.1,0
WSP-793DCC26EF,deactivated,Bench Press,Barbell Bench Press,Baseline (0-60d),38.0,28.5,10.0,2023-11-01,51,46.5,0.817,Long,,0
WSP-793DCC26EF,deactivated,Deadlift,Barbell Deadlift,12 months (300-450d),108.5,105.0,1.0,2024-09-23,378,,,Unavailable,57.2,
WSP-793DCC26EF,deactivated,Deadlift,Barbell Deadlift,24 months (600-900d),99.0,82.5,6.0,2025-09-19,739,,,Unavailable,43.5,
WSP-793DCC26EF,deactivated,Deadlift,Barbell Deadlift,6 months (120-240d),93.33,70.0,10.0,2024-04-01,203,49.0,1.905,Long,35.3,0
WSP-793DCC26EF,deactivated,Deadlift,Barbell Deadlift,Baseline (0-60d),69.0,57.5,6.0,2023-11-03,53,46.5,1.484,Long,,0
WSP-793DCC26EF,deactivated,Farmer Walk 60s,Farmer Walk,24 months (600-900d),22.5,22.5,30.0,2025-12-03,814,,,Unavailable,,
WSP-793DCC26EF,deactivated,Lat Pulldown,Underhand Grip Lat Pulldown,24 months (600-900d),76.67,57.5,10.0,2025-05-14,611,,,Unavailable,,
WSP-793DCC26EF,deactivated,Nexus Point Squat,Nexus Point Squat,12 months (300-450d),72.33,70.0,1.0,2024-09-27,382,,,Unavailable,20.6,
WSP-793DCC26EF,deactivated,Nexus Point Squat,Nexus Point Squat,24 months (600-900d),67.77,53.5,8.0,2025-09-15,735,,,Unavailable,12.9,
WSP-793DCC26EF,deactivated,Nexus Point Squat,Nexus Point Squat,6 months (120-240d),62.0,60.0,1.0,2024-03-30,201,49.0,1.265,Long,3.3,0
WSP-793DCC26EF,deactivated,Nexus Point Squat,Barbell Back Squat,Baseline (0-60d),60.0,45.0,10.0,2023-10-02,21,46.5,1.29,Long,,0
WSP-793DCC26EF,deactivated,Nexus Point Squat,Barbell Front Squat,Beyond 24 months (901d+),47.5,37.5,8.0,2026-03-06,907,,,Unavailable,-20.8,
WSP-793DCC26EF,deactivated,Overhead Press,Barbell Overhead Press,24 months (600-900d),27.0,22.5,6.0,2025-06-04,632,,,Unavailable,35.0,
WSP-793DCC26EF,deactivated,Overhead Press,Barbell Overhead Press,6 months (120-240d),21.58,17.5,7.0,2024-05-08,240,49.5,0.436,Live,7.9,0
WSP-793DCC26EF,deactivated,Overhead Press,Barbell Overhead Press,Baseline (0-60d),20.0,15.0,10.0,2023-09-11,0,46.1,0.434,Live,,0
WSP-793DCC26EF,deactivated,Overhead Press,Barbell Overhead Press,Beyond 24 months (901d+),28.5,22.5,8.0,2026-03-11,912,,,Unavailable,42.5,
WSP-793DCC26EF,deactivated,Romanian Deadlift,Barbell Romanian Deadlift,24 months (600-900d),100.75,97.5,1.0,2025-06-27,655,,,Unavailable,165.1,
WSP-793DCC26EF,deactivated,Romanian Deadlift,Barbell Romanian Deadlift,6 months (120-240d),56.0,40.0,12.0,2024-04-01,203,49.0,1.143,Live,47.4,0
WSP-793DCC26EF,deactivated,Romanian Deadlift,Barbell Romanian Deadlift,Baseline (0-60d),38.0,30.0,8.0,2023-11-06,56,46.5,0.817,Live,,0
WSP-793DCC26EF,deactivated,Romanian Deadlift,Barbell Romanian Deadlift,Beyond 24 months (901d+),95.0,75.0,8.0,2026-03-09,910,,,Unavailable,150.0,
WSP-793DCC26EF,deactivated,Split Squat,Barbell Split Squat,24 months (600-900d),38.0,30.0,8.0,2025-05-26,623,,,Unavailable,,
WSP-EE6F308504,deactivated,Bench Press,Barbell Bench Press,12 months (300-450d),39.0,32.5,6.0,2024-07-24,317,,,Unavailable,17.0,
WSP-EE6F308504,deactivated,Bench Press,Barbell Bench Press,6 months (120-240d),38.75,37.5,1.0,2024-03-27,198,,,Unavailable,16.3,
WSP-EE6F308504,deactivated,Bench Press,Barbell Bench Press,Baseline (0-60d),33.33,25.0,10.0,2023-09-13,2,68.0,0.49,Live,,0
WSP-EE6F308504,deactivated,Deadlift,Barbell Deadlift,12 months (300-450d),72.0,60.0,6.0,2024-08-19,343,,,Unavailable,3.3,
WSP-EE6F308504,deactivated,Deadlift,Barbell Deadlift,6 months (120-240d),77.5,75.0,1.0,2024-03-29,200,,,Unavailable,11.2,
WSP-EE6F308504,deactivated,Deadlift,Barbell Deadlift,Baseline (0-60d),69.67,55.0,8.0,2023-10-13,32,68.0,1.025,Live,,0
WSP-EE6F308504,deactivated,Nexus Point Squat,Nexus Point Squat,12 months (300-450d),38.0,30.0,8.0,2024-08-09,333,,,Unavailable,-20.0,
WSP-EE6F308504,deactivated,Nexus Point Squat,Nexus Point Squat,6 months (120-240d),45.33,40.0,4.0,2024-04-12,214,,,Unavailable,-4.6,
WSP-EE6F308504,deactivated,Nexus Point Squat,Barbell Back Squat,Baseline (0-60d),47.5,37.5,8.0,2023-10-30,49,,,Unavailable,,
WSP-EE6F308504,deactivated,Overhead Press,Barbell Overhead Press,6 months (120-240d),20.0,15.0,10.0,2024-05-01,233,,,Unavailable,0.0,
WSP-EE6F308504,deactivated,Overhead Press,Barbell Overhead Press,Baseline (0-60d),20.0,15.0,10.0,2023-09-11,0,68.0,0.294,Live,,0
WSP-EE6F308504,deactivated,Split Squat,Barbell Split Squat,6 months (120-240d),20.0,15.0,10.0,2024-01-15,126,,,Unavailable,,
WSP-A51366448E,deactivated,Bench Press,Barbell Bench Press,12 months (300-450d),46.67,35.0,10.0,2024-11-20,422,,,Unavailable,16.4,
WSP-A51366448E,deactivated,Bench Press,Barbell Bench Press,6 months (120-240d),40.0,30.0,10.0,2024-05-08,226,,,Unavailable,-0.2,
WSP-A51366448E,deactivated,Bench Press,Barbell Bench Press,Baseline (0-60d),40.08,32.5,7.0,2023-11-08,44,,,Unavailable,,
WSP-A51366448E,deactivated,Deadlift,Barbell Deadlift,12 months (300-450d),74.0,60.0,7.0,2024-07-22,301,,,Unavailable,23.3,
WSP-A51366448E,deactivated,Deadlift,Barbell Deadlift,6 months (120-240d),77.5,75.0,1.0,2024-03-30,187,,,Unavailable,29.2,
WSP-A51366448E,deactivated,Deadlift,Barbell Deadlift,Baseline (0-60d),60.0,50.0,6.0,2023-10-13,18,60.0,1.0,Live,,0
WSP-A51366448E,deactivated,Farmer Walk 60s,Farmer Walk,12 months (300-450d),15.0,15.0,,2024-09-10,351,,,Unavailable,50.0,
WSP-A51366448E,deactivated,Farmer Walk 60s,Farmer Walk,Baseline (0-60d),10.0,10.0,,2023-10-17,22,60.0,0.167,Below Live,,0
WSP-A51366448E,deactivated,Nexus Point Squat,Nexus Point Squat,12 months (300-450d),50.67,40.0,8.0,2024-12-13,445,,,Unavailable,12.6,
WSP-A51366448E,deactivated,Nexus Point Squat,Nexus Point Squat,6 months (120-240d),46.67,35.0,10.0,2024-05-17,235,,,Unavailable,3.7,
WSP-A51366448E,deactivated,Nexus Point Squat,Barbell Back Squat,Baseline (0-60d),45.0,37.5,6.0,2023-11-13,49,,,Unavailable,,
WSP-A51366448E,deactivated,Overhead Press,Barbell Overhead Press,6 months (120-240d),20.27,16.0,8.0,2024-05-22,240,,,Unavailable,1.3,
WSP-A51366448E,deactivated,Overhead Press,Barbell Overhead Press,Baseline (0-60d),20.0,15.0,10.0,2023-09-25,0,60.0,0.333,Live,,0
WSP-A51366448E,deactivated,Romanian Deadlift,Barbell Romanian Deadlift,Baseline (0-60d),44.33,35.0,8.0,2023-11-13,49,,,Unavailable,,
WSP-0D8377D20F,deactivated,Bench Press,Barbell Bench Press,6 months (120-240d),36.83,32.5,4.0,2024-03-06,177,,,Unavailable,-12.3,
WSP-0D8377D20F,deactivated,Bench Press,Barbell Bench Press,Baseline (0-60d),42.0,30.0,12.0,2023-09-27,16,72.0,0.583,Live,,0
WSP-0D8377D20F,deactivated,Deadlift,Barbell Deadlift,6 months (120-240d),79.33,70.0,4.0,2024-03-01,172,,,Unavailable,-11.9,
WSP-0D8377D20F,deactivated,Deadlift,Barbell Deadlift,Baseline (0-60d),90.0,75.0,6.0,2023-10-27,46,,,Unavailable,,
WSP-0D8377D20F,deactivated,Farmer Walk 60s,Farmer Walk,Baseline (0-60d),15.0,15.0,1.0,2023-10-24,43,72.0,0.208,Below Live,,0
WSP-0D8377D20F,deactivated,Nexus Point Squat,Nexus Point Squat,6 months (120-240d),45.5,32.5,12.0,2024-04-05,207,,,Unavailable,-15.5,
WSP-0D8377D20F,deactivated,Nexus Point Squat,Barbell Back Squat,Baseline (0-60d),53.83,42.5,8.0,2023-10-30,49,,,Unavailable,,
WSP-0D8377D20F,deactivated,Overhead Press,Barbell Overhead Press,6 months (120-240d),25.33,20.0,8.0,2024-05-01,233,,,Unavailable,8.6,
WSP-0D8377D20F,deactivated,Overhead Press,Barbell Overhead Press,Baseline (0-60d),23.33,17.5,10.0,2023-09-18,7,72.0,0.324,Live,,0
WSP-0D8377D20F,deactivated,Split Squat,Barbell Split Squat,6 months (120-240d),20.0,15.0,10.0,2024-01-15,126,,,Unavailable,,
WSP-126D7BFCF6,deactivated,Bench Press,Barbell Bench Press,12 months (300-450d),32.4,27.0,6.0,2024-08-21,310,,,Unavailable,-0.8,
WSP-126D7BFCF6,deactivated,Bench Press,Barbell Bench Press,6 months (120-240d),26.67,20.0,10.0,2024-02-21,128,111.07,0.24,Below Live,-18.4,
WSP-126D7BFCF6,deactivated,Bench Press,Barbell Bench Press,Baseline (0-60d),32.67,24.5,10.0,2023-11-01,16,,,Unavailable,,
WSP-126D7BFCF6,deactivated,Deadlift,Barbell Deadlift,6 months (120-240d),22.67,20.0,4.0,2024-02-23,130,,,Unavailable,,
WSP-126D7BFCF6,deactivated,Overhead Press,Barbell Overhead Press,6 months (120-240d),15.2,12.0,8.0,2024-06-05,233,,,Unavailable,,
WSP-126D7BFCF6,deactivated,Romanian Deadlift,Barbell Romanian Deadlift,Baseline (0-60d),18.0,15.0,6.0,2023-11-06,21,,,Unavailable,,
WSP-3147A61873,deactivated,Bench Press,Barbell Bench Press,12 months (300-450d),38.0,30.0,8.0,2024-11-13,429,,,Unavailable,0.0,
WSP-3147A61873,deactivated,Bench Press,Barbell Bench Press,6 months (120-240d),46.75,42.5,3.0,2024-03-20,191,,,Unavailable,23.0,
WSP-3147A61873,deactivated,Bench Press,Barbell Bench Press,Baseline (0-60d),38.0,30.0,8.0,2023-11-08,58,,,Unavailable,,
WSP-3147A61873,deactivated,Deadlift,Barbell Deadlift,12 months (300-450d),84.0,70.0,6.0,2024-09-02,357,,,Unavailable,23.8,
WSP-3147A61873,deactivated,Deadlift,Barbell Deadlift,6 months (120-240d),106.67,100.0,2.0,2024-03-30,201,,,Unavailable,57.2,
WSP-3147A61873,deactivated,Deadlift,Barbell Deadlift,Baseline (0-60d),67.83,55.0,7.0,2023-11-10,60,,,Unavailable,,
WSP-3147A61873,deactivated,Nexus Point Squat,Nexus Point Squat,12 months (300-450d),54.0,45.0,6.0,2024-09-06,361,,,Unavailable,,
WSP-3147A61873,deactivated,Nexus Point Squat,Nexus Point Squat,6 months (120-240d),52.5,45.0,5.0,2024-03-18,189,,,Unavailable,,
WSP-3147A61873,deactivated,Overhead Press,Barbell Overhead Press,6 months (120-240d),20.0,15.0,10.0,2024-05-01,233,,,Unavailable,-4.8,
WSP-3147A61873,deactivated,Overhead Press,Barbell Overhead Press,Baseline (0-60d),21.0,15.0,12.0,2023-09-11,0,65.0,0.323,Live,,0
WSP-DB04841EAF,deactivated,Bench Press,Barbell Bench Press,12 months (300-450d),19.57,15.45,8.0,2024-08-21,342,78.18,0.25,Live,16.3,1
WSP-DB04841EAF,deactivated,Bench Press,Barbell Bench Press,6 months (120-240d),23.49,22.73,1.0,2024-03-30,198,82.36,0.285,Live,39.6,1
WSP-DB04841EAF,deactivated,Bench Press,Barbell Bench Press,Baseline (0-60d),16.82,13.64,7.0,2023-11-08,55,91.36,0.184,Below Live,,0
WSP-DB04841EAF,deactivated,Deadlift,Barbell Deadlift,12 months (300-450d),34.54,27.27,8.0,2024-07-29,319,78.18,0.442,Below Live,33.3,0
WSP-DB04841EAF,deactivated,Deadlift,Barbell Deadlift,6 months (120-240d),43.18,34.09,8.0,2024-05-06,235,80.32,0.538,Live,66.7,1
WSP-DB04841EAF,deactivated,Deadlift,Barbell Deadlift,Baseline (0-60d),25.9,20.45,8.0,2023-11-10,57,91.36,0.284,Below Live,,0
WSP-DB04841EAF,deactivated,Farmer Walk 60s,Farmer Walk,Baseline (0-60d),13.64,13.64,6.0,2023-10-10,26,93.18,0.146,Below Live,,0
WSP-DB04841EAF,deactivated,Nexus Point Squat,Nexus Point Squat,6 months (120-240d),17.82,12.73,12.0,2024-01-15,123,86.36,0.206,Below Live,17.7,0
WSP-DB04841EAF,deactivated,Nexus Point Squat,Barbell Back Squat,Baseline (0-60d),15.15,11.36,10.0,2023-10-30,46,91.82,0.165,Below Live,,0
WSP-DB04841EAF,deactivated,Overhead Press,Barbell Overhead Press,6 months (120-240d),12.12,9.09,10.0,2024-05-01,230,80.45,0.151,Below Live,,
WSP-DB04841EAF,deactivated,Romanian Deadlift,Barbell Romanian Deadlift,Baseline (0-60d),14.39,11.36,8.0,2023-11-13,60,91.36,0.158,Below Live,,0
WSP-DB04841EAF,deactivated,Split Squat,Barbell Split Squat,6 months (120-240d),12.42,9.09,11.0,2024-01-15,123,86.36,0.144,Unavailable,,
WSP-8DEF3EDD80,deactivated,Bench Press,Barbell Bench Press,6 months (120-240d),41.33,40.0,1.0,2024-03-30,187,,,Unavailable,3.1,
WSP-8DEF3EDD80,deactivated,Bench Press,Barbell Bench Press,Baseline (0-60d),40.08,32.5,7.0,2023-11-15,51,,,Unavailable,,
WSP-8DEF3EDD80,deactivated,Deadlift,Barbell Deadlift,6 months (120-240d),48.0,40.0,6.0,2024-03-22,179,,,Unavailable,-24.2,
WSP-8DEF3EDD80,deactivated,Deadlift,Barbell Deadlift,Baseline (0-60d),63.33,50.0,8.0,2023-11-03,39,82.0,0.772,Live,,0
WSP-8DEF3EDD80,deactivated,Farmer Walk 60s,Farmer Walk,Baseline (0-60d),15.0,15.0,,2023-10-31,36,82.0,0.183,Below Live,,0
WSP-8DEF3EDD80,deactivated,Nexus Point Squat,Nexus Point Squat,6 months (120-240d),56.83,55.0,1.0,2024-03-25,182,,,Unavailable,170.6,
WSP-8DEF3EDD80,deactivated,Nexus Point Squat,Barbell Back Squat,Baseline (0-60d),21.0,17.5,6.0,2023-11-20,56,,,Unavailable,,
WSP-8DEF3EDD80,deactivated,Overhead Press,Barbell Overhead Press,Baseline (0-60d),14.0,10.0,12.0,2023-09-25,0,82.0,0.171,Below Live,,0
WSP-8DEF3EDD80,deactivated,Romanian Deadlift,Barbell Romanian Deadlift,Baseline (0-60d),54.0,45.0,6.0,2023-11-13,49,,,Unavailable,,
WSP-238D187D11,deactivated,Bench Press,Barbell Bench Press,12 months (300-450d),32.93,26.0,8.0,2024-12-18,450,,,Unavailable,56.8,
WSP-238D187D11,deactivated,Bench Press,Barbell Bench Press,Baseline (0-60d),21.0,15.0,12.0,2023-10-11,16,87.0,0.241,Below Live,,0
WSP-238D187D11,deactivated,Deadlift,Barbell Deadlift,12 months (300-450d),41.17,32.5,8.0,2024-12-16,448,,,Unavailable,441.7,
WSP-238D187D11,deactivated,Deadlift,Barbell Deadlift,Baseline (0-60d),7.6,6.0,8.0,2023-10-06,11,87.0,0.087,Below Live,,0
WSP-238D187D11,deactivated,Nexus Point Squat,Nexus Point Squat,12 months (300-450d),20.0,15.0,10.0,2024-11-01,403,,,Unavailable,,
WSP-238D187D11,deactivated,Overhead Press,Barbell Overhead Press,Baseline (0-60d),7.0,5.0,12.0,2023-09-25,0,87.0,0.08,Below Live,,0
WSP-E3A5A761C3,active,Bench Press,Barbell Bench Press,12 months (300-450d),28.5,22.5,8.0,2024-10-30,401,75.0,0.38,Live,1.8,0
WSP-E3A5A761C3,active,Bench Press,Barbell Bench Press,24 months (600-900d),31.33,23.5,10.0,2025-11-05,772,61.8,0.507,Live,11.9,0
WSP-E3A5A761C3,active,Bench Press,Barbell Bench Press,6 months (120-240d),28.5,22.5,8.0,2024-02-14,142,82.0,0.348,Live,1.8,0
WSP-E3A5A761C3,active,Bench Press,Barbell Bench Press,Baseline (0-60d),28.0,20.0,12.0,2023-10-04,9,92.0,0.304,Live,,0
WSP-E3A5A761C3,active,Bench Press,Barbell Bench Press,Beyond 24 months (901d+),31.67,25.0,8.0,2026-04-01,919,62.5,0.507,Live,13.1,0
WSP-E3A5A761C3,active,Deadlift,Barbell Deadlift,12 months (300-450d),80.0,75.0,2.0,2024-09-09,350,74.2,1.078,Live,52.4,0
WSP-E3A5A761C3,active,Deadlift,Barbell Deadlift,24 months (600-900d),82.67,80.0,1.0,2025-09-26,732,61.8,1.338,Long,57.5,1
WSP-E3A5A761C3,active,Deadlift,Barbell Deadlift,6 months (120-240d),66.67,50.0,10.0,2024-05-20,238,76.0,0.877,Live,27.0,0
WSP-E3A5A761C3,active,Deadlift,Barbell Deadlift,Baseline (0-60d),52.5,45.0,5.0,2023-11-10,46,89.7,0.585,Live,,0
WSP-E3A5A761C3,active,Deadlift,Barbell Deadlift,Beyond 24 months (901d+),85.25,82.5,1.0,2026-06-22,1001,62.5,1.364,Long,62.4,1
WSP-E3A5A761C3,active,Farmer Walk 60s,Farmer Walk,24 months (600-900d),22.5,22.5,1.0,2025-09-24,730,61.8,0.364,Below Live,125.0,0
WSP-E3A5A761C3,active,Farmer Walk 60s,Farmer Walk,Baseline (0-60d),10.0,10.0,,2023-10-24,29,91.0,0.11,Below Live,,0
WSP-E3A5A761C3,active,Farmer Walk 60s,Farmer Walk,Beyond 24 months (901d+),25.0,25.0,1.0,2026-03-23,910,,,Unavailable,150.0,
WSP-E3A5A761C3,active,Nexus Point Squat,Nexus Point Squat,12 months (300-450d),15.0,12.5,6.0,2024-09-06,347,74.2,0.202,Below Live,-70.4,-1
WSP-E3A5A761C3,active,Nexus Point Squat,Barbell Front Squat,24 months (600-900d),31.67,25.0,8.0,2025-11-24,791,61.8,0.512,Live,-37.5,0
WSP-E3A5A761C3,active,Nexus Point Squat,Nexus Point Squat,6 months (120-240d),42.0,35.0,6.0,2024-03-11,168,77.8,0.54,Live,-17.1,0
WSP-E3A5A761C3,active,Nexus Point Squat,Barbell Back Squat,Baseline (0-60d),50.67,40.0,8.0,2023-11-20,56,88.0,0.576,Live,,0
WSP-E3A5A761C3,active,Nexus Point Squat,Barbell Front Squat,Beyond 24 months (901d+),36.0,30.0,6.0,2026-03-20,907,,,Unavailable,-28.9,
WSP-E3A5A761C3,active,Overhead Press,Barbell Overhead Press,24 months (600-900d),21.0,17.5,6.0,2026-03-04,891,,,Unavailable,50.0,
WSP-E3A5A761C3,active,Overhead Press,Barbell Overhead Press,6 months (120-240d),19.0,15.0,8.0,2024-05-22,240,76.0,0.25,Live,35.7,1
WSP-E3A5A761C3,active,Overhead Press,Barbell Overhead Press,Baseline (0-60d),14.0,10.0,12.0,2023-09-25,0,93.0,0.151,Below Live,,0
WSP-E3A5A761C3,active,Overhead Press,Barbell Overhead Press,Beyond 24 months (901d+),25.83,25.0,1.0,2026-03-25,912,,,Unavailable,84.5,
WSP-E3A5A761C3,active,Romanian Deadlift,Barbell Romanian Deadlift,24 months (600-900d),76.0,60.0,8.0,2026-02-16,875,,,Unavailable,58.3,
WSP-E3A5A761C3,active,Romanian Deadlift,Barbell Romanian Deadlift,Baseline (0-60d),48.0,40.0,6.0,2023-11-20,56,88.0,0.545,Below Live,,0
WSP-E3A5A761C3,active,Romanian Deadlift,Barbell Romanian Deadlift,Beyond 24 months (901d+),85.5,67.5,8.0,2026-05-15,963,62.5,1.368,Long,78.1,2
WSP-E3A5A761C3,active,Split Squat,Barbell Split Squat,24 months (600-900d),8.4,6.0,12.0,2025-10-20,756,61.8,0.136,Unavailable,,
WSP-E3A5A761C3,active,Split Squat,Barbell Split Squat,Beyond 24 months (901d+),5.33,4.0,10.0,2026-07-20,1029,,,Unavailable,,
WSP-C1751DA190,deactivated,Bench Press,Barbell Bench Press,12 months (300-450d),36.67,27.5,10.0,2024-10-02,351,,,Unavailable,44.7,
WSP-C1751DA190,deactivated,Bench Press,Barbell Bench Press,24 months (600-900d),38.0,30.0,8.0,2025-09-03,687,,,Unavailable,50.0,
WSP-C1751DA190,deactivated,Bench Press,Barbell Bench Press,6 months (120-240d),34.83,27.5,8.0,2024-02-14,120,90.4,0.385,Live,37.5,0
WSP-C1751DA190,deactivated,Bench Press,Barbell Bench Press,Baseline (0-60d),25.33,20.0,8.0,2023-11-22,36,94.1,0.269,Live,,0
WSP-C1751DA190,deactivated,Deadlift,Barbell Deadlift,12 months (300-450d),113.67,110.0,1.0,2024-09-23,342,81.8,1.39,Long,89.4,1
WSP-C1751DA190,deactivated,Deadlift,Barbell Deadlift,24 months (600-900d),118.83,115.0,1.0,2025-09-26,710,,,Unavailable,98.1,
WSP-C1751DA190,deactivated,Deadlift,Barbell Deadlift,6 months (120-240d),95.0,75.0,8.0,2024-06-10,237,85.3,1.114,Live,58.3,0
WSP-C1751DA190,deactivated,Deadlift,Barbell Deadlift,Baseline (0-60d),60.0,50.0,6.0,2023-11-17,31,94.1,0.638,Live,,0
WSP-C1751DA190,deactivated,Farmer Walk 60s,Farmer Walk,12 months (300-450d),20.0,20.0,,2024-08-27,315,81.8,0.244,Below Live,100.0,0
WSP-C1751DA190,deactivated,Farmer Walk 60s,Farmer Walk,24 months (600-900d),25.0,25.0,1.0,2025-06-27,619,,,Unavailable,150.0,
WSP-C1751DA190,deactivated,Farmer Walk 60s,Farmer Walk,6 months (120-240d),15.0,15.0,,2024-05-28,224,85.3,0.176,Below Live,50.0,0
WSP-C1751DA190,deactivated,Farmer Walk 60s,Farmer Walk,Baseline (0-60d),10.0,10.0,,2023-10-24,7,94.1,0.106,Below Live,,0
WSP-C1751DA190,deactivated,Lat Pulldown,Underhand Grip Lat Pulldown,24 months (600-900d),84.0,60.0,12.0,2025-07-07,629,,,Unavailable,,
WSP-C1751DA190,deactivated,Nexus Point Squat,Nexus Point Squat,12 months (300-450d),55.42,47.5,5.0,2024-09-20,339,81.8,0.677,Live,9.4,0
WSP-C1751DA190,deactivated,Nexus Point Squat,Nexus Point Squat,24 months (600-900d),56.83,55.0,1.0,2025-09-22,706,,,Unavailable,12.2,
WSP-C1751DA190,deactivated,Nexus Point Squat,Nexus Point Squat,6 months (120-240d),50.67,40.0,8.0,2024-03-11,146,89.5,0.566,Live,0.0,0
WSP-C1751DA190,deactivated,Nexus Point Squat,Barbell Back Squat,Baseline (0-60d),50.67,40.0,8.0,2023-11-20,34,94.1,0.538,Live,,0
WSP-C1751DA190,deactivated,Overhead Press,Barbell Overhead Press,24 months (600-900d),22.2,18.5,6.0,2025-06-18,610,,,Unavailable,,
WSP-C1751DA190,deactivated,Overhead Press,Barbell Overhead Press,6 months (120-240d),22.17,17.5,8.0,2024-06-05,232,85.3,0.26,Live,,
WSP-C1751DA190,deactivated,Romanian Deadlift,Barbell Romanian Deadlift,24 months (600-900d),93.33,70.0,10.0,2026-02-09,846,,,Unavailable,84.2,
WSP-C1751DA190,deactivated,Romanian Deadlift,Barbell Romanian Deadlift,Baseline (0-60d),50.67,40.0,8.0,2023-11-20,34,94.1,0.538,Below Live,,0
WSP-4A1776AEC7,deactivated,Bench Press,Barbell Bench Press,Baseline (0-60d),46.67,35.0,10.0,2023-11-01,15,96.0,0.486,Live,,0
WSP-4A1776AEC7,deactivated,Deadlift,Barbell Deadlift,6 months (120-240d),44.33,35.0,8.0,2024-05-27,223,,,Unavailable,0.0,
WSP-4A1776AEC7,deactivated,Deadlift,Barbell Deadlift,Baseline (0-60d),44.33,35.0,8.0,2023-11-17,31,96.0,0.462,Below Live,,0
WSP-4A1776AEC7,deactivated,Nexus Point Squat,Barbell Back Squat,Baseline (0-60d),40.0,30.0,10.0,2023-10-30,13,96.0,0.417,Below Live,,0
WSP-4A1776AEC7,deactivated,Romanian Deadlift,Barbell Romanian Deadlift,Baseline (0-60d),55.2,46.0,6.0,2023-11-13,27,96.0,0.575,Below Live,,0
WSP-0BEEB934D8,deactivated,Bench Press,Barbell Bench Press,Baseline (0-60d),25.33,20.0,8.0,2023-11-15,26,88.5,0.286,Live,,0
WSP-0BEEB934D8,deactivated,Deadlift,Barbell Deadlift,Baseline (0-60d),25.33,20.0,8.0,2023-11-24,35,88.1,0.288,Below Live,,0
WSP-0BEEB934D8,deactivated,Romanian Deadlift,Barbell Romanian Deadlift,Baseline (0-60d),7.0,6.0,5.0,2023-10-20,0,89.5,0.078,Below Live,,0
WSP-C9A3080F47,deactivated,Bench Press,Barbell Bench Press,6 months (120-240d),25.33,20.0,8.0,2024-03-06,134,,,Unavailable,11.0,
WSP-C9A3080F47,deactivated,Bench Press,Barbell Bench Press,Baseline (0-60d),22.82,18.5,7.0,2023-12-20,57,,,Unavailable,,
WSP-C9A3080F47,deactivated,Deadlift,Barbell Deadlift,6 months (120-240d),49.0,35.0,12.0,2024-04-22,181,,,Unavailable,,
WSP-C9A3080F47,deactivated,Nexus Point Squat,Nexus Point Squat,6 months (120-240d),50.67,40.0,8.0,2024-02-26,125,,,Unavailable,23.1,
WSP-C9A3080F47,deactivated,Nexus Point Squat,Nexus Point Squat,Baseline (0-60d),41.17,32.5,8.0,2023-12-11,48,,,Unavailable,,
WSP-C9A3080F47,deactivated,Romanian Deadlift,Barbell Romanian Deadlift,Baseline (0-60d),34.83,27.5,8.0,2023-12-11,48,,,Unavailable,,
WSP-C43D13B011,deactivated,Bench Press,Barbell Bench Press,12 months (300-450d),43.33,32.5,10.0,2024-11-06,368,,,Unavailable,6.9,
WSP-C43D13B011,deactivated,Bench Press,Barbell Bench Press,6 months (120-240d),44.33,35.0,8.0,2024-05-01,179,99.0,0.448,Live,9.4,0
WSP-C43D13B011,deactivated,Bench Press,Barbell Bench Press,Baseline (0-60d),40.53,32.0,8.0,2023-11-29,25,94.6,0.428,Live,,0
WSP-C43D13B011,deactivated,Deadlift,Barbell Deadlift,12 months (300-450d),77.0,55.0,12.0,2024-10-21,352,,,Unavailable,10.5,
WSP-C43D13B011,deactivated,Deadlift,Barbell Deadlift,6 months (120-240d),83.33,62.5,10.0,2024-05-20,198,99.0,0.842,Live,19.6,0
WSP-C43D13B011,deactivated,Deadlift,Barbell Deadlift,Baseline (0-60d),69.67,55.0,8.0,2023-12-22,48,104.0,0.67,Live,,0
WSP-C43D13B011,deactivated,Lat Pulldown,Underhand Grip Lat Pulldown,12 months (300-450d),114.0,90.0,8.0,2024-11-25,387,,,Unavailable,,
WSP-C43D13B011,deactivated,Nexus Point Squat,Nexus Point Squat,6 months (120-240d),38.0,30.0,8.0,2024-03-18,135,98.5,0.386,Below Live,,
WSP-C43D13B011,deactivated,Overhead Press,Barbell Overhead Press,6 months (120-240d),22.17,17.5,8.0,2024-05-29,207,99.0,0.224,Live,,
WSP-C43D13B011,deactivated,Romanian Deadlift,Barbell Romanian Deadlift,Baseline (0-60d),50.67,40.0,8.0,2023-12-25,51,104.0,0.487,Below Live,,0
WSP-F2A879B1C6,deactivated,Bench Press,Barbell Bench Press,Baseline (0-60d),35.0,25.0,12.0,2024-01-10,58,,,Unavailable,,
WSP-F2A879B1C6,deactivated,Deadlift,Barbell Deadlift,Baseline (0-60d),78.0,65.0,6.0,2023-12-22,39,88.0,0.886,Live,,0
WSP-F2A879B1C6,deactivated,Nexus Point Squat,Nexus Point Squat,Baseline (0-60d),42.0,30.0,12.0,2024-01-02,50,,,Unavailable,,
WSP-F2A879B1C6,deactivated,Romanian Deadlift,Barbell Romanian Deadlift,Baseline (0-60d),50.67,40.0,8.0,2023-12-18,35,88.0,0.576,Below Live,,0
WSP-F2A879B1C6,deactivated,Split Squat,Barbell Split Squat,Baseline (0-60d),14.0,10.0,12.0,2024-01-02,50,,,Unavailable,,
WSP-F3DDD2F754,active,Bench Press,Barbell Bench Press,12 months (300-450d),48.75,37.5,9.0,2024-11-20,376,,,Unavailable,16.1,
WSP-F3DDD2F754,active,Bench Press,Barbell Bench Press,24 months (600-900d),50.05,38.5,9.0,2025-11-19,740,,,Unavailable,19.2,
WSP-F3DDD2F754,active,Bench Press,Barbell Bench Press,6 months (120-240d),47.53,46.0,1.0,2024-06-26,229,,,Unavailable,13.2,
WSP-F3DDD2F754,active,Bench Press,Barbell Bench Press,Baseline (0-60d),42.0,35.0,6.0,2023-12-20,40,52.0,0.808,Long,,0
WSP-F3DDD2F754,active,Bench Press,Barbell Bench Press,Beyond 24 months (901d+),44.4,36.0,7.0,2026-05-13,915,,,Unavailable,5.7,
WSP-F3DDD2F754,active,Deadlift,Barbell Deadlift,12 months (300-450d),80.08,77.5,1.0,2024-09-23,318,,,Unavailable,26.4,
WSP-F3DDD2F754,active,Deadlift,Barbell Deadlift,24 months (600-900d),77.5,75.0,1.0,2025-09-26,686,,,Unavailable,22.4,
WSP-F3DDD2F754,active,Deadlift,Barbell Deadlift,6 months (120-240d),67.83,55.0,7.0,2024-06-17,220,,,Unavailable,7.1,
WSP-F3DDD2F754,active,Deadlift,Barbell Deadlift,Baseline (0-60d),63.33,50.0,8.0,2023-11-24,14,52.0,1.218,Live,,0
WSP-F3DDD2F754,active,Farmer Walk 60s,Farmer Walk,24 months (600-900d),50.0,50.0,0.0,2026-02-16,829,,,Unavailable,,
WSP-F3DDD2F754,active,Nexus Point Squat,Nexus Point Squat,12 months (300-450d),50.05,38.5,9.0,2024-11-22,378,,,Unavailable,5.4,
WSP-F3DDD2F754,active,Nexus Point Squat,Barbell Back Squat,24 months (600-900d),54.25,52.5,1.0,2025-09-22,682,,,Unavailable,14.2,
WSP-F3DDD2F754,active,Nexus Point Squat,Nexus Point Squat,6 months (120-240d),50.67,40.0,8.0,2024-05-31,203,,,Unavailable,6.7,
WSP-F3DDD2F754,active,Nexus Point Squat,Barbell Back Squat,Baseline (0-60d),47.5,37.5,8.0,2023-11-27,17,52.0,0.913,Live,,0
WSP-F3DDD2F754,active,Nexus Point Squat,Nexus Point Squat,Beyond 24 months (901d+),43.4,31.0,12.0,2026-07-13,976,,,Unavailable,-8.6,
WSP-F3DDD2F754,active,Overhead Press,Barbell Overhead Press,24 months (600-900d),31.0,30.0,1.0,2026-03-20,861,,,Unavailable,,
WSP-F3DDD2F754,active,Overhead Press,Barbell Overhead Press,6 months (120-240d),24.0,20.0,6.0,2024-06-19,222,,,Unavailable,,
WSP-F3DDD2F754,active,Romanian Deadlift,Barbell Romanian Deadlift,12 months (300-450d),56.0,40.0,12.0,2025-01-17,434,,,Unavailable,16.3,
WSP-F3DDD2F754,active,Romanian Deadlift,Barbell Romanian Deadlift,24 months (600-900d),69.67,55.0,8.0,2025-09-12,672,,,Unavailable,44.7,
WSP-F3DDD2F754,active,Romanian Deadlift,Barbell Romanian Deadlift,6 months (120-240d),40.0,30.0,10.0,2024-04-15,157,,,Unavailable,-16.9,
WSP-F3DDD2F754,active,Romanian Deadlift,Barbell Romanian Deadlift,Baseline (0-60d),48.13,38.0,8.0,2023-12-25,45,52.0,0.926,Live,,0
WSP-F3DDD2F754,active,Romanian Deadlift,Barbell Romanian Deadlift,Beyond 24 months (901d+),56.67,42.5,10.0,2026-07-10,973,,,Unavailable,17.7,
WSP-F3DDD2F754,active,Split Squat,Barbell Split Squat,12 months (300-450d),10.67,8.0,10.0,2025-01-27,444,,,Unavailable,-20.0,
WSP-F3DDD2F754,active,Split Squat,Barbell Split Squat,24 months (600-900d),44.33,35.0,8.0,2025-09-15,675,,,Unavailable,232.5,
WSP-F3DDD2F754,active,Split Squat,Barbell Split Squat,Baseline (0-60d),13.33,10.0,10.0,2024-01-08,59,,,Unavailable,,
WSP-F3DDD2F754,active,Split Squat,Barbell Split Squat,Beyond 24 months (901d+),34.17,25.0,11.0,2026-07-13,976,,,Unavailable,156.2,
WSP-33FE7D8280,deactivated,Bench Press,Barbell Bench Press,6 months (120-240d),24.75,22.5,3.0,2024-06-19,217,,,Unavailable,0.3,
WSP-33FE7D8280,deactivated,Bench Press,Barbell Bench Press,Baseline (0-60d),24.67,20.0,7.0,2023-11-29,14,60.0,0.411,Live,,0
WSP-33FE7D8280,deactivated,Deadlift,Barbell Deadlift,6 months (120-240d),7.6,6.0,8.0,2024-05-27,194,,,Unavailable,-74.7,
WSP-33FE7D8280,deactivated,Deadlift,Barbell Deadlift,Baseline (0-60d),30.0,25.0,6.0,2023-12-22,37,60.0,0.5,Live,,0
WSP-33FE7D8280,deactivated,Nexus Point Squat,Nexus Point Squat,6 months (120-240d),10.67,8.0,10.0,2024-05-17,184,,,Unavailable,,
WSP-33FE7D8280,deactivated,Overhead Press,Barbell Overhead Press,6 months (120-240d),6.33,5.0,8.0,2024-06-26,224,,,Unavailable,,
WSP-1A45C09BA9,deactivated,Bench Press,Barbell Bench Press,6 months (120-240d),41.33,40.0,1.0,2024-03-30,129,,,Unavailable,12.2,
WSP-1A45C09BA9,deactivated,Bench Press,Barbell Bench Press,Baseline (0-60d),36.83,32.5,4.0,2023-12-20,28,61.0,0.604,Live,,0
WSP-1A45C09BA9,deactivated,Deadlift,Barbell Deadlift,6 months (120-240d),64.17,55.0,5.0,2024-04-15,145,,,Unavailable,18.8,
WSP-1A45C09BA9,deactivated,Deadlift,Barbell Deadlift,Baseline (0-60d),54.0,45.0,6.0,2023-11-24,2,61.0,0.885,Live,,0
WSP-1A45C09BA9,deactivated,Nexus Point Squat,Nexus Point Squat,6 months (120-240d),33.0,27.5,6.0,2024-03-25,124,,,Unavailable,-17.5,
WSP-1A45C09BA9,deactivated,Nexus Point Squat,Nexus Point Squat,Baseline (0-60d),40.0,30.0,10.0,2024-01-15,54,,,Unavailable,,
WSP-1A45C09BA9,deactivated,Overhead Press,Barbell Overhead Press,6 months (120-240d),20.0,15.0,10.0,2024-05-22,182,,,Unavailable,,
WSP-1A45C09BA9,deactivated,Romanian Deadlift,Barbell Romanian Deadlift,Baseline (0-60d),51.0,42.5,6.0,2023-12-11,19,61.0,0.836,Live,,0
WSP-1A45C09BA9,deactivated,Split Squat,Barbell Split Squat,Baseline (0-60d),26.67,20.0,10.0,2024-01-15,54,,,Unavailable,,
WSP-45C51DD4A0,deactivated,Bench Press,Barbell Bench Press,12 months (300-450d),31.67,25.0,8.0,2024-12-11,370,,,Unavailable,17.3,
WSP-45C51DD4A0,deactivated,Bench Press,Barbell Bench Press,24 months (600-900d),33.58,32.5,1.0,2025-09-24,657,,,Unavailable,24.4,
WSP-45C51DD4A0,deactivated,Bench Press,Barbell Bench Press,6 months (120-240d),30.0,25.0,6.0,2024-06-19,195,,,Unavailable,11.1,
WSP-45C51DD4A0,deactivated,Bench Press,Barbell Bench Press,Baseline (0-60d),27.0,22.5,6.0,2023-12-20,13,70.0,0.386,Live,,0
WSP-45C51DD4A0,deactivated,Deadlift,Barbell Deadlift,12 months (300-450d),66.5,52.5,8.0,2024-12-16,375,,,Unavailable,5.0,
WSP-45C51DD4A0,deactivated,Deadlift,Barbell Deadlift,24 months (600-900d),67.17,65.0,1.0,2025-09-26,659,,,Unavailable,6.1,
WSP-45C51DD4A0,deactivated,Deadlift,Barbell Deadlift,6 months (120-240d),66.67,50.0,10.0,2024-04-15,130,,,Unavailable,5.3,
WSP-45C51DD4A0,deactivated,Deadlift,Barbell Deadlift,Baseline (0-60d),63.33,50.0,8.0,2023-12-22,15,70.0,0.905,Live,,0
WSP-45C51DD4A0,deactivated,Farmer Walk 60s,Farmer Walk,24 months (600-900d),17.5,17.5,,2025-08-22,624,,,Unavailable,,
WSP-45C51DD4A0,deactivated,Nexus Point Squat,Nexus Point Squat,12 months (300-450d),47.5,37.5,8.0,2024-12-20,379,,,Unavailable,42.5,
WSP-45C51DD4A0,deactivated,Nexus Point Squat,Nexus Point Squat,24 months (600-900d),54.25,52.5,1.0,2025-09-22,655,,,Unavailable,62.8,
WSP-45C51DD4A0,deactivated,Nexus Point Squat,Nexus Point Squat,6 months (120-240d),51.67,50.0,1.0,2024-06-28,204,,,Unavailable,55.0,
WSP-45C51DD4A0,deactivated,Nexus Point Squat,Nexus Point Squat,Baseline (0-60d),33.33,25.0,10.0,2024-02-05,60,,,Unavailable,,
WSP-45C51DD4A0,deactivated,Overhead Press,Barbell Overhead Press,6 months (120-240d),20.0,15.0,10.0,2024-05-01,146,,,Unavailable,,
WSP-45C51DD4A0,deactivated,Romanian Deadlift,Barbell Romanian Deadlift,12 months (300-450d),49.0,35.0,12.0,2025-01-17,407,,,Unavailable,28.9,
WSP-45C51DD4A0,deactivated,Romanian Deadlift,Barbell Romanian Deadlift,24 months (600-900d),49.0,35.0,12.0,2025-10-03,666,,,Unavailable,28.9,
WSP-45C51DD4A0,deactivated,Romanian Deadlift,Barbell Romanian Deadlift,Baseline (0-60d),38.0,30.0,8.0,2023-12-18,11,70.0,0.543,Below Live,,0
WSP-45C51DD4A0,deactivated,Split Squat,Barbell Split Squat,12 months (300-450d),41.17,32.5,8.0,2025-02-24,445,,,Unavailable,105.8,
WSP-45C51DD4A0,deactivated,Split Squat,Barbell Split Squat,Baseline (0-60d),20.0,15.0,10.0,2024-01-08,32,70.0,0.286,Unavailable,,
WSP-A16D32377E,deactivated,Bench Press,Barbell Bench Press,12 months (300-450d),34.83,27.5,8.0,2025-02-26,435,,,Unavailable,0.0,
WSP-A16D32377E,deactivated,Bench Press,Barbell Bench Press,6 months (120-240d),36.0,27.0,10.0,2024-05-15,148,81.53,0.442,Live,3.3,0
WSP-A16D32377E,deactivated,Bench Press,Barbell Bench Press,Baseline (0-60d),34.83,27.5,8.0,2024-02-14,57,86.02,0.405,Live,,0
WSP-A16D32377E,deactivated,Deadlift,Barbell Deadlift,6 months (120-240d),82.33,65.0,8.0,2024-07-08,202,80.5,1.023,Live,68.0,0
WSP-A16D32377E,deactivated,Deadlift,Barbell Deadlift,Baseline (0-60d),49.0,35.0,12.0,2024-01-26,38,88.21,0.555,Live,,0
WSP-A16D32377E,deactivated,Nexus Point Squat,Nexus Point Squat,12 months (300-450d),38.0,30.0,8.0,2024-12-20,367,79.6,0.477,Below Live,-18.6,-1
WSP-A16D32377E,deactivated,Nexus Point Squat,Nexus Point Squat,6 months (120-240d),50.0,37.5,10.0,2024-05-10,143,82.43,0.607,Live,7.1,0
WSP-A16D32377E,deactivated,Nexus Point Squat,Nexus Point Squat,Baseline (0-60d),46.67,35.0,10.0,2024-02-12,55,86.02,0.543,Live,,0
WSP-A16D32377E,deactivated,Overhead Press,Barbell Overhead Press,6 months (120-240d),20.0,15.0,10.0,2024-05-01,134,82.03,0.244,Live,,
WSP-A16D32377E,deactivated,Romanian Deadlift,Barbell Romanian Deadlift,12 months (300-450d),48.0,40.0,6.0,2025-02-14,423,,,Unavailable,,
WSP-A16D32377E,deactivated,Split Squat,Barbell Split Squat,12 months (300-450d),27.0,22.5,6.0,2025-03-03,440,,,Unavailable,35.0,
WSP-A16D32377E,deactivated,Split Squat,Barbell Split Squat,Baseline (0-60d),20.0,15.0,10.0,2024-01-01,13,86.42,0.231,Unavailable,,
WSP-508B2B9083,deactivated,Bench Press,Barbell Bench Press,24 months (600-900d),30.0,25.0,6.0,2025-08-27,604,,,Unavailable,-36.0,
WSP-508B2B9083,deactivated,Bench Press,Barbell Bench Press,6 months (120-240d),40.7,37.0,3.0,2024-05-24,144,,,Unavailable,-13.2,
WSP-508B2B9083,deactivated,Bench Press,Barbell Bench Press,Baseline (0-60d),46.87,37.0,8.0,2024-02-21,51,,,Unavailable,,
WSP-508B2B9083,deactivated,Deadlift,Barbell Deadlift,12 months (300-450d),83.33,62.5,10.0,2024-11-25,329,,,Unavailable,1.2,
WSP-508B2B9083,deactivated,Deadlift,Barbell Deadlift,24 months (600-900d),31.67,25.0,8.0,2025-08-29,606,,,Unavailable,-61.5,
WSP-508B2B9083,deactivated,Deadlift,Barbell Deadlift,6 months (120-240d),57.0,45.0,8.0,2024-08-12,224,,,Unavailable,-30.8,
WSP-508B2B9083,deactivated,Deadlift,Barbell Deadlift,Baseline (0-60d),82.33,65.0,8.0,2024-03-01,60,,,Unavailable,,
WSP-508B2B9083,deactivated,Farmer Walk 60s,Farmer Walk,24 months (600-900d),30.0,30.0,,2025-08-29,606,,,Unavailable,,
WSP-508B2B9083,deactivated,Nexus Point Squat,Nexus Point Squat,12 months (300-450d),53.33,40.0,10.0,2024-11-08,312,,,Unavailable,14.3,
WSP-508B2B9083,deactivated,Nexus Point Squat,Nexus Point Squat,6 months (120-240d),44.33,35.0,8.0,2024-05-31,151,,,Unavailable,-5.0,
WSP-508B2B9083,deactivated,Nexus Point Squat,Nexus Point Squat,Baseline (0-60d),46.67,35.0,10.0,2024-02-26,56,,,Unavailable,,
WSP-508B2B9083,deactivated,Overhead Press,Barbell Overhead Press,6 months (120-240d),20.0,15.0,10.0,2024-05-15,135,,,Unavailable,,
WSP-508B2B9083,deactivated,Split Squat,Barbell Split Squat,12 months (300-450d),15.2,12.0,8.0,2025-02-03,399,,,Unavailable,-1.9,
WSP-508B2B9083,deactivated,Split Squat,Barbell Split Squat,Baseline (0-60d),15.5,15.0,1.0,2024-01-08,7,72.0,0.215,Unavailable,,
WSP-8CC1C48139,deactivated,Bench Press,Barbell Bench Press,6 months (120-240d),33.0,27.5,6.0,2024-07-17,191,,,Unavailable,25.0,
WSP-8CC1C48139,deactivated,Bench Press,Barbell Bench Press,Baseline (0-60d),26.4,22.0,6.0,2024-03-06,58,64.1,0.412,Live,,0
WSP-8CC1C48139,deactivated,Deadlift,Barbell Deadlift,6 months (120-240d),78.0,65.0,6.0,2024-09-02,238,,,Unavailable,19.7,
WSP-8CC1C48139,deactivated,Deadlift,Barbell Deadlift,Baseline (0-60d),65.17,57.5,4.0,2024-03-08,60,63.62,1.024,Live,,0
WSP-8CC1C48139,deactivated,Nexus Point Squat,Nexus Point Squat,6 months (120-240d),41.17,32.5,8.0,2024-08-30,235,,,Unavailable,71.5,
WSP-8CC1C48139,deactivated,Nexus Point Squat,Nexus Point Squat,Baseline (0-60d),24.0,20.0,6.0,2024-02-26,49,65.96,0.364,Below Live,,0
WSP-8CC1C48139,deactivated,Overhead Press,Barbell Overhead Press,6 months (120-240d),19.0,15.0,8.0,2024-06-05,149,66.78,0.285,Live,,
WSP-8CC1C48139,deactivated,Romanian Deadlift,Barbell Romanian Deadlift,Baseline (0-60d),10.13,8.0,8.0,2024-01-12,4,65.76,0.154,Below Live,,0
WSP-8CC1C48139,deactivated,Split Squat,Barbell Split Squat,Baseline (0-60d),13.33,10.0,10.0,2024-01-15,7,65.56,0.203,Unavailable,,
WSP-2DD2090892,deactivated,Bench Press,Barbell Bench Press,6 months (120-240d),30.0,22.5,10.0,2024-05-22,124,,,Unavailable,-5.3,
WSP-2DD2090892,deactivated,Bench Press,Barbell Bench Press,Baseline (0-60d),31.67,25.0,8.0,2024-03-06,47,49.0,0.646,Live,,0
WSP-2DD2090892,deactivated,Deadlift,Barbell Deadlift,Baseline (0-60d),52.5,45.0,5.0,2024-03-15,56,49.0,1.071,Live,,0
WSP-2DD2090892,deactivated,Nexus Point Squat,Nexus Point Squat,Baseline (0-60d),25.33,20.0,8.0,2024-03-18,59,49.0,0.517,Live,,0
WSP-2DD2090892,deactivated,Overhead Press,Barbell Overhead Press,6 months (120-240d),7.6,6.0,8.0,2024-05-22,124,,,Unavailable,,
WSP-2DD2090892,deactivated,Split Squat,Barbell Split Squat,Baseline (0-60d),2.53,2.0,8.0,2024-01-22,3,48.0,0.053,Unavailable,,
WSP-E4DBF5AF4F,deactivated,Bench Press,Barbell Bench Press,Baseline (0-60d),25.2,21.0,6.0,2024-03-06,54,95.4,0.264,Live,,0
WSP-E4DBF5AF4F,deactivated,Deadlift,Barbell Deadlift,6 months (120-240d),65.0,50.0,9.0,2024-05-13,122,92.3,0.704,Live,9.2,0
WSP-E4DBF5AF4F,deactivated,Deadlift,Barbell Deadlift,Baseline (0-60d),59.5,52.5,4.0,2024-03-08,56,95.1,0.626,Live,,0
WSP-E4DBF5AF4F,deactivated,Nexus Point Squat,Nexus Point Squat,Baseline (0-60d),19.0,15.0,8.0,2024-02-12,31,95.6,0.199,Below Live,,0
WSP-E4DBF5AF4F,deactivated,Romanian Deadlift,Barbell Romanian Deadlift,Baseline (0-60d),7.2,6.0,6.0,2024-01-12,0,101.4,0.071,Below Live,,0
WSP-E4DBF5AF4F,deactivated,Split Squat,Barbell Split Squat,Baseline (0-60d),16.0,12.0,10.0,2024-01-15,3,101.4,0.158,Unavailable,,
WSP-2F240CC891,deactivated,Bench Press,Barbell Bench Press,12 months (300-450d),34.83,27.5,8.0,2025-03-05,408,,,Unavailable,11.8,
WSP-2F240CC891,deactivated,Bench Press,Barbell Bench Press,6 months (120-240d),39.0,32.5,6.0,2024-07-10,170,,,Unavailable,25.1,
WSP-2F240CC891,deactivated,Bench Press,Barbell Bench Press,Baseline (0-60d),31.17,27.5,4.0,2024-03-20,58,,,Unavailable,,
WSP-2F240CC891,deactivated,Deadlift,Barbell Deadlift,6 months (120-240d),93.0,90.0,1.0,2024-06-29,159,,,Unavailable,30.1,
WSP-2F240CC891,deactivated,Deadlift,Barbell Deadlift,Baseline (0-60d),71.5,65.0,3.0,2024-03-22,60,,,Unavailable,,
WSP-2F240CC891,deactivated,Farmer Walk 60s,Farmer Walk,12 months (300-450d),30.0,30.0,1.0,2025-03-28,431,,,Unavailable,,
WSP-2F240CC891,deactivated,Lat Pulldown,Underhand Grip Lat Pulldown,12 months (300-450d),91.0,65.0,12.0,2025-04-02,436,,,Unavailable,,
WSP-2F240CC891,deactivated,Lat Pulldown,Underhand Grip Lat Pulldown,6 months (120-240d),101.33,80.0,8.0,2024-08-23,214,,,Unavailable,,
WSP-2F240CC891,deactivated,Nexus Point Squat,Barbell Front Squat,12 months (300-450d),33.33,25.0,10.0,2025-04-07,441,,,Unavailable,-24.8,
WSP-2F240CC891,deactivated,Nexus Point Squat,Nexus Point Squat,6 months (120-240d),62.0,60.0,1.0,2024-06-29,159,,,Unavailable,39.8,
WSP-2F240CC891,deactivated,Nexus Point Squat,Nexus Point Squat,Baseline (0-60d),44.33,35.0,8.0,2024-03-18,56,,,Unavailable,,
WSP-2F240CC891,deactivated,Overhead Press,Barbell Overhead Press,6 months (120-240d),22.17,17.5,8.0,2024-06-12,142,,,Unavailable,,
WSP-2F240CC891,deactivated,Romanian Deadlift,Barbell Romanian Deadlift,12 months (300-450d),77.5,75.0,1.0,2025-03-28,431,,,Unavailable,,
WSP-2F240CC891,deactivated,Split Squat,Barbell Split Squat,Baseline (0-60d),7.0,5.0,12.0,2024-01-22,0,72.0,0.097,Unavailable,,
WSP-80F9D81D9C,deactivated,Nexus Point Squat,Nexus Point Squat,Baseline (0-60d),3.8,3.0,8.0,2024-01-15,0,57.0,0.067,Below Live,,0
WSP-80F9D81D9C,deactivated,Romanian Deadlift,Barbell Romanian Deadlift,Baseline (0-60d),7.2,6.0,6.0,2024-02-09,25,57.0,0.126,Below Live,,0
WSP-80F9D81D9C,deactivated,Split Squat,Barbell Split Squat,Baseline (0-60d),2.53,2.0,8.0,2024-01-15,0,57.0,0.044,Unavailable,,
WSP-917EBE9157,active,Bench Press,Barbell Bench Press,12 months (300-450d),25.33,20.0,8.0,2025-02-25,382,167.0,0.152,Below Live,,
WSP-917EBE9157,active,Deadlift,Barbell Deadlift,Baseline (0-60d),53.33,40.0,10.0,2024-02-23,14,150.0,0.356,Below Live,,0
WSP-917EBE9157,active,Lat Pulldown,Underhand Grip Lat Pulldown,12 months (300-450d),104.0,78.0,10.0,2025-04-22,438,,,Unavailable,,
WSP-917EBE9157,active,Lat Pulldown,Underhand Grip Lat Pulldown,24 months (600-900d),84.0,60.0,12.0,2025-10-13,612,,,Unavailable,,
WSP-917EBE9157,active,Nexus Point Squat,Barbell Back Squat,12 months (300-450d),42.0,30.0,12.0,2025-01-07,333,168.8,0.249,Below Live,89.5,0
WSP-917EBE9157,active,Nexus Point Squat,Barbell Front Squat,24 months (600-900d),57.0,45.0,8.0,2025-11-14,644,,,Unavailable,157.1,
WSP-917EBE9157,active,Nexus Point Squat,Nexus Point Squat,Baseline (0-60d),22.17,17.5,8.0,2024-02-26,17,150.0,0.148,Below Live,,0
WSP-980C323A41,deactivated,Bench Press,Barbell Bench Press,6 months (120-240d),51.0,42.5,6.0,2024-08-28,210,84.0,0.607,Live,9.1,
WSP-980C323A41,deactivated,Bench Press,Barbell Bench Press,Baseline (0-60d),46.75,42.5,3.0,2024-03-20,49,,,Unavailable,,
WSP-980C323A41,deactivated,Deadlift,Barbell Deadlift,6 months (120-240d),76.0,60.0,8.0,2024-08-19,201,,,Unavailable,-13.6,
WSP-980C323A41,deactivated,Deadlift,Barbell Deadlift,Baseline (0-60d),88.0,80.0,3.0,2024-03-22,51,,,Unavailable,,
WSP-980C323A41,deactivated,Nexus Point Squat,Nexus Point Squat,6 months (120-240d),53.83,42.5,8.0,2024-09-13,226,84.0,0.641,Live,-5.3,
WSP-980C323A41,deactivated,Nexus Point Squat,Nexus Point Squat,Baseline (0-60d),56.83,55.0,1.0,2024-03-25,54,,,Unavailable,,
WSP-980C323A41,deactivated,Overhead Press,Barbell Overhead Press,6 months (120-240d),25.33,20.0,8.0,2024-06-05,126,,,Unavailable,,
WSP-3B237C01FD,deactivated,Bench Press,Barbell Bench Press,6 months (120-240d),33.0,27.5,6.0,2024-06-05,126,,,Unavailable,25.0,
WSP-3B237C01FD,deactivated,Bench Press,Barbell Bench Press,Baseline (0-60d),26.4,22.0,6.0,2024-03-06,35,78.0,0.338,Live,,0
WSP-3B237C01FD,deactivated,Deadlift,Barbell Deadlift,12 months (300-450d),54.0,45.0,6.0,2024-12-09,313,,,Unavailable,,
WSP-3B237C01FD,deactivated,Deadlift,Barbell Deadlift,6 months (120-240d),51.67,50.0,1.0,2024-09-23,236,,,Unavailable,,
WSP-3B237C01FD,deactivated,Nexus Point Squat,Barbell Front Squat,12 months (300-450d),3.5,2.5,12.0,2025-01-06,341,,,Unavailable,,
WSP-3B237C01FD,deactivated,Nexus Point Squat,Nexus Point Squat,6 months (120-240d),18.0,15.0,6.0,2024-06-07,128,,,Unavailable,,
WSP-3B237C01FD,deactivated,Overhead Press,Barbell Overhead Press,6 months (120-240d),18.0,15.0,6.0,2024-06-05,126,,,Unavailable,,
WSP-3B237C01FD,deactivated,Romanian Deadlift,Barbell Romanian Deadlift,Baseline (0-60d),9.0,7.5,6.0,2024-02-02,2,78.0,0.115,Below Live,,0
WSP-D68795368D,deactivated,Bench Press,Barbell Bench Press,12 months (300-450d),38.0,30.0,8.0,2024-12-18,322,,,Unavailable,14.0,
WSP-D68795368D,deactivated,Bench Press,Barbell Bench Press,24 months (600-900d),38.0,30.0,8.0,2025-11-19,658,85.0,0.447,Live,14.0,0
WSP-D68795368D,deactivated,Bench Press,Barbell Bench Press,Baseline (0-60d),33.33,25.0,10.0,2024-01-31,0,81.0,0.412,Live,,0
WSP-D68795368D,deactivated,Deadlift,Barbell Deadlift,Baseline (0-60d),31.67,25.0,8.0,2024-02-23,23,79.83,0.397,Below Live,,0
WSP-D68795368D,deactivated,Farmer Walk 60s,Farmer Walk,24 months (600-900d),12.5,12.5,1.0,2025-09-24,602,85.0,0.147,Below Live,,
WSP-D68795368D,deactivated,Nexus Point Squat,Barbell Back Squat,24 months (600-900d),27.5,25.0,3.0,2025-09-22,600,85.0,0.324,Below Live,,
WSP-D68795368D,deactivated,Romanian Deadlift,Barbell Romanian Deadlift,12 months (300-450d),42.0,35.0,6.0,2025-03-14,408,,,Unavailable,,
WSP-D68795368D,deactivated,Split Squat,Barbell Split Squat,24 months (600-900d),5.33,4.0,10.0,2025-09-29,607,85.0,0.063,Unavailable,,
WSP-3E3373D817,deactivated,Bench Press,Barbell Bench Press,12 months (300-450d),59.5,42.5,12.0,2025-02-13,367,71.18,0.836,Long,19.0,1
WSP-3E3373D817,deactivated,Bench Press,Barbell Bench Press,6 months (120-240d),53.33,40.0,10.0,2024-08-07,177,70.8,0.753,Long,6.7,1
WSP-3E3373D817,deactivated,Bench Press,Barbell Bench Press,Baseline (0-60d),50.0,37.5,10.0,2024-04-11,59,72.4,0.691,Live,,0
WSP-3E3373D817,deactivated,Deadlift,Barbell Deadlift,12 months (300-450d),93.33,87.5,2.0,2025-02-07,361,71.29,1.309,Long,48.1,1
WSP-3E3373D817,deactivated,Deadlift,Barbell Deadlift,6 months (120-240d),73.33,55.0,10.0,2024-06-17,126,71.9,1.02,Live,16.4,0
WSP-3E3373D817,deactivated,Deadlift,Barbell Deadlift,Baseline (0-60d),63.0,45.0,12.0,2024-03-30,47,72.2,0.873,Live,,0
WSP-3E3373D817,deactivated,Lat Pulldown,Underhand Grip Lat Pulldown,Baseline (0-60d),48.0,36.0,10.0,2024-04-09,57,72.6,0.661,Live,,0
WSP-3E3373D817,deactivated,Nexus Point Squat,Nexus Point Squat,12 months (300-450d),68.75,62.5,3.0,2025-02-03,357,69.99,0.982,Live,117.1,1
WSP-3E3373D817,deactivated,Nexus Point Squat,Nexus Point Squat,6 months (120-240d),35.0,25.0,12.0,2024-08-16,186,71.12,0.492,Below Live,10.5,0
WSP-3E3373D817,deactivated,Nexus Point Squat,Nexus Point Squat,Baseline (0-60d),31.67,25.0,8.0,2024-04-09,57,72.6,0.436,Below Live,,0
WSP-3E3373D817,deactivated,Split Squat,Barbell Split Squat,Baseline (0-60d),26.67,20.0,10.0,2024-04-09,57,72.6,0.367,Unavailable,,
WSP-1D64AEA7AC,active,Bench Press,Barbell Bench Press,12 months (300-450d),38.0,30.0,8.0,2024-12-18,308,,,Unavailable,2.2,
WSP-1D64AEA7AC,active,Bench Press,Barbell Bench Press,24 months (600-900d),43.33,32.5,10.0,2025-10-22,616,,,Unavailable,16.5,
WSP-1D64AEA7AC,active,Bench Press,Barbell Bench Press,6 months (120-240d),39.0,32.5,6.0,2024-08-28,196,,,Unavailable,4.8,
WSP-1D64AEA7AC,active,Bench Press,Barbell Bench Press,Baseline (0-60d),37.2,36.0,1.0,2024-03-30,45,,,Unavailable,,
WSP-1D64AEA7AC,active,Deadlift,Barbell Deadlift,24 months (600-900d),60.0,45.0,10.0,2026-03-30,775,,,Unavailable,-3.7,
WSP-1D64AEA7AC,active,Deadlift,Barbell Deadlift,6 months (120-240d),42.0,35.0,6.0,2024-09-09,208,,,Unavailable,-32.6,
WSP-1D64AEA7AC,active,Deadlift,Barbell Deadlift,Baseline (0-60d),62.33,55.0,4.0,2024-03-01,16,63.0,0.989,Live,,0
WSP-1D64AEA7AC,active,Farmer Walk 60s,Farmer Walk,24 months (600-900d),45.0,45.0,1.0,2026-02-02,719,,,Unavailable,,
WSP-1D64AEA7AC,active,Lat Pulldown,Underhand Grip Lat Pulldown,12 months (300-450d),60.0,45.0,10.0,2025-04-30,441,,,Unavailable,,
WSP-1D64AEA7AC,active,Nexus Point Squat,Nexus Point Squat,12 months (300-450d),42.0,35.0,6.0,2024-12-27,317,,,Unavailable,-21.2,
WSP-1D64AEA7AC,active,Nexus Point Squat,Barbell Front Squat,24 months (600-900d),28.5,22.5,8.0,2026-03-13,758,,,Unavailable,-46.6,
WSP-1D64AEA7AC,active,Nexus Point Squat,Nexus Point Squat,6 months (120-240d),46.5,45.0,1.0,2024-06-28,135,,,Unavailable,-12.8,
WSP-1D64AEA7AC,active,Nexus Point Squat,Nexus Point Squat,Baseline (0-60d),53.33,40.0,10.0,2024-03-04,19,63.0,0.847,Live,,0
WSP-1D64AEA7AC,active,Overhead Press,Barbell Overhead Press,24 months (600-900d),18.0,15.0,6.0,2026-03-18,763,,,Unavailable,,
WSP-1D64AEA7AC,active,Romanian Deadlift,Barbell Romanian Deadlift,12 months (300-450d),36.67,27.5,10.0,2025-05-09,450,,,Unavailable,,
WSP-1D64AEA7AC,active,Romanian Deadlift,Barbell Romanian Deadlift,24 months (600-900d),63.33,50.0,8.0,2025-12-12,667,,,Unavailable,,
WSP-1D64AEA7AC,active,Split Squat,Barbell Split Squat,12 months (300-450d),30.0,25.0,6.0,2024-12-30,320,,,Unavailable,,
WSP-1D64AEA7AC,active,Split Squat,Barbell Split Squat,24 months (600-900d),20.0,15.0,10.0,2025-10-13,607,,,Unavailable,,
WSP-8FCC2A12B0,deactivated,Bench Press,Barbell Bench Press,6 months (120-240d),57.0,45.0,8.0,2024-08-21,183,,,Unavailable,11.8,
WSP-8FCC2A12B0,deactivated,Bench Press,Barbell Bench Press,Baseline (0-60d),51.0,45.0,4.0,2024-04-17,57,85.1,0.599,Live,,0
WSP-8FCC2A12B0,deactivated,Deadlift,Barbell Deadlift,12 months (300-450d),101.33,80.0,8.0,2024-12-16,300,,,Unavailable,-9.5,
WSP-8FCC2A12B0,deactivated,Deadlift,Barbell Deadlift,6 months (120-240d),124.0,120.0,1.0,2024-06-29,130,,,Unavailable,10.7,
WSP-8FCC2A12B0,deactivated,Deadlift,Barbell Deadlift,Baseline (0-60d),112.0,80.0,12.0,2024-04-15,55,85.1,1.316,Long,,0
WSP-8FCC2A12B0,deactivated,Farmer Walk 60s,Farmer Walk,6 months (120-240d),25.0,25.0,4.0,2024-06-25,126,,,Unavailable,,
WSP-8FCC2A12B0,deactivated,Nexus Point Squat,Nexus Point Squat,6 months (120-240d),80.08,77.5,1.0,2024-06-29,130,,,Unavailable,15.5,
WSP-8FCC2A12B0,deactivated,Nexus Point Squat,Nexus Point Squat,Baseline (0-60d),69.33,65.0,2.0,2024-03-25,34,85.1,0.815,Live,,0
WSP-5A6CABB970,deactivated,Bench Press,Barbell Bench Press,6 months (120-240d),41.33,40.0,1.0,2024-09-25,208,,,Unavailable,45.0,
WSP-5A6CABB970,deactivated,Bench Press,Barbell Bench Press,Baseline (0-60d),28.5,22.5,8.0,2024-03-20,19,49.8,0.572,Live,,0
WSP-5A6CABB970,deactivated,Deadlift,Barbell Deadlift,6 months (120-240d),80.5,57.5,12.0,2024-10-21,234,,,Unavailable,24.6,
WSP-5A6CABB970,deactivated,Deadlift,Barbell Deadlift,Baseline (0-60d),64.58,62.5,1.0,2024-03-30,29,49.8,1.297,Long,,0
WSP-5A6CABB970,deactivated,Nexus Point Squat,Nexus Point Squat,6 months (120-240d),67.17,65.0,1.0,2024-06-29,120,,,Unavailable,51.5,
WSP-5A6CABB970,deactivated,Nexus Point Squat,Nexus Point Squat,Baseline (0-60d),44.33,35.0,8.0,2024-03-18,17,50.2,0.883,Live,,0
WSP-5A6CABB970,deactivated,Romanian Deadlift,Barbell Romanian Deadlift,12 months (300-450d),56.0,40.0,12.0,2025-01-03,308,,,Unavailable,,
WSP-5A6CABB970,deactivated,Split Squat,Barbell Split Squat,12 months (300-450d),21.0,15.0,12.0,2025-01-20,325,,,Unavailable,,
WSP-839BF4988D,active,Bench Press,Barbell Bench Press,24 months (600-900d),33.58,32.5,1.0,2026-04-24,779,,,Unavailable,6.1,
WSP-839BF4988D,active,Bench Press,Barbell Bench Press,Baseline (0-60d),31.67,25.0,8.0,2024-03-13,7,84.0,0.377,Live,,0
WSP-839BF4988D,active,Farmer Walk 60s,Farmer Walk,24 months (600-900d),15.0,15.0,1.0,2025-12-26,660,,,Unavailable,,
WSP-839BF4988D,active,Lat Pulldown,Underhand Grip Lat Pulldown,24 months (600-900d),90.0,75.0,6.0,2026-07-10,856,,,Unavailable,,
WSP-839BF4988D,active,Romanian Deadlift,Barbell Romanian Deadlift,24 months (600-900d),0.0,0.0,6.0,2025-11-21,625,,,Unavailable,,
WSP-172DA73F30,deactivated,Bench Press,Barbell Bench Press,6 months (120-240d),30.0,22.5,10.0,2024-07-10,121,,,Unavailable,18.4,
WSP-172DA73F30,deactivated,Bench Press,Barbell Bench Press,Baseline (0-60d),25.33,20.0,8.0,2024-05-08,58,,,Unavailable,,
WSP-172DA73F30,deactivated,Deadlift,Barbell Deadlift,Baseline (0-60d),7.0,5.0,12.0,2024-03-15,4,75.0,0.093,Below Live,,0
WSP-172DA73F30,deactivated,Nexus Point Squat,Nexus Point Squat,6 months (120-240d),33.33,25.0,10.0,2024-07-12,123,,,Unavailable,36.1,
WSP-172DA73F30,deactivated,Nexus Point Squat,Nexus Point Squat,Baseline (0-60d),24.5,17.5,12.0,2024-04-05,25,75.0,0.327,Below Live,,0
WSP-172DA73F30,deactivated,Overhead Press,Barbell Overhead Press,Baseline (0-60d),12.67,10.0,8.0,2024-05-01,51,,,Unavailable,,
WSP-985E0421A3,deactivated,Bench Press,Barbell Bench Press,6 months (120-240d),43.4,31.0,12.0,2024-10-16,198,,,Unavailable,12.7,
WSP-985E0421A3,deactivated,Bench Press,Barbell Bench Press,Baseline (0-60d),38.5,27.5,12.0,2024-05-22,51,,,Unavailable,,
WSP-985E0421A3,deactivated,Deadlift,Barbell Deadlift,6 months (120-240d),96.67,72.5,10.0,2024-11-04,217,,,Unavailable,60.7,
WSP-985E0421A3,deactivated,Deadlift,Barbell Deadlift,Baseline (0-60d),60.17,47.5,8.0,2024-05-27,56,,,Unavailable,,
WSP-985E0421A3,deactivated,Nexus Point Squat,Nexus Point Squat,6 months (120-240d),59.5,42.5,12.0,2024-11-01,214,,,Unavailable,11.8,
WSP-985E0421A3,deactivated,Nexus Point Squat,Nexus Point Squat,Baseline (0-60d),53.2,38.0,12.0,2024-05-31,60,,,Unavailable,,
WSP-985E0421A3,deactivated,Overhead Press,Barbell Overhead Press,Baseline (0-60d),38.5,27.5,12.0,2024-05-15,44,,,Unavailable,,
WSP-B13A9E275F,active,Bench Press,Barbell Bench Press,12 months (300-450d),21.0,15.0,12.0,2025-07-09,390,,,Unavailable,,
WSP-B13A9E275F,active,Bench Press,Barbell Bench Press,6 months (120-240d),17.5,15.0,5.0,2024-12-18,187,,,Unavailable,,
WSP-B13A9E275F,active,Deadlift,Barbell Deadlift,12 months (300-450d),33.33,25.0,10.0,2025-07-18,399,,,Unavailable,,
WSP-B13A9E275F,active,Farmer Walk 60s,Farmer Walk,12 months (300-450d),30.0,30.0,,2025-06-27,378,,,Unavailable,,
WSP-B13A9E275F,active,Lat Pulldown,Underhand Grip Lat Pulldown,12 months (300-450d),70.0,50.0,12.0,2025-04-16,306,,,Unavailable,,
WSP-B13A9E275F,active,Nexus Point Squat,Nexus Point Squat,12 months (300-450d),13.33,10.0,10.0,2025-08-18,430,,,Unavailable,11.1,
WSP-B13A9E275F,active,Nexus Point Squat,Nexus Point Squat,24 months (600-900d),9.33,7.0,10.0,2026-07-20,766,,,Unavailable,-22.2,
WSP-B13A9E275F,active,Nexus Point Squat,Barbell Front Squat,6 months (120-240d),5.6,4.0,12.0,2025-02-03,234,,,Unavailable,-53.3,
WSP-B13A9E275F,active,Nexus Point Squat,Nexus Point Squat,Baseline (0-60d),12.0,10.0,6.0,2024-07-05,21,,,Unavailable,,
WSP-B13A9E275F,active,Overhead Press,Barbell Overhead Press,12 months (300-450d),6.0,5.0,6.0,2025-05-28,348,,,Unavailable,,
WSP-B13A9E275F,active,Romanian Deadlift,Barbell Romanian Deadlift,12 months (300-450d),28.5,22.5,8.0,2025-05-23,343,,,Unavailable,,
WSP-B13A9E275F,active,Romanian Deadlift,Barbell Romanian Deadlift,6 months (120-240d),13.33,10.0,10.0,2025-01-17,217,,,Unavailable,,
WSP-B13A9E275F,active,Split Squat,Barbell Split Squat,12 months (300-450d),9.0,7.5,6.0,2025-06-16,367,,,Unavailable,,
WSP-B13A9E275F,active,Split Squat,Barbell Split Squat,6 months (120-240d),10.67,8.0,10.0,2025-02-03,234,,,Unavailable,,
WSP-369FB9871C,deactivated,Bench Press,Barbell Bench Press,12 months (300-450d),40.0,30.0,10.0,2025-07-02,441,,,Unavailable,14.3,
WSP-369FB9871C,deactivated,Bench Press,Barbell Bench Press,6 months (120-240d),46.67,35.0,10.0,2024-11-06,203,,,Unavailable,33.3,
WSP-369FB9871C,deactivated,Bench Press,Barbell Bench Press,Baseline (0-60d),35.0,30.0,5.0,2024-06-12,56,,,Unavailable,,
WSP-369FB9871C,deactivated,Deadlift,Barbell Deadlift,12 months (300-450d),63.0,45.0,12.0,2025-07-04,443,,,Unavailable,-9.6,
WSP-369FB9871C,deactivated,Deadlift,Barbell Deadlift,6 months (120-240d),70.0,50.0,12.0,2024-10-21,187,,,Unavailable,0.5,
WSP-369FB9871C,deactivated,Deadlift,Barbell Deadlift,Baseline (0-60d),69.67,55.0,8.0,2024-06-10,54,,,Unavailable,,
WSP-369FB9871C,deactivated,Farmer Walk 60s,Farmer Walk,12 months (300-450d),40.0,40.0,1.0,2025-07-04,443,,,Unavailable,,
WSP-369FB9871C,deactivated,Nexus Point Squat,Nexus Point Squat,6 months (120-240d),18.0,15.0,6.0,2024-09-20,156,,,Unavailable,136.8,
WSP-369FB9871C,deactivated,Nexus Point Squat,Nexus Point Squat,Baseline (0-60d),7.6,6.0,8.0,2024-06-14,58,,,Unavailable,,
WSP-369FB9871C,deactivated,Overhead Press,Barbell Overhead Press,Baseline (0-60d),15.83,12.5,8.0,2024-05-15,28,73.3,0.216,Live,,0
WSP-DA7E69ED08,active,Lat Pulldown,Underhand Grip Lat Pulldown,24 months (600-900d),56.67,42.5,10.0,2026-07-17,837,,,Unavailable,,
WSP-094A18C2BC,deactivated,Bench Press,Barbell Bench Press,6 months (120-240d),33.58,32.5,1.0,2024-09-28,173,,,Unavailable,6.1,
WSP-094A18C2BC,deactivated,Bench Press,Barbell Bench Press,Baseline (0-60d),31.67,25.0,8.0,2024-05-29,51,,,Unavailable,,
WSP-094A18C2BC,deactivated,Deadlift,Barbell Deadlift,6 months (120-240d),67.17,65.0,1.0,2024-09-23,168,,,Unavailable,8.9,
WSP-094A18C2BC,deactivated,Deadlift,Barbell Deadlift,Baseline (0-60d),61.67,50.0,7.0,2024-05-27,49,,,Unavailable,,
WSP-094A18C2BC,deactivated,Nexus Point Squat,Nexus Point Squat,6 months (120-240d),51.67,50.0,1.0,2024-09-27,172,,,Unavailable,63.2,
WSP-094A18C2BC,deactivated,Nexus Point Squat,Nexus Point Squat,Baseline (0-60d),31.67,25.0,8.0,2024-05-31,53,,,Unavailable,,
WSP-094A18C2BC,deactivated,Overhead Press,Barbell Overhead Press,Baseline (0-60d),20.0,15.0,10.0,2024-05-01,23,56.0,0.357,Live,,0
WSP-430F2625BA,deactivated,Bench Press,Barbell Bench Press,12 months (300-450d),48.0,40.0,6.0,2025-03-19,344,,,Unavailable,10.8,
WSP-430F2625BA,deactivated,Bench Press,Barbell Bench Press,6 months (120-240d),50.12,48.5,1.0,2024-09-28,172,,,Unavailable,15.7,
WSP-430F2625BA,deactivated,Bench Press,Barbell Bench Press,Baseline (0-60d),43.33,32.5,10.0,2024-05-22,43,74.0,0.586,Live,,0
WSP-430F2625BA,deactivated,Deadlift,Barbell Deadlift,6 months (120-240d),93.33,70.0,10.0,2024-11-18,223,,,Unavailable,40.0,
WSP-430F2625BA,deactivated,Deadlift,Barbell Deadlift,Baseline (0-60d),66.67,50.0,10.0,2024-05-20,41,74.0,0.901,Live,,0
WSP-430F2625BA,deactivated,Lat Pulldown,Underhand Grip Lat Pulldown,12 months (300-450d),39.91,29.2,11.0,2025-04-02,358,,,Unavailable,,
WSP-430F2625BA,deactivated,Nexus Point Squat,Barbell Front Squat,12 months (300-450d),50.67,40.0,8.0,2025-03-03,328,,,Unavailable,26.7,
WSP-430F2625BA,deactivated,Nexus Point Squat,Nexus Point Squat,6 months (120-240d),72.33,70.0,1.0,2024-09-28,172,,,Unavailable,80.8,
WSP-430F2625BA,deactivated,Nexus Point Squat,Nexus Point Squat,Baseline (0-60d),40.0,30.0,10.0,2024-05-24,45,,,Unavailable,,
WSP-430F2625BA,deactivated,Overhead Press,Barbell Overhead Press,Baseline (0-60d),22.4,16.0,12.0,2024-05-15,36,74.0,0.303,Live,,0
WSP-430F2625BA,deactivated,Romanian Deadlift,Barbell Romanian Deadlift,12 months (300-450d),57.0,45.0,8.0,2025-02-28,325,,,Unavailable,,
WSP-430F2625BA,deactivated,Split Squat,Barbell Split Squat,12 months (300-450d),38.0,30.0,8.0,2025-02-24,321,,,Unavailable,,
WSP-993531D4CB,deactivated,Bench Press,Barbell Bench Press,6 months (120-240d),31.67,25.0,8.0,2024-12-04,217,63.3,0.5,Live,18.8,0
WSP-993531D4CB,deactivated,Bench Press,Barbell Bench Press,Baseline (0-60d),26.67,20.0,10.0,2024-06-05,35,77.3,0.345,Live,,0
WSP-993531D4CB,deactivated,Deadlift,Barbell Deadlift,6 months (120-240d),56.0,42.0,10.0,2024-11-11,194,65.0,0.862,Live,-2.8,0
WSP-993531D4CB,deactivated,Deadlift,Barbell Deadlift,Baseline (0-60d),57.6,48.0,6.0,2024-06-24,54,75.4,0.764,Live,,0
WSP-993531D4CB,deactivated,Nexus Point Squat,Nexus Point Squat,Baseline (0-60d),8.0,6.0,10.0,2024-05-24,23,77.6,0.103,Below Live,,0
WSP-993531D4CB,deactivated,Overhead Press,Barbell Overhead Press,Baseline (0-60d),12.67,10.0,8.0,2024-06-19,49,75.4,0.168,Below Live,,0
WSP-3E58E62E3C,deactivated,Bench Press,Barbell Bench Press,6 months (120-240d),69.67,55.0,8.0,2024-11-13,196,,,Unavailable,23.5,
WSP-3E58E62E3C,deactivated,Bench Press,Barbell Bench Press,Baseline (0-60d),56.4,47.0,6.0,2024-06-19,49,,,Unavailable,,
WSP-3E58E62E3C,deactivated,Deadlift,Barbell Deadlift,6 months (120-240d),136.0,120.0,4.0,2024-09-16,138,,,Unavailable,5.3,
WSP-3E58E62E3C,deactivated,Deadlift,Barbell Deadlift,Baseline (0-60d),129.17,125.0,1.0,2024-06-29,59,,,Unavailable,,
WSP-3E58E62E3C,deactivated,Nexus Point Squat,Nexus Point Squat,6 months (120-240d),69.67,55.0,8.0,2024-11-29,212,,,Unavailable,318.0,
WSP-3E58E62E3C,deactivated,Nexus Point Squat,Nexus Point Squat,Baseline (0-60d),16.67,12.5,10.0,2024-05-10,9,100.0,0.167,Below Live,,0
WSP-3E58E62E3C,deactivated,Overhead Press,Barbell Overhead Press,Baseline (0-60d),26.67,20.0,10.0,2024-05-01,0,100.0,0.267,Live,,0
WSP-3E58E62E3C,deactivated,Split Squat,Barbell Split Squat,6 months (120-240d),13.33,10.0,10.0,2024-10-04,156,,,Unavailable,,
WSP-12B45EC0B3,active,Bench Press,Barbell Bench Press,12 months (300-450d),53.83,42.5,8.0,2025-04-10,343,88.2,0.61,Live,140.3,0
WSP-12B45EC0B3,active,Bench Press,Barbell Bench Press,24 months (600-900d),52.5,37.5,12.0,2026-03-03,670,,,Unavailable,134.4,
WSP-12B45EC0B3,active,Bench Press,Barbell Bench Press,6 months (120-240d),43.33,32.5,10.0,2024-12-23,235,86.8,0.499,Live,93.5,0
WSP-12B45EC0B3,active,Bench Press,Barbell Bench Press,Baseline (0-60d),22.4,16.0,12.0,2024-05-02,0,87.0,0.257,Live,,0
WSP-12B45EC0B3,active,Deadlift,Barbell Deadlift,Baseline (0-60d),76.67,57.5,10.0,2024-06-27,56,,,Unavailable,,
WSP-12B45EC0B3,active,Farmer Walk 60s,Farmer Walk,24 months (600-900d),22.5,22.5,0.0,2026-06-22,781,,,Unavailable,,
WSP-12B45EC0B3,active,Lat Pulldown,Underhand Grip Lat Pulldown,24 months (600-900d),93.5,85.0,3.0,2026-06-22,781,,,Unavailable,,
WSP-12B45EC0B3,active,Nexus Point Squat,Barbell Front Squat,12 months (300-450d),38.5,27.5,12.0,2025-05-19,382,88.2,0.437,Below Live,,
WSP-12B45EC0B3,active,Nexus Point Squat,Nexus Point Squat,24 months (600-900d),21.0,15.0,12.0,2026-02-26,665,,,Unavailable,,
WSP-12B45EC0B3,active,Nexus Point Squat,Nexus Point Squat,6 months (120-240d),21.0,15.0,12.0,2024-12-23,235,86.8,0.242,Below Live,,
WSP-12B45EC0B3,active,Overhead Press,Barbell Overhead Press,12 months (300-450d),10.67,8.0,10.0,2025-05-15,378,88.2,0.121,Below Live,,
WSP-12B45EC0B3,active,Overhead Press,Barbell Overhead Press,24 months (600-900d),25.83,25.0,1.0,2026-03-25,692,,,Unavailable,,
WSP-12B45EC0B3,active,Romanian Deadlift,Barbell Romanian Deadlift,12 months (300-450d),66.67,50.0,10.0,2025-05-19,382,88.2,0.756,Live,,
WSP-12B45EC0B3,active,Romanian Deadlift,Barbell Romanian Deadlift,24 months (600-900d),28.0,20.0,12.0,2026-07-10,799,,,Unavailable,,
WSP-12B45EC0B3,active,Romanian Deadlift,Barbell Romanian Deadlift,6 months (120-240d),66.5,47.5,12.0,2024-12-26,238,86.8,0.766,Live,,
WSP-12B45EC0B3,active,Split Squat,Barbell Split Squat,24 months (600-900d),7.0,5.0,12.0,2026-07-13,802,,,Unavailable,,
WSP-F148A8C19A,active,Bench Press,Barbell Bench Press,12 months (300-450d),38.5,35.0,3.0,2025-07-14,430,67.45,0.571,Live,129.2,0
WSP-F148A8C19A,active,Bench Press,Barbell Bench Press,24 months (600-900d),44.33,35.0,8.0,2026-03-23,682,67.95,0.652,Live,163.9,0
WSP-F148A8C19A,active,Bench Press,Barbell Bench Press,6 months (120-240d),33.33,25.0,10.0,2024-12-17,221,67.4,0.495,Live,98.4,0
WSP-F148A8C19A,active,Bench Press,Barbell Bench Press,Baseline (0-60d),16.8,12.0,12.0,2024-05-31,21,66.5,0.253,Live,,0
WSP-F148A8C19A,active,Deadlift,Barbell Deadlift,12 months (300-450d),80.85,73.5,3.0,2025-07-08,424,67.05,1.206,Live,48.1,0
WSP-F148A8C19A,active,Deadlift,Barbell Deadlift,24 months (600-900d),76.0,60.0,8.0,2026-03-26,685,67.95,1.118,Live,39.2,0
WSP-F148A8C19A,active,Deadlift,Barbell Deadlift,6 months (120-240d),60.0,45.0,10.0,2024-11-30,204,67.4,0.89,Live,9.9,0
WSP-F148A8C19A,active,Deadlift,Barbell Deadlift,Baseline (0-60d),54.6,39.0,12.0,2024-05-27,17,66.5,0.821,Live,,0
WSP-F148A8C19A,active,Farmer Walk 60s,Farmer Walk,24 months (600-900d),40.0,40.0,1.0,2026-03-26,685,67.95,0.589,Below Live,,
WSP-F148A8C19A,active,Lat Pulldown,Underhand Grip Lat Pulldown,12 months (300-450d),42.0,30.0,12.0,2025-05-12,367,65.1,0.645,Live,,
WSP-F148A8C19A,active,Lat Pulldown,Underhand Grip Lat Pulldown,24 months (600-900d),49.33,40.0,7.0,2026-06-26,777,64.6,0.764,Long,,
WSP-F148A8C19A,active,Nexus Point Squat,Nexus Point Squat,12 months (300-450d),44.0,40.0,3.0,2025-07-16,432,66.7,0.66,Live,349.0,1
WSP-F148A8C19A,active,Nexus Point Squat,Nexus Point Squat,24 months (600-900d),46.67,35.0,10.0,2026-03-20,679,67.95,0.687,Live,376.2,1
WSP-F148A8C19A,active,Nexus Point Squat,Nexus Point Squat,6 months (120-240d),13.3,9.5,12.0,2024-12-01,205,67.4,0.197,Below Live,35.7,0
WSP-F148A8C19A,active,Nexus Point Squat,Nexus Point Squat,Baseline (0-60d),9.8,7.0,12.0,2024-05-17,7,66.5,0.147,Below Live,,0
WSP-F148A8C19A,active,Overhead Press,Barbell Overhead Press,24 months (600-900d),31.67,25.0,8.0,2026-06-17,768,65.55,0.483,Live,,
WSP-F148A8C19A,active,Romanian Deadlift,Barbell Romanian Deadlift,12 months (300-450d),70.67,53.0,10.0,2025-05-18,373,64.6,1.094,Live,,
WSP-F148A8C19A,active,Split Squat,Barbell Split Squat,12 months (300-450d),25.33,20.0,8.0,2025-06-25,411,66.65,0.38,Unavailable,,
WSP-74F1CDA5E1,deactivated,Bench Press,Barbell Bench Press,6 months (120-240d),28.33,25.0,4.0,2024-09-11,120,79.1,0.358,Live,-7.1,0
WSP-74F1CDA5E1,deactivated,Bench Press,Barbell Bench Press,Baseline (0-60d),30.48,29.5,1.0,2024-06-26,43,75.5,0.404,Live,,0
WSP-74F1CDA5E1,deactivated,Deadlift,Barbell Deadlift,Baseline (0-60d),50.67,40.0,8.0,2024-07-01,48,75.5,0.671,Live,,0
WSP-74F1CDA5E1,deactivated,Farmer Walk 60s,Farmer Walk,Baseline (0-60d),10.0,10.0,,2024-05-28,14,78.6,0.127,Below Live,,0
WSP-74F1CDA5E1,deactivated,Nexus Point Squat,Nexus Point Squat,Baseline (0-60d),25.33,20.0,8.0,2024-05-31,17,77.5,0.327,Below Live,,0
WSP-74F1CDA5E1,deactivated,Overhead Press,Barbell Overhead Press,Baseline (0-60d),17.0,15.0,4.0,2024-05-29,15,78.6,0.216,Live,,0
WSP-0F776FC732,active,Bench Press,Barbell Bench Press,12 months (300-450d),70.0,52.5,10.0,2025-08-20,366,,,Unavailable,5.3,
WSP-0F776FC732,active,Bench Press,Barbell Bench Press,24 months (600-900d),67.08,57.5,5.0,2026-06-03,653,,,Unavailable,0.9,
WSP-0F776FC732,active,Bench Press,Barbell Bench Press,6 months (120-240d),72.83,57.5,8.0,2024-12-18,121,70.7,1.03,Long,9.5,
WSP-0F776FC732,active,Bench Press,Barbell Bench Press,Baseline (0-60d),66.5,52.5,8.0,2024-09-04,16,,,Unavailable,,
WSP-0F776FC732,active,Deadlift,Barbell Deadlift,12 months (300-450d),129.17,125.0,1.0,2025-09-26,403,71.3,1.812,Long,4.2,0
WSP-0F776FC732,active,Deadlift,Barbell Deadlift,24 months (600-900d),123.5,97.5,8.0,2026-05-18,637,,,Unavailable,-0.4,
WSP-0F776FC732,active,Deadlift,Barbell Deadlift,6 months (120-240d),129.83,102.5,8.0,2024-12-23,126,70.7,1.836,Long,4.7,0
WSP-0F776FC732,active,Deadlift,Barbell Deadlift,Baseline (0-60d),124.0,120.0,1.0,2024-09-23,35,73.4,1.689,Long,,0
WSP-0F776FC732,active,Farmer Walk 60s,Farmer Walk,12 months (300-450d),50.0,50.0,,2025-06-27,312,,,Unavailable,,
WSP-0F776FC732,active,Lat Pulldown,Underhand Grip Lat Pulldown,6 months (120-240d),95.2,68.0,12.0,2025-04-09,233,,,Unavailable,,
WSP-0F776FC732,active,Nexus Point Squat,Nexus Point Squat,12 months (300-450d),82.67,80.0,1.0,2025-09-19,396,71.3,1.159,Live,-11.1,-1
WSP-0F776FC732,active,Nexus Point Squat,Barbell Front Squat,6 months (120-240d),60.17,47.5,8.0,2025-01-27,161,69.5,0.866,Live,-35.3,-1
WSP-0F776FC732,active,Nexus Point Squat,Nexus Point Squat,Baseline (0-60d),93.0,90.0,1.0,2024-09-27,39,73.4,1.267,Long,,0
WSP-0F776FC732,active,Overhead Press,Barbell Overhead Press,12 months (300-450d),30.83,25.0,7.0,2025-06-18,303,,,Unavailable,,
WSP-0F776FC732,active,Romanian Deadlift,Barbell Romanian Deadlift,12 months (300-450d),93.0,90.0,1.0,2025-06-27,312,,,Unavailable,,
WSP-0F776FC732,active,Romanian Deadlift,Barbell Romanian Deadlift,24 months (600-900d),107.67,85.0,8.0,2026-05-08,627,,,Unavailable,,
WSP-0F776FC732,active,Romanian Deadlift,Barbell Romanian Deadlift,6 months (120-240d),76.67,57.5,10.0,2025-03-14,207,69.5,1.103,Live,,
WSP-0F776FC732,active,Split Squat,Barbell Split Squat,12 months (300-450d),46.67,35.0,10.0,2025-10-20,427,71.3,0.655,Unavailable,,
WSP-0F776FC732,active,Split Squat,Barbell Split Squat,6 months (120-240d),49.0,35.0,12.0,2025-01-06,140,69.2,0.708,Unavailable,,
WSP-CA8A80ADFD,deactivated,Bench Press,Barbell Bench Press,6 months (120-240d),53.33,40.0,10.0,2024-10-02,135,,,Unavailable,68.4,
WSP-CA8A80ADFD,deactivated,Bench Press,Barbell Bench Press,Baseline (0-60d),31.67,25.0,8.0,2024-07-10,51,,,Unavailable,,
WSP-CA8A80ADFD,deactivated,Deadlift,Barbell Deadlift,6 months (120-240d),77.5,75.0,1.0,2024-09-23,126,,,Unavailable,29.2,
WSP-CA8A80ADFD,deactivated,Deadlift,Barbell Deadlift,Baseline (0-60d),60.0,45.0,10.0,2024-07-15,56,,,Unavailable,,
WSP-CA8A80ADFD,deactivated,Nexus Point Squat,Nexus Point Squat,6 months (120-240d),72.33,70.0,1.0,2024-09-27,130,,,Unavailable,80.8,
WSP-CA8A80ADFD,deactivated,Nexus Point Squat,Nexus Point Squat,Baseline (0-60d),40.0,30.0,10.0,2024-07-12,53,,,Unavailable,,
WSP-CA8A80ADFD,deactivated,Overhead Press,Barbell Overhead Press,Baseline (0-60d),24.67,20.0,7.0,2024-06-05,16,69.0,0.357,Live,,0
WSP-D408964823,active,Bench Press,Barbell Bench Press,6 months (120-240d),63.33,50.0,8.0,2025-01-08,140,82.0,0.772,Long,35.7,1
WSP-D408964823,active,Bench Press,Barbell Bench Press,Baseline (0-60d),46.67,40.0,5.0,2024-09-29,39,81.0,0.576,Live,,0
WSP-D408964823,active,Deadlift,Barbell Deadlift,Baseline (0-60d),26.67,20.0,10.0,2024-09-02,12,80.0,0.333,Below Live,,0
WSP-D408964823,active,Nexus Point Squat,Barbell Back Squat,Baseline (0-60d),33.33,25.0,10.0,2024-09-02,12,80.0,0.417,Below Live,,0
WSP-ABCBEBB4A2,deactivated,Bench Press,Barbell Bench Press,6 months (120-240d),36.67,27.5,10.0,2024-11-20,149,,,Unavailable,25.9,
WSP-ABCBEBB4A2,deactivated,Bench Press,Barbell Bench Press,Baseline (0-60d),29.13,23.0,8.0,2024-08-14,51,70.6,0.413,Live,,0
WSP-ABCBEBB4A2,deactivated,Deadlift,Barbell Deadlift,6 months (120-240d),66.67,50.0,10.0,2024-11-18,147,,,Unavailable,31.6,
WSP-ABCBEBB4A2,deactivated,Deadlift,Barbell Deadlift,Baseline (0-60d),50.67,40.0,8.0,2024-08-05,42,71.5,0.709,Live,,0
WSP-ABCBEBB4A2,deactivated,Nexus Point Squat,Nexus Point Squat,Baseline (0-60d),19.0,15.0,8.0,2024-08-02,39,71.5,0.266,Below Live,,0
WSP-ABCBEBB4A2,deactivated,Overhead Press,Barbell Overhead Press,Baseline (0-60d),10.13,8.0,8.0,2024-06-26,2,73.0,0.139,Below Live,,0
WSP-598C3651E3,active,Bench Press,Barbell Bench Press,12 months (300-450d),45.5,32.5,12.0,2025-10-01,443,,,Unavailable,19.7,
WSP-598C3651E3,active,Bench Press,Barbell Bench Press,24 months (600-900d),45.6,36.0,8.0,2026-05-20,674,,,Unavailable,20.0,
WSP-598C3651E3,active,Bench Press,Barbell Bench Press,6 months (120-240d),44.33,35.0,8.0,2024-11-13,121,,,Unavailable,16.7,
WSP-598C3651E3,active,Bench Press,Barbell Bench Press,Baseline (0-60d),38.0,30.0,8.0,2024-08-14,30,83.0,0.458,Live,,0
WSP-598C3651E3,active,Deadlift,Barbell Deadlift,12 months (300-450d),82.33,65.0,8.0,2025-08-29,410,,,Unavailable,9.8,
WSP-598C3651E3,active,Deadlift,Barbell Deadlift,24 months (600-900d),90.0,75.0,6.0,2026-06-15,700,,,Unavailable,20.0,
WSP-598C3651E3,active,Deadlift,Barbell Deadlift,6 months (120-240d),88.67,70.0,8.0,2024-12-16,154,,,Unavailable,18.2,
WSP-598C3651E3,active,Deadlift,Barbell Deadlift,Baseline (0-60d),75.0,62.5,6.0,2024-09-09,56,,,Unavailable,,
WSP-598C3651E3,active,Farmer Walk 60s,Farmer Walk,12 months (300-450d),25.0,25.0,,2025-07-04,354,,,Unavailable,66.7,
WSP-598C3651E3,active,Farmer Walk 60s,Farmer Walk,24 months (600-900d),25.0,25.0,1.0,2026-06-22,707,,,Unavailable,66.7,
WSP-598C3651E3,active,Farmer Walk 60s,Farmer Walk,Baseline (0-60d),15.0,15.0,,2024-09-03,50,,,Unavailable,,
WSP-598C3651E3,active,Lat Pulldown,Underhand Grip Lat Pulldown,12 months (300-450d),100.0,75.0,10.0,2025-05-14,303,,,Unavailable,,
WSP-598C3651E3,active,Lat Pulldown,Underhand Grip Lat Pulldown,24 months (600-900d),91.0,65.0,12.0,2026-07-20,735,,,Unavailable,,
WSP-598C3651E3,active,Nexus Point Squat,Barbell Front Squat,12 months (300-450d),54.25,52.5,1.0,2025-06-23,343,,,Unavailable,71.3,
WSP-598C3651E3,active,Nexus Point Squat,Nexus Point Squat,24 months (600-900d),45.5,32.5,12.0,2026-07-13,728,,,Unavailable,43.7,
WSP-598C3651E3,active,Nexus Point Squat,Barbell Front Squat,6 months (120-240d),38.0,30.0,8.0,2025-03-03,231,,,Unavailable,20.0,
WSP-598C3651E3,active,Nexus Point Squat,Nexus Point Squat,Baseline (0-60d),31.67,25.0,8.0,2024-09-13,60,,,Unavailable,,
WSP-598C3651E3,active,Overhead Press,Barbell Overhead Press,12 months (300-450d),24.0,20.0,6.0,2025-06-18,338,,,Unavailable,,
WSP-598C3651E3,active,Overhead Press,Barbell Overhead Press,24 months (600-900d),27.75,22.5,7.0,2026-03-18,611,,,Unavailable,,
WSP-598C3651E3,active,Romanian Deadlift,Barbell Romanian Deadlift,24 months (600-900d),86.67,65.0,10.0,2026-04-10,634,,,Unavailable,,
WSP-598C3651E3,active,Romanian Deadlift,Barbell Romanian Deadlift,6 months (120-240d),69.67,55.0,8.0,2025-02-28,228,,,Unavailable,,
WSP-598C3651E3,active,Split Squat,Barbell Split Squat,12 months (300-450d),28.0,20.0,12.0,2025-09-29,441,,,Unavailable,,
WSP-598C3651E3,active,Split Squat,Barbell Split Squat,24 months (600-900d),21.0,15.0,12.0,2026-06-29,714,,,Unavailable,,
WSP-598C3651E3,active,Split Squat,Barbell Split Squat,6 months (120-240d),21.0,15.0,12.0,2024-12-30,168,,,Unavailable,,
WSP-F384938133,deactivated,Bench Press,Barbell Bench Press,12 months (300-450d),35.0,25.0,12.0,2025-07-09,348,55.7,0.628,Live,45.8,0
WSP-F384938133,deactivated,Bench Press,Barbell Bench Press,24 months (600-900d),34.83,27.5,8.0,2026-04-22,635,55.3,0.63,Live,45.1,0
WSP-F384938133,deactivated,Bench Press,Barbell Bench Press,6 months (120-240d),33.0,27.5,6.0,2025-03-12,229,56.8,0.581,Live,37.5,0
WSP-F384938133,deactivated,Bench Press,Barbell Bench Press,Baseline (0-60d),24.0,20.0,6.0,2024-09-04,40,60.0,0.4,Live,,0
WSP-F384938133,deactivated,Deadlift,Barbell Deadlift,12 months (300-450d),67.17,65.0,1.0,2025-09-26,427,56.1,1.197,Live,24.4,
WSP-F384938133,deactivated,Deadlift,Barbell Deadlift,24 months (600-900d),70.0,52.5,10.0,2026-04-20,633,55.3,1.266,Long,29.6,
WSP-F384938133,deactivated,Deadlift,Barbell Deadlift,6 months (120-240d),61.67,50.0,7.0,2024-12-16,143,60.0,1.028,Live,14.2,
WSP-F384938133,deactivated,Deadlift,Barbell Deadlift,Baseline (0-60d),54.0,45.0,6.0,2024-09-16,52,,,Unavailable,,
WSP-F384938133,deactivated,Farmer Walk 60s,Farmer Walk,12 months (300-450d),40.0,40.0,0.0,2025-07-18,357,56.8,0.704,Below Live,,
WSP-F384938133,deactivated,Nexus Point Squat,Nexus Point Squat,12 months (300-450d),62.0,60.0,1.0,2025-09-22,423,56.1,1.105,Live,144.7,1
WSP-F384938133,deactivated,Nexus Point Squat,Barbell Front Squat,24 months (600-900d),37.33,35.0,2.0,2026-03-27,609,55.3,0.675,Live,47.4,1
WSP-F384938133,deactivated,Nexus Point Squat,Nexus Point Squat,6 months (120-240d),44.33,35.0,8.0,2024-12-20,147,60.0,0.739,Live,75.0,1
WSP-F384938133,deactivated,Nexus Point Squat,Nexus Point Squat,Baseline (0-60d),25.33,20.0,8.0,2024-08-16,21,60.0,0.422,Below Live,,0
WSP-F384938133,deactivated,Overhead Press,Barbell Overhead Press,12 months (300-450d),19.0,15.0,8.0,2025-05-28,306,55.7,0.341,Live,,
WSP-F384938133,deactivated,Overhead Press,Barbell Overhead Press,24 months (600-900d),20.67,20.0,1.0,2026-03-25,607,55.3,0.374,Live,,
WSP-F384938133,deactivated,Romanian Deadlift,Barbell Romanian Deadlift,12 months (300-450d),59.5,42.5,12.0,2025-10-03,434,56.1,1.061,Live,,
WSP-F384938133,deactivated,Romanian Deadlift,Barbell Romanian Deadlift,24 months (600-900d),77.5,75.0,1.0,2026-03-23,605,55.3,1.401,Long,,
WSP-F384938133,deactivated,Romanian Deadlift,Barbell Romanian Deadlift,6 months (120-240d),57.63,45.5,8.0,2025-03-07,224,56.9,1.013,Live,,
WSP-F384938133,deactivated,Split Squat,Barbell Split Squat,12 months (300-450d),28.5,22.5,8.0,2025-06-16,325,55.7,0.512,Unavailable,,
WSP-F384938133,deactivated,Split Squat,Barbell Split Squat,6 months (120-240d),21.0,15.0,12.0,2024-12-30,157,60.3,0.348,Unavailable,,
WSP-88E68BBB20,deactivated,Bench Press,Barbell Bench Press,12 months (300-450d),31.5,22.5,12.0,2025-07-31,364,,,Unavailable,10.5,
WSP-88E68BBB20,deactivated,Bench Press,Barbell Bench Press,Baseline (0-60d),28.5,22.5,8.0,2024-09-21,51,,,Unavailable,,
WSP-88E68BBB20,deactivated,Deadlift,Barbell Deadlift,12 months (300-450d),21.0,15.0,12.0,2025-05-29,301,,,Unavailable,-74.5,
WSP-88E68BBB20,deactivated,Deadlift,Barbell Deadlift,6 months (120-240d),60.0,45.0,10.0,2025-03-25,236,,,Unavailable,-27.1,
WSP-88E68BBB20,deactivated,Deadlift,Barbell Deadlift,Baseline (0-60d),82.33,65.0,8.0,2024-09-21,51,,,Unavailable,,
WSP-88E68BBB20,deactivated,Lat Pulldown,Underhand Grip Lat Pulldown,12 months (300-450d),84.0,60.0,12.0,2025-06-05,308,,,Unavailable,,
WSP-88E68BBB20,deactivated,Nexus Point Squat,Barbell Front Squat,12 months (300-450d),57.0,45.0,8.0,2025-10-20,445,,,Unavailable,6.9,
WSP-88E68BBB20,deactivated,Nexus Point Squat,Barbell Front Squat,6 months (120-240d),40.0,30.0,10.0,2025-03-20,231,,,Unavailable,-25.0,
WSP-88E68BBB20,deactivated,Nexus Point Squat,Barbell Back Squat,Baseline (0-60d),53.33,40.0,10.0,2024-08-01,0,64.0,0.833,Live,,0
WSP-88E68BBB20,deactivated,Romanian Deadlift,Barbell Romanian Deadlift,12 months (300-450d),35.0,25.0,12.0,2025-07-31,364,,,Unavailable,,
WSP-88E68BBB20,deactivated,Split Squat,Barbell Split Squat,12 months (300-450d),13.33,10.0,10.0,2025-10-20,445,,,Unavailable,,
WSP-122F29AB30,active,Bench Press,Barbell Bench Press,12 months (300-450d),40.0,30.0,10.0,2025-09-24,419,,,Unavailable,50.0,
WSP-122F29AB30,active,Bench Press,Barbell Bench Press,24 months (600-900d),38.0,30.0,8.0,2026-03-25,601,,,Unavailable,42.5,
WSP-122F29AB30,active,Bench Press,Barbell Bench Press,6 months (120-240d),33.33,25.0,10.0,2024-12-19,140,,,Unavailable,25.0,
WSP-122F29AB30,active,Bench Press,Barbell Bench Press,Baseline (0-60d),26.67,20.0,10.0,2024-09-19,49,,,Unavailable,,
WSP-122F29AB30,active,Deadlift,Barbell Deadlift,6 months (120-240d),59.5,42.5,12.0,2025-01-09,161,,,Unavailable,,
WSP-122F29AB30,active,Lat Pulldown,Underhand Grip Lat Pulldown,12 months (300-450d),80.0,60.0,10.0,2025-09-01,396,,,Unavailable,,
WSP-122F29AB30,active,Lat Pulldown,Underhand Grip Lat Pulldown,24 months (600-900d),84.0,60.0,12.0,2026-05-06,643,,,Unavailable,,
WSP-122F29AB30,active,Nexus Point Squat,Barbell Front Squat,12 months (300-450d),44.33,35.0,8.0,2025-10-06,431,,,Unavailable,10.8,
WSP-122F29AB30,active,Nexus Point Squat,Barbell Front Squat,24 months (600-900d),38.0,30.0,8.0,2026-04-13,620,,,Unavailable,-5.0,
WSP-122F29AB30,active,Nexus Point Squat,Barbell Front Squat,6 months (120-240d),26.67,20.0,10.0,2025-01-23,175,,,Unavailable,-33.3,
WSP-122F29AB30,active,Nexus Point Squat,Barbell Back Squat,Baseline (0-60d),40.0,30.0,10.0,2024-08-15,14,79.0,0.506,Live,,0
WSP-122F29AB30,active,Romanian Deadlift,Barbell Romanian Deadlift,12 months (300-450d),43.33,32.5,10.0,2025-09-08,403,,,Unavailable,,
WSP-122F29AB30,active,Romanian Deadlift,Barbell Romanian Deadlift,24 months (600-900d),35.0,25.0,12.0,2026-05-01,638,,,Unavailable,,
WSP-122F29AB30,active,Split Squat,Barbell Split Squat,12 months (300-450d),20.0,15.0,10.0,2025-08-08,372,,,Unavailable,,
WSP-122F29AB30,active,Split Squat,Barbell Split Squat,6 months (120-240d),26.67,20.0,10.0,2025-01-16,168,,,Unavailable,,
WSP-DFD4C8DEAD,deactivated,Bench Press,Barbell Bench Press,Baseline (0-60d),26.67,20.0,10.0,2024-08-15,7,78.0,0.342,Live,,0
WSP-DFD4C8DEAD,deactivated,Nexus Point Squat,Barbell Front Squat,12 months (300-450d),17.5,12.5,12.0,2025-06-17,313,,,Unavailable,,
WSP-DFD4C8DEAD,deactivated,Romanian Deadlift,Barbell Romanian Deadlift,12 months (300-450d),28.0,20.0,12.0,2025-06-24,320,,,Unavailable,-22.2,
WSP-DFD4C8DEAD,deactivated,Romanian Deadlift,Barbell Romanian Deadlift,6 months (120-240d),333.33,250.0,10.0,2025-03-10,214,,,Unavailable,825.9,
WSP-DFD4C8DEAD,deactivated,Romanian Deadlift,Barbell Romanian Deadlift,Baseline (0-60d),36.0,30.0,6.0,2024-08-22,14,78.0,0.462,Below Live,,0
WSP-DFD4C8DEAD,deactivated,Split Squat,Barbell Split Squat,12 months (300-450d),15.2,12.0,8.0,2025-06-17,313,,,Unavailable,,
WSP-283EB45961,deactivated,Bench Press,Barbell Bench Press,12 months (300-450d),21.0,15.0,12.0,2025-07-09,306,,,Unavailable,200.0,
WSP-283EB45961,deactivated,Bench Press,Barbell Bench Press,Baseline (0-60d),7.0,5.0,12.0,2024-10-02,26,,,Unavailable,,
WSP-283EB45961,deactivated,Deadlift,Barbell Deadlift,Baseline (0-60d),4.2,3.0,12.0,2024-10-14,38,,,Unavailable,,
WSP-283EB45961,deactivated,Farmer Walk 60s,Farmer Walk,12 months (300-450d),20.0,20.0,1.0,2025-07-04,301,,,Unavailable,,
WSP-283EB45961,deactivated,Nexus Point Squat,Nexus Point Squat,Baseline (0-60d),24.5,17.5,12.0,2024-10-11,35,,,Unavailable,,
WSP-283EB45961,deactivated,Romanian Deadlift,Barbell Romanian Deadlift,12 months (300-450d),8.4,6.0,12.0,2025-07-04,301,,,Unavailable,,
WSP-A03074CBCD,deactivated,Bench Press,Barbell Bench Press,6 months (120-240d),21.0,15.0,12.0,2025-02-14,184,,,Unavailable,,
WSP-A03074CBCD,deactivated,Deadlift,Barbell Deadlift,6 months (120-240d),33.33,25.0,10.0,2025-02-14,184,,,Unavailable,,
WSP-834F6C7D34,deactivated,Bench Press,Barbell Bench Press,12 months (300-450d),53.83,42.5,8.0,2025-09-10,387,,,Unavailable,39.8,
WSP-834F6C7D34,deactivated,Bench Press,Barbell Bench Press,6 months (120-240d),48.57,47.0,1.0,2025-03-26,219,,,Unavailable,26.1,
WSP-834F6C7D34,deactivated,Bench Press,Barbell Bench Press,Baseline (0-60d),38.5,27.5,12.0,2024-10-16,58,64.3,0.599,Live,,0
WSP-834F6C7D34,deactivated,Deadlift,Barbell Deadlift,12 months (300-450d),90.42,87.5,1.0,2025-09-26,403,,,Unavailable,100.9,
WSP-834F6C7D34,deactivated,Deadlift,Barbell Deadlift,24 months (600-900d),86.67,65.0,10.0,2026-04-13,602,,,Unavailable,92.6,
WSP-834F6C7D34,deactivated,Deadlift,Barbell Deadlift,Baseline (0-60d),45.0,37.5,6.0,2024-09-16,28,68.1,0.661,Live,,0
WSP-834F6C7D34,deactivated,Farmer Walk 60s,Farmer Walk,12 months (300-450d),25.0,25.0,1.0,2025-06-27,312,,,Unavailable,25.0,
WSP-834F6C7D34,deactivated,Farmer Walk 60s,Farmer Walk,6 months (120-240d),15.0,15.0,1.0,2025-03-28,221,,,Unavailable,-25.0,
WSP-834F6C7D34,deactivated,Farmer Walk 60s,Farmer Walk,Baseline (0-60d),20.0,20.0,1.0,2024-08-27,8,68.1,0.294,Below Live,,0
WSP-834F6C7D34,deactivated,Lat Pulldown,Underhand Grip Lat Pulldown,6 months (120-240d),84.0,60.0,12.0,2025-04-09,233,,,Unavailable,33.3,
WSP-834F6C7D34,deactivated,Lat Pulldown,Underhand Grip Lat Pulldown,Baseline (0-60d),63.0,45.0,12.0,2024-10-18,60,64.3,0.98,Long,,0
WSP-834F6C7D34,deactivated,Nexus Point Squat,Nexus Point Squat,12 months (300-450d),72.33,70.0,1.0,2025-09-22,399,,,Unavailable,201.4,
WSP-834F6C7D34,deactivated,Nexus Point Squat,Barbell Front Squat,6 months (120-240d),38.75,37.5,1.0,2025-03-24,217,,,Unavailable,61.5,
WSP-834F6C7D34,deactivated,Nexus Point Squat,Nexus Point Squat,Baseline (0-60d),24.0,20.0,6.0,2024-08-30,11,68.1,0.352,Below Live,,0
WSP-834F6C7D34,deactivated,Overhead Press,Barbell Overhead Press,12 months (300-450d),32.93,26.0,8.0,2025-06-18,303,,,Unavailable,,
WSP-834F6C7D34,deactivated,Romanian Deadlift,Barbell Romanian Deadlift,12 months (300-450d),82.67,80.0,1.0,2025-06-27,312,,,Unavailable,,
WSP-834F6C7D34,deactivated,Romanian Deadlift,Barbell Romanian Deadlift,6 months (120-240d),72.33,70.0,1.0,2025-03-28,221,,,Unavailable,,
WSP-834F6C7D34,deactivated,Split Squat,Barbell Split Squat,12 months (300-450d),35.0,25.0,12.0,2025-10-20,427,,,Unavailable,,
WSP-834F6C7D34,deactivated,Split Squat,Barbell Split Squat,6 months (120-240d),22.4,16.0,12.0,2025-04-14,238,,,Unavailable,,
WSP-C7DB94648A,deactivated,Bench Press,Barbell Bench Press,12 months (300-450d),36.17,35.0,1.0,2025-06-25,308,,,Unavailable,34.0,
WSP-C7DB94648A,deactivated,Bench Press,Barbell Bench Press,6 months (120-240d),36.67,27.5,10.0,2025-03-21,212,,,Unavailable,35.8,
WSP-C7DB94648A,deactivated,Bench Press,Barbell Bench Press,Baseline (0-60d),27.0,22.5,6.0,2024-09-25,35,75.0,0.36,Live,,0
WSP-C7DB94648A,deactivated,Deadlift,Barbell Deadlift,6 months (120-240d),35.0,25.0,12.0,2025-03-17,208,,,Unavailable,,
WSP-C7DB94648A,deactivated,Lat Pulldown,Underhand Grip Lat Pulldown,6 months (120-240d),70.0,50.0,12.0,2025-04-09,231,,,Unavailable,,
WSP-C7DB94648A,deactivated,Nexus Point Squat,Barbell Front Squat,12 months (300-450d),26.67,25.0,2.0,2025-06-23,306,,,Unavailable,52.4,
WSP-C7DB94648A,deactivated,Nexus Point Squat,Barbell Front Squat,6 months (120-240d),30.8,22.0,12.0,2025-04-14,236,,,Unavailable,76.0,
WSP-C7DB94648A,deactivated,Nexus Point Squat,Nexus Point Squat,Baseline (0-60d),17.5,12.5,12.0,2024-10-04,44,,,Unavailable,,
WSP-C7DB94648A,deactivated,Romanian Deadlift,Barbell Romanian Deadlift,6 months (120-240d),56.0,40.0,12.0,2025-04-11,233,,,Unavailable,,
WSP-C7DB94648A,deactivated,Split Squat,Barbell Split Squat,6 months (120-240d),27.33,20.0,11.0,2025-04-07,229,,,Unavailable,,
WSP-4FAA0DBC53,deactivated,Bench Press,Barbell Bench Press,Baseline (0-60d),29.4,21.0,12.0,2024-10-16,57,60.8,0.484,Live,,0
WSP-4FAA0DBC53,deactivated,Deadlift,Barbell Deadlift,Baseline (0-60d),66.5,47.5,12.0,2024-10-14,55,60.8,1.094,Live,,0
WSP-4FAA0DBC53,deactivated,Farmer Walk 60s,Farmer Walk,Baseline (0-60d),40.0,40.0,,2024-08-27,7,63.0,0.635,Below Live,,0
WSP-4FAA0DBC53,deactivated,Lat Pulldown,Underhand Grip Lat Pulldown,Baseline (0-60d),40.88,29.2,12.0,2024-10-07,48,60.8,0.672,Live,,0
WSP-4FAA0DBC53,deactivated,Nexus Point Squat,Nexus Point Squat,Baseline (0-60d),53.33,40.0,10.0,2024-10-18,59,59.95,0.89,Live,,0
WSP-4FAA0DBC53,deactivated,Split Squat,Barbell Split Squat,Baseline (0-60d),7.6,6.0,8.0,2024-09-06,17,62.4,0.122,Unavailable,,
WSP-ACF22DFC36,active,Bench Press,Barbell Bench Press,12 months (300-450d),35.0,25.0,12.0,2025-07-02,315,68.34,0.512,Live,84.2,0
WSP-ACF22DFC36,active,Bench Press,Barbell Bench Press,24 months (600-900d),30.0,25.0,6.0,2026-06-03,651,68.1,0.441,Live,57.9,0
WSP-ACF22DFC36,active,Bench Press,Barbell Bench Press,6 months (120-240d),33.0,27.5,6.0,2025-03-19,210,,,Unavailable,73.7,
WSP-ACF22DFC36,active,Bench Press,Barbell Bench Press,Baseline (0-60d),19.0,15.0,8.0,2024-08-21,0,63.9,0.297,Live,,0
WSP-ACF22DFC36,active,Deadlift,Barbell Deadlift,12 months (300-450d),49.0,35.0,12.0,2025-07-04,317,68.34,0.717,Live,-14.0,0
WSP-ACF22DFC36,active,Deadlift,Barbell Deadlift,Baseline (0-60d),57.0,45.0,8.0,2024-09-09,19,62.78,0.908,Live,,0
WSP-ACF22DFC36,active,Farmer Walk 60s,Farmer Walk,12 months (300-450d),50.0,50.0,40.0,2025-06-27,310,70.09,0.713,Below Live,,
WSP-ACF22DFC36,active,Farmer Walk 60s,Farmer Walk,6 months (120-240d),50.0,50.0,30.0,2025-03-28,219,,,Unavailable,,
WSP-ACF22DFC36,active,Lat Pulldown,Underhand Grip Lat Pulldown,6 months (120-240d),95.0,75.0,8.0,2025-04-16,238,68.67,1.383,Perform,,
WSP-ACF22DFC36,active,Nexus Point Squat,Barbell Front Squat,12 months (300-450d),30.0,25.0,6.0,2025-06-23,306,70.09,0.428,Below Live,,
WSP-ACF22DFC36,active,Nexus Point Squat,Nexus Point Squat,24 months (600-900d),28.0,20.0,12.0,2026-06-29,677,67.5,0.415,Below Live,,
WSP-ACF22DFC36,active,Nexus Point Squat,Barbell Front Squat,6 months (120-240d),22.0,20.0,3.0,2025-03-24,215,,,Unavailable,,
WSP-ACF22DFC36,active,Romanian Deadlift,Barbell Romanian Deadlift,12 months (300-450d),64.0,60.0,2.0,2025-06-27,310,70.09,0.913,Live,,
WSP-ACF22DFC36,active,Romanian Deadlift,Barbell Romanian Deadlift,24 months (600-900d),52.5,37.5,12.0,2026-07-03,681,67.5,0.778,Live,,
WSP-ACF22DFC36,active,Romanian Deadlift,Barbell Romanian Deadlift,6 months (120-240d),66.67,62.5,2.0,2025-03-28,219,,,Unavailable,,
WSP-ACF22DFC36,active,Split Squat,Barbell Split Squat,6 months (120-240d),20.0,15.0,10.0,2025-04-14,236,68.67,0.291,Unavailable,233.3,
WSP-ACF22DFC36,active,Split Squat,Barbell Split Squat,Baseline (0-60d),6.0,5.0,6.0,2024-09-27,37,63.36,0.095,Unavailable,,
WSP-203C8BDBC2,deactivated,Bench Press,Barbell Bench Press,12 months (300-450d),46.5,45.0,1.0,2025-09-24,398,,,Unavailable,19.2,
WSP-203C8BDBC2,deactivated,Bench Press,Barbell Bench Press,6 months (120-240d),38.0,30.0,8.0,2025-03-19,209,,,Unavailable,-2.6,
WSP-203C8BDBC2,deactivated,Bench Press,Barbell Bench Press,Baseline (0-60d),39.0,32.5,6.0,2024-09-18,27,67.0,0.582,Live,,0
WSP-203C8BDBC2,deactivated,Deadlift,Barbell Deadlift,12 months (300-450d),77.5,75.0,1.0,2025-09-26,400,,,Unavailable,70.3,
WSP-203C8BDBC2,deactivated,Deadlift,Barbell Deadlift,Baseline (0-60d),45.5,32.5,12.0,2024-10-21,60,,,Unavailable,,
WSP-203C8BDBC2,deactivated,Farmer Walk 60s,Farmer Walk,12 months (300-450d),40.0,40.0,1.0,2025-07-25,337,,,Unavailable,,
WSP-203C8BDBC2,deactivated,Lat Pulldown,Underhand Grip Lat Pulldown,6 months (120-240d),77.0,55.0,12.0,2025-04-09,230,,,Unavailable,,
WSP-203C8BDBC2,deactivated,Nexus Point Squat,Nexus Point Squat,12 months (300-450d),55.0,50.0,3.0,2025-09-22,396,,,Unavailable,,
WSP-203C8BDBC2,deactivated,Nexus Point Squat,Barbell Front Squat,6 months (120-240d),42.67,40.0,2.0,2025-03-24,214,,,Unavailable,,
WSP-203C8BDBC2,deactivated,Overhead Press,Barbell Overhead Press,12 months (300-450d),23.43,18.5,8.0,2025-06-18,300,,,Unavailable,,
WSP-203C8BDBC2,deactivated,Romanian Deadlift,Barbell Romanian Deadlift,12 months (300-450d),73.5,52.5,12.0,2025-10-17,421,,,Unavailable,,
WSP-203C8BDBC2,deactivated,Romanian Deadlift,Barbell Romanian Deadlift,6 months (120-240d),63.0,45.0,12.0,2025-02-14,176,,,Unavailable,,
WSP-203C8BDBC2,deactivated,Split Squat,Barbell Split Squat,12 months (300-450d),24.5,17.5,12.0,2025-10-20,424,,,Unavailable,,
WSP-203C8BDBC2,deactivated,Split Squat,Barbell Split Squat,6 months (120-240d),36.0,30.0,6.0,2025-04-07,228,,,Unavailable,,
WSP-CB9B1E6147,deactivated,Bench Press,Barbell Bench Press,Baseline (0-60d),35.0,25.0,12.0,2024-10-02,35,77.0,0.455,Live,,0
WSP-CB9B1E6147,deactivated,Deadlift,Barbell Deadlift,Baseline (0-60d),47.5,37.5,8.0,2024-09-23,26,77.0,0.617,Live,,0
WSP-CB9B1E6147,deactivated,Farmer Walk 60s,Farmer Walk,Baseline (0-60d),20.0,20.0,,2024-09-17,20,77.0,0.26,Below Live,,0
WSP-CB9B1E6147,deactivated,Nexus Point Squat,Nexus Point Squat,6 months (120-240d),26.67,20.0,10.0,2024-12-27,121,,,Unavailable,,
WSP-CB9B1E6147,deactivated,Romanian Deadlift,Barbell Romanian Deadlift,6 months (120-240d),33.33,25.0,10.0,2025-02-14,170,,,Unavailable,,
WSP-CB9B1E6147,deactivated,Split Squat,Barbell Split Squat,6 months (120-240d),11.2,8.0,12.0,2025-01-06,131,,,Unavailable,,
WSP-A8EA01317E,active,Bench Press,Barbell Bench Press,12 months (300-450d),51.67,50.0,1.0,2025-09-24,392,,,Unavailable,84.5,
WSP-A8EA01317E,active,Bench Press,Barbell Bench Press,24 months (600-900d),48.17,42.5,4.0,2026-06-17,658,,,Unavailable,72.0,
WSP-A8EA01317E,active,Bench Press,Barbell Bench Press,6 months (120-240d),44.33,35.0,8.0,2025-03-19,203,,,Unavailable,58.3,
WSP-A8EA01317E,active,Bench Press,Barbell Bench Press,Baseline (0-60d),28.0,20.0,12.0,2024-10-16,49,92.0,0.304,Live,,0
WSP-A8EA01317E,active,Deadlift,Barbell Deadlift,12 months (300-450d),87.83,85.0,1.0,2025-09-26,394,,,Unavailable,,
WSP-A8EA01317E,active,Deadlift,Barbell Deadlift,24 months (600-900d),103.33,100.0,1.0,2026-06-22,663,,,Unavailable,,
WSP-A8EA01317E,active,Deadlift,Barbell Deadlift,6 months (120-240d),46.67,35.0,10.0,2025-03-10,194,,,Unavailable,,
WSP-A8EA01317E,active,Farmer Walk 60s,Farmer Walk,12 months (300-450d),20.0,20.0,1.0,2025-09-12,380,,,Unavailable,,
WSP-A8EA01317E,active,Farmer Walk 60s,Farmer Walk,24 months (600-900d),25.0,25.0,1.0,2026-06-22,663,,,Unavailable,,
WSP-A8EA01317E,active,Lat Pulldown,Underhand Grip Lat Pulldown,12 months (300-450d),86.67,65.0,10.0,2025-11-21,450,,,Unavailable,,
WSP-A8EA01317E,active,Lat Pulldown,Underhand Grip Lat Pulldown,24 months (600-900d),88.67,70.0,8.0,2026-05-22,632,,,Unavailable,,
WSP-A8EA01317E,active,Lat Pulldown,Underhand Grip Lat Pulldown,6 months (120-240d),91.0,65.0,12.0,2025-04-25,240,91.0,1.0,Long,,
WSP-A8EA01317E,active,Nexus Point Squat,Nexus Point Squat,12 months (300-450d),67.17,65.0,1.0,2025-09-22,390,,,Unavailable,,
WSP-A8EA01317E,active,Nexus Point Squat,Nexus Point Squat,24 months (600-900d),49.0,35.0,12.0,2026-07-20,691,,,Unavailable,,
WSP-A8EA01317E,active,Nexus Point Squat,Barbell Front Squat,6 months (120-240d),28.0,20.0,12.0,2025-04-21,236,,,Unavailable,,
WSP-A8EA01317E,active,Romanian Deadlift,Barbell Romanian Deadlift,12 months (300-450d),63.33,47.5,10.0,2025-11-21,450,,,Unavailable,,
WSP-A8EA01317E,active,Romanian Deadlift,Barbell Romanian Deadlift,24 months (600-900d),96.0,80.0,6.0,2026-06-19,660,,,Unavailable,,
WSP-A8EA01317E,active,Romanian Deadlift,Barbell Romanian Deadlift,6 months (120-240d),46.67,35.0,10.0,2025-01-17,142,,,Unavailable,,
WSP-A8EA01317E,active,Split Squat,Barbell Split Squat,12 months (300-450d),12.67,10.0,8.0,2025-06-30,306,91.0,0.139,Unavailable,,
WSP-A8EA01317E,active,Split Squat,Barbell Split Squat,24 months (600-900d),18.67,14.0,10.0,2026-07-20,691,,,Unavailable,,
WSP-A8EA01317E,active,Split Squat,Barbell Split Squat,6 months (120-240d),13.33,10.0,10.0,2025-03-24,208,,,Unavailable,,
WSP-C91829EC0C,active,Bench Press,Barbell Bench Press,12 months (300-450d),31.67,25.0,8.0,2025-07-16,317,,,Unavailable,0.5,
WSP-C91829EC0C,active,Bench Press,Barbell Bench Press,6 months (120-240d),28.5,22.5,8.0,2025-03-19,198,,,Unavailable,-9.5,
WSP-C91829EC0C,active,Bench Press,Barbell Bench Press,Baseline (0-60d),31.5,22.5,12.0,2024-10-02,30,56.0,0.562,Live,,0
WSP-C91829EC0C,active,Deadlift,Barbell Deadlift,12 months (300-450d),53.83,42.5,8.0,2025-09-05,368,,,Unavailable,53.8,
WSP-C91829EC0C,active,Deadlift,Barbell Deadlift,Baseline (0-60d),35.0,25.0,12.0,2024-10-14,42,,,Unavailable,,
WSP-C91829EC0C,active,Farmer Walk 60s,Farmer Walk,12 months (300-450d),40.0,40.0,1.0,2025-11-26,450,,,Unavailable,166.7,
WSP-C91829EC0C,active,Farmer Walk 60s,Farmer Walk,Baseline (0-60d),15.0,15.0,,2024-09-03,1,56.0,0.268,Below Live,,0
WSP-C91829EC0C,active,Lat Pulldown,Underhand Grip Lat Pulldown,12 months (300-450d),73.33,55.0,10.0,2025-11-14,438,,,Unavailable,,
WSP-C91829EC0C,active,Lat Pulldown,Underhand Grip Lat Pulldown,6 months (120-240d),70.0,50.0,12.0,2025-04-16,226,,,Unavailable,,
WSP-C91829EC0C,active,Nexus Point Squat,Nexus Point Squat,12 months (300-450d),31.67,25.0,8.0,2025-09-01,364,,,Unavailable,,
WSP-C91829EC0C,active,Nexus Point Squat,Nexus Point Squat,24 months (600-900d),21.0,15.0,12.0,2026-06-29,665,,,Unavailable,,
WSP-C91829EC0C,active,Nexus Point Squat,Barbell Front Squat,6 months (120-240d),4.2,3.0,12.0,2025-01-13,133,,,Unavailable,,
WSP-C91829EC0C,active,Overhead Press,Barbell Overhead Press,12 months (300-450d),7.6,6.0,8.0,2025-11-26,450,,,Unavailable,,
WSP-C91829EC0C,active,Romanian Deadlift,Barbell Romanian Deadlift,12 months (300-450d),36.67,27.5,10.0,2025-11-14,438,,,Unavailable,,
WSP-C91829EC0C,active,Romanian Deadlift,Barbell Romanian Deadlift,24 months (600-900d),33.33,25.0,10.0,2026-07-03,669,,,Unavailable,,
WSP-C91829EC0C,active,Romanian Deadlift,Barbell Romanian Deadlift,6 months (120-240d),38.5,27.5,12.0,2025-04-11,221,,,Unavailable,,
WSP-C91829EC0C,active,Split Squat,Barbell Split Squat,24 months (600-900d),8.4,6.0,12.0,2026-07-20,686,,,Unavailable,26.0,
WSP-C91829EC0C,active,Split Squat,Barbell Split Squat,6 months (120-240d),25.33,20.0,8.0,2025-03-31,210,,,Unavailable,280.0,
WSP-C91829EC0C,active,Split Squat,Barbell Split Squat,Baseline (0-60d),6.67,5.0,10.0,2024-10-18,46,,,Unavailable,,
WSP-FF4581D5ED,active,Bench Press,Barbell Bench Press,12 months (300-450d),39.0,32.5,6.0,2025-09-10,373,,,Unavailable,20.0,
WSP-FF4581D5ED,active,Bench Press,Barbell Bench Press,24 months (600-900d),42.67,32.0,10.0,2026-04-29,604,,,Unavailable,31.3,
WSP-FF4581D5ED,active,Bench Press,Barbell Bench Press,6 months (120-240d),38.75,37.5,1.0,2025-03-26,205,,,Unavailable,19.2,
WSP-FF4581D5ED,active,Bench Press,Barbell Bench Press,Baseline (0-60d),32.5,25.0,9.0,2024-09-11,9,70.0,0.464,Live,,0
WSP-FF4581D5ED,active,Deadlift,Barbell Deadlift,12 months (300-450d),72.83,57.5,8.0,2025-09-12,375,,,Unavailable,-11.5,
WSP-FF4581D5ED,active,Deadlift,Barbell Deadlift,24 months (600-900d),91.83,72.5,8.0,2026-05-18,623,,,Unavailable,11.5,
WSP-FF4581D5ED,active,Deadlift,Barbell Deadlift,Baseline (0-60d),82.33,65.0,8.0,2024-09-23,21,70.0,1.176,Live,,0
WSP-FF4581D5ED,active,Farmer Walk 60s,Farmer Walk,12 months (300-450d),20.0,20.0,60.0,2025-09-24,387,,,Unavailable,,
WSP-FF4581D5ED,active,Farmer Walk 60s,Farmer Walk,6 months (120-240d),25.0,25.0,38.0,2025-03-28,207,,,Unavailable,,
WSP-FF4581D5ED,active,Lat Pulldown,Underhand Grip Lat Pulldown,12 months (300-450d),82.33,65.0,8.0,2025-09-08,371,,,Unavailable,,
WSP-FF4581D5ED,active,Lat Pulldown,Underhand Grip Lat Pulldown,6 months (120-240d),77.0,55.0,12.0,2025-04-25,235,,,Unavailable,,
WSP-FF4581D5ED,active,Nexus Point Squat,Nexus Point Squat,12 months (300-450d),60.5,55.0,3.0,2025-09-22,385,,,Unavailable,59.2,
WSP-FF4581D5ED,active,Nexus Point Squat,Nexus Point Squat,24 months (600-900d),35.0,25.0,12.0,2026-07-20,686,,,Unavailable,-7.9,
WSP-FF4581D5ED,active,Nexus Point Squat,Barbell Front Squat,6 months (120-240d),51.67,50.0,1.0,2025-03-24,203,,,Unavailable,36.0,
WSP-FF4581D5ED,active,Nexus Point Squat,Nexus Point Squat,Baseline (0-60d),38.0,30.0,8.0,2024-09-06,4,70.0,0.543,Live,,0
WSP-FF4581D5ED,active,Romanian Deadlift,Barbell Romanian Deadlift,12 months (300-450d),56.67,42.5,10.0,2025-11-14,438,,,Unavailable,,
WSP-FF4581D5ED,active,Romanian Deadlift,Barbell Romanian Deadlift,24 months (600-900d),85.5,67.5,8.0,2026-05-01,606,,,Unavailable,,
WSP-FF4581D5ED,active,Romanian Deadlift,Barbell Romanian Deadlift,6 months (120-240d),69.33,65.0,2.0,2025-03-28,207,,,Unavailable,,
WSP-FF4581D5ED,active,Split Squat,Barbell Split Squat,12 months (300-450d),8.0,6.0,10.0,2025-10-06,399,,,Unavailable,,
WSP-FF4581D5ED,active,Split Squat,Barbell Split Squat,24 months (600-900d),8.4,6.0,12.0,2026-07-20,686,,,Unavailable,,
WSP-FF4581D5ED,active,Split Squat,Barbell Split Squat,6 months (120-240d),10.0,7.5,10.0,2025-02-17,168,,,Unavailable,,
WSP-89E2851F63,active,Bench Press,Barbell Bench Press,12 months (300-450d),37.0,30.0,7.0,2025-09-17,377,,,Unavailable,16.8,
WSP-89E2851F63,active,Bench Press,Barbell Bench Press,24 months (600-900d),32.03,31.0,1.0,2026-06-24,657,67.35,0.476,Live,1.2,0
WSP-89E2851F63,active,Bench Press,Barbell Bench Press,6 months (120-240d),33.0,27.5,6.0,2025-03-12,188,69.75,0.473,Live,4.2,0
WSP-89E2851F63,active,Bench Press,Barbell Bench Press,Baseline (0-60d),31.67,25.0,8.0,2024-10-30,55,70.05,0.452,Live,,0
WSP-89E2851F63,active,Deadlift,Barbell Deadlift,12 months (300-450d),87.83,85.0,1.0,2025-09-26,386,,,Unavailable,49.7,
WSP-89E2851F63,active,Deadlift,Barbell Deadlift,24 months (600-900d),82.33,65.0,8.0,2026-05-04,606,67.0,1.229,Live,40.3,0
WSP-89E2851F63,active,Deadlift,Barbell Deadlift,Baseline (0-60d),58.67,44.0,10.0,2024-10-28,53,70.25,0.835,Live,,0
WSP-89E2851F63,active,Farmer Walk 60s,Farmer Walk,12 months (300-450d),25.0,25.0,,2025-09-12,372,,,Unavailable,66.7,
WSP-89E2851F63,active,Farmer Walk 60s,Farmer Walk,Baseline (0-60d),15.0,15.0,,2024-09-10,5,69.67,0.215,Below Live,,0
WSP-89E2851F63,active,Lat Pulldown,Underhand Grip Lat Pulldown,12 months (300-450d),73.33,55.0,10.0,2025-11-28,449,,,Unavailable,49.7,
WSP-89E2851F63,active,Lat Pulldown,Underhand Grip Lat Pulldown,24 months (600-900d),75.17,55.0,11.0,2026-07-13,676,67.35,1.116,Long,53.4,1
WSP-89E2851F63,active,Lat Pulldown,Underhand Grip Lat Pulldown,6 months (120-240d),50.0,37.5,10.0,2025-04-01,208,67.25,0.743,Long,2.0,1
WSP-89E2851F63,active,Lat Pulldown,Underhand Grip Lat Pulldown,Baseline (0-60d),49.0,35.0,12.0,2024-10-25,50,70.15,0.699,Live,,0
WSP-89E2851F63,active,Nexus Point Squat,Nexus Point Squat,12 months (300-450d),33.0,30.0,3.0,2025-09-22,382,,,Unavailable,,
WSP-89E2851F63,active,Nexus Point Squat,Nexus Point Squat,24 months (600-900d),21.0,15.0,12.0,2026-06-29,662,67.35,0.312,Below Live,,
WSP-89E2851F63,active,Nexus Point Squat,Barbell Front Squat,6 months (120-240d),20.0,15.0,10.0,2025-04-28,235,68.9,0.29,Below Live,,
WSP-89E2851F63,active,Overhead Press,Barbell Overhead Press,12 months (300-450d),18.0,15.0,6.0,2025-11-26,447,,,Unavailable,,
WSP-89E2851F63,active,Romanian Deadlift,Barbell Romanian Deadlift,12 months (300-450d),77.0,55.0,12.0,2025-10-10,400,,,Unavailable,,
WSP-89E2851F63,active,Romanian Deadlift,Barbell Romanian Deadlift,24 months (600-900d),82.33,65.0,8.0,2026-05-01,603,67.0,1.229,Long,,
WSP-89E2851F63,active,Romanian Deadlift,Barbell Romanian Deadlift,6 months (120-240d),63.33,47.5,10.0,2025-05-02,239,68.35,0.927,Live,,
WSP-89E2851F63,active,Split Squat,Barbell Split Squat,12 months (300-450d),16.8,12.0,12.0,2025-09-29,389,,,Unavailable,,
WSP-89E2851F63,active,Split Squat,Barbell Split Squat,24 months (600-900d),11.2,8.0,12.0,2026-07-13,676,67.35,0.166,Unavailable,,
WSP-89E2851F63,active,Split Squat,Barbell Split Squat,6 months (120-240d),16.0,12.0,10.0,2025-04-28,235,68.9,0.232,Unavailable,,
WSP-5BD4C15BD0,active,Bench Press,Barbell Bench Press,12 months (300-450d),29.4,21.0,12.0,2025-10-15,380,49.5,0.594,Live,5.0,0
WSP-5BD4C15BD0,active,Bench Press,Barbell Bench Press,24 months (600-900d),27.0,22.5,6.0,2026-06-10,618,,,Unavailable,-3.6,
WSP-5BD4C15BD0,active,Bench Press,Barbell Bench Press,6 months (120-240d),27.87,22.0,8.0,2025-03-19,170,52.1,0.535,Live,-0.5,0
WSP-5BD4C15BD0,active,Bench Press,Barbell Bench Press,Baseline (0-60d),28.0,21.0,10.0,2024-11-20,51,54.1,0.518,Live,,0
WSP-5BD4C15BD0,active,Deadlift,Barbell Deadlift,12 months (300-450d),54.25,52.5,1.0,2025-09-26,361,50.0,1.085,Live,16.3,0
WSP-5BD4C15BD0,active,Deadlift,Barbell Deadlift,24 months (600-900d),53.35,48.5,3.0,2026-06-22,630,,,Unavailable,14.3,
WSP-5BD4C15BD0,active,Deadlift,Barbell Deadlift,Baseline (0-60d),46.67,35.0,10.0,2024-11-18,49,54.1,0.863,Live,,0
WSP-5BD4C15BD0,active,Farmer Walk 60s,Farmer Walk,12 months (300-450d),20.0,20.0,60.0,2025-09-24,359,50.0,0.4,Below Live,,
WSP-5BD4C15BD0,active,Farmer Walk 60s,Farmer Walk,24 months (600-900d),22.5,22.5,20.0,2026-06-22,630,,,Unavailable,,
WSP-5BD4C15BD0,active,Farmer Walk 60s,Farmer Walk,6 months (120-240d),10.0,10.0,1.0,2025-03-28,179,52.1,0.192,Below Live,,
WSP-5BD4C15BD0,active,Lat Pulldown,Underhand Grip Lat Pulldown,12 months (300-450d),46.67,35.0,10.0,2025-11-14,410,48.0,0.972,Long,-22.2,0
WSP-5BD4C15BD0,active,Lat Pulldown,Underhand Grip Lat Pulldown,6 months (120-240d),53.33,40.0,10.0,2025-05-07,219,50.8,1.05,Long,-11.1,0
WSP-5BD4C15BD0,active,Lat Pulldown,Underhand Grip Lat Pulldown,Baseline (0-60d),60.0,45.0,10.0,2024-09-30,0,55.0,1.091,Long,,0
WSP-5BD4C15BD0,active,Nexus Point Squat,Nexus Point Squat,12 months (300-450d),30.25,27.5,3.0,2025-09-22,357,50.0,0.605,Live,467.2,1
WSP-5BD4C15BD0,active,Nexus Point Squat,Nexus Point Squat,24 months (600-900d),7.0,5.0,12.0,2026-07-20,658,,,Unavailable,31.2,
WSP-5BD4C15BD0,active,Nexus Point Squat,Barbell Front Squat,6 months (120-240d),16.67,12.5,10.0,2025-05-12,224,50.8,0.328,Below Live,212.5,0
WSP-5BD4C15BD0,active,Nexus Point Squat,Nexus Point Squat,Baseline (0-60d),5.33,4.0,10.0,2024-10-25,25,55.0,0.097,Below Live,,0
WSP-5BD4C15BD0,active,Overhead Press,Barbell Overhead Press,12 months (300-450d),6.33,5.0,8.0,2025-12-10,436,48.0,0.132,Below Live,,
WSP-5BD4C15BD0,active,Romanian Deadlift,Barbell Romanian Deadlift,12 months (300-450d),54.67,41.0,10.0,2025-11-07,403,48.0,1.139,Live,,
WSP-5BD4C15BD0,active,Romanian Deadlift,Barbell Romanian Deadlift,24 months (600-900d),64.0,60.0,2.0,2026-06-26,634,,,Unavailable,,
WSP-5BD4C15BD0,active,Romanian Deadlift,Barbell Romanian Deadlift,6 months (120-240d),56.67,42.5,10.0,2025-05-23,235,50.7,1.118,Live,,
WSP-5BD4C15BD0,active,Split Squat,Barbell Split Squat,12 months (300-450d),8.0,6.0,10.0,2025-10-20,385,49.5,0.162,Unavailable,200.0,
WSP-5BD4C15BD0,active,Split Squat,Barbell Split Squat,24 months (600-900d),4.2,3.0,12.0,2026-07-20,658,,,Unavailable,57.5,
WSP-5BD4C15BD0,active,Split Squat,Barbell Split Squat,6 months (120-240d),26.67,20.0,10.0,2025-05-19,231,50.7,0.526,Unavailable,900.0,
WSP-5BD4C15BD0,active,Split Squat,Barbell Split Squat,Baseline (0-60d),2.67,2.0,10.0,2024-11-29,60,54.1,0.049,Unavailable,,
WSP-8AAB49EA74,deactivated,Bench Press,Barbell Bench Press,12 months (300-450d),38.0,30.0,8.0,2025-10-09,380,,,Unavailable,,
WSP-8AAB49EA74,deactivated,Bench Press,Barbell Bench Press,6 months (120-240d),31.67,25.0,8.0,2025-04-07,195,,,Unavailable,,
WSP-8AAB49EA74,deactivated,Lat Pulldown,Underhand Grip Lat Pulldown,12 months (300-450d),72.8,52.0,12.0,2025-10-06,377,,,Unavailable,,
WSP-8AAB49EA74,deactivated,Nexus Point Squat,Barbell Front Squat,12 months (300-450d),26.67,20.0,10.0,2025-09-29,370,,,Unavailable,,
WSP-8AAB49EA74,deactivated,Romanian Deadlift,Barbell Romanian Deadlift,12 months (300-450d),28.0,20.0,12.0,2025-08-11,321,,,Unavailable,,
WSP-8AAB49EA74,deactivated,Split Squat,Barbell Split Squat,12 months (300-450d),8.0,6.0,10.0,2025-09-29,370,,,Unavailable,,
WSP-E9A071CF26,deactivated,Deadlift,Barbell Deadlift,6 months (120-240d),30.0,22.5,10.0,2025-04-28,217,,,Unavailable,7.1,
WSP-E9A071CF26,deactivated,Deadlift,Barbell Deadlift,Baseline (0-60d),28.0,20.0,12.0,2024-09-30,7,58.0,0.483,Below Live,,0
WSP-E9A071CF26,deactivated,Nexus Point Squat,Barbell Front Squat,12 months (300-450d),10.5,7.5,12.0,2025-08-07,318,,,Unavailable,,
WSP-E9A071CF26,deactivated,Nexus Point Squat,Barbell Front Squat,6 months (120-240d),17.5,12.5,12.0,2025-05-15,234,,,Unavailable,,
WSP-E9A071CF26,deactivated,Split Squat,Barbell Split Squat,12 months (300-450d),5.6,4.0,12.0,2025-08-28,339,,,Unavailable,,
WSP-490AC3178E,deactivated,Bench Press,Barbell Bench Press,6 months (120-240d),33.0,27.5,6.0,2025-02-26,156,,,Unavailable,-1.0,
WSP-490AC3178E,deactivated,Bench Press,Barbell Bench Press,Baseline (0-60d),33.33,25.0,10.0,2024-10-30,37,57.0,0.585,Live,,0
WSP-490AC3178E,deactivated,Deadlift,Barbell Deadlift,Baseline (0-60d),33.33,25.0,10.0,2024-09-23,0,57.0,0.585,Live,,0
WSP-490AC3178E,deactivated,Nexus Point Squat,Nexus Point Squat,Baseline (0-60d),35.0,25.0,12.0,2024-11-01,39,57.0,0.614,Live,,0
WSP-490AC3178E,deactivated,Romanian Deadlift,Barbell Romanian Deadlift,6 months (120-240d),47.5,37.5,8.0,2025-02-28,158,,,Unavailable,,
WSP-B7E03B3291,deactivated,Bench Press,Barbell Bench Press,12 months (300-450d),43.33,32.5,10.0,2025-08-13,303,,,Unavailable,24.4,
WSP-B7E03B3291,deactivated,Bench Press,Barbell Bench Press,6 months (120-240d),38.75,37.5,1.0,2025-03-26,163,,,Unavailable,11.2,
WSP-B7E03B3291,deactivated,Bench Press,Barbell Bench Press,Baseline (0-60d),34.83,27.5,8.0,2024-12-11,58,,,Unavailable,,
WSP-B7E03B3291,deactivated,Deadlift,Barbell Deadlift,12 months (300-450d),75.0,62.5,6.0,2025-09-19,340,,,Unavailable,48.0,
WSP-B7E03B3291,deactivated,Deadlift,Barbell Deadlift,Baseline (0-60d),50.67,40.0,8.0,2024-12-09,56,,,Unavailable,,
WSP-B7E03B3291,deactivated,Farmer Walk 60s,Farmer Walk,12 months (300-450d),25.0,25.0,1.0,2026-01-05,448,61.0,0.41,Below Live,,
WSP-B7E03B3291,deactivated,Farmer Walk 60s,Farmer Walk,6 months (120-240d),20.0,20.0,,2025-03-28,165,,,Unavailable,,
WSP-B7E03B3291,deactivated,Lat Pulldown,Underhand Grip Lat Pulldown,6 months (120-240d),87.5,62.5,12.0,2025-04-23,191,,,Unavailable,,
WSP-B7E03B3291,deactivated,Nexus Point Squat,Nexus Point Squat,12 months (300-450d),60.0,50.0,6.0,2025-09-15,336,,,Unavailable,,
WSP-B7E03B3291,deactivated,Nexus Point Squat,Barbell Front Squat,6 months (120-240d),42.0,35.0,6.0,2025-06-09,238,,,Unavailable,,
WSP-B7E03B3291,deactivated,Overhead Press,Barbell Overhead Press,12 months (300-450d),23.33,20.0,5.0,2025-11-26,408,62.0,0.376,Live,,
WSP-B7E03B3291,deactivated,Overhead Press,Barbell Overhead Press,6 months (120-240d),22.17,17.5,8.0,2025-06-04,233,,,Unavailable,,
WSP-B7E03B3291,deactivated,Romanian Deadlift,Barbell Romanian Deadlift,12 months (300-450d),69.67,55.0,8.0,2025-12-19,431,61.0,1.142,Live,,
WSP-B7E03B3291,deactivated,Romanian Deadlift,Barbell Romanian Deadlift,6 months (120-240d),57.0,47.5,6.0,2025-06-06,235,,,Unavailable,,
WSP-B7E03B3291,deactivated,Split Squat,Barbell Split Squat,12 months (300-450d),31.5,22.5,12.0,2025-10-20,371,62.0,0.508,Unavailable,45.8,
WSP-B7E03B3291,deactivated,Split Squat,Barbell Split Squat,6 months (120-240d),39.0,32.5,6.0,2025-06-09,238,,,Unavailable,80.6,
WSP-B7E03B3291,deactivated,Split Squat,Barbell Split Squat,Baseline (0-60d),21.6,18.0,6.0,2024-12-13,60,,,Unavailable,,
WSP-A0F48C6240,deactivated,Bench Press,Barbell Bench Press,12 months (300-450d),39.0,32.5,6.0,2025-09-10,330,,,Unavailable,17.0,
WSP-A0F48C6240,deactivated,Bench Press,Barbell Bench Press,6 months (120-240d),37.33,35.0,2.0,2025-03-26,162,,,Unavailable,12.0,
WSP-A0F48C6240,deactivated,Bench Press,Barbell Bench Press,Baseline (0-60d),33.33,25.0,10.0,2024-12-11,57,,,Unavailable,,
WSP-A0F48C6240,deactivated,Deadlift,Barbell Deadlift,12 months (300-450d),72.83,57.5,8.0,2025-09-19,339,,,Unavailable,38.7,
WSP-A0F48C6240,deactivated,Deadlift,Barbell Deadlift,Baseline (0-60d),52.5,37.5,12.0,2024-12-09,55,,,Unavailable,,
WSP-A0F48C6240,deactivated,Farmer Walk 60s,Farmer Walk,12 months (300-450d),45.0,45.0,1.0,2025-09-12,332,,,Unavailable,,
WSP-A0F48C6240,deactivated,Farmer Walk 60s,Farmer Walk,6 months (120-240d),30.0,30.0,1.0,2025-03-28,164,,,Unavailable,,
WSP-A0F48C6240,deactivated,Lat Pulldown,Underhand Grip Lat Pulldown,6 months (120-240d),89.33,67.0,10.0,2025-05-07,204,,,Unavailable,,
WSP-A0F48C6240,deactivated,Nexus Point Squat,Nexus Point Squat,12 months (300-450d),41.33,40.0,1.0,2025-09-22,342,,,Unavailable,,
WSP-A0F48C6240,deactivated,Nexus Point Squat,Barbell Front Squat,6 months (120-240d),33.33,25.0,10.0,2025-03-31,167,,,Unavailable,,
WSP-A0F48C6240,deactivated,Overhead Press,Barbell Overhead Press,6 months (120-240d),19.0,15.0,8.0,2025-05-28,225,,,Unavailable,,
WSP-A0F48C6240,deactivated,Romanian Deadlift,Barbell Romanian Deadlift,6 months (120-240d),66.0,60.0,3.0,2025-03-28,164,,,Unavailable,,
WSP-A0F48C6240,deactivated,Split Squat,Barbell Split Squat,6 months (120-240d),20.0,15.0,10.0,2025-04-14,181,,,Unavailable,,
WSP-AB0A6E5C81,active,Bench Press,Barbell Bench Press,12 months (300-450d),43.92,42.5,1.0,2026-01-03,428,78.0,0.563,Live,46.4,0
WSP-AB0A6E5C81,active,Bench Press,Barbell Bench Press,6 months (120-240d),38.75,37.5,1.0,2025-06-25,236,79.6,0.487,Live,29.2,0
WSP-AB0A6E5C81,active,Bench Press,Barbell Bench Press,Baseline (0-60d),30.0,25.0,6.0,2024-12-18,47,92.1,0.326,Live,,0
WSP-AB0A6E5C81,active,Deadlift,Barbell Deadlift,12 months (300-450d),61.67,50.0,7.0,2025-08-29,301,,,Unavailable,54.2,
WSP-AB0A6E5C81,active,Deadlift,Barbell Deadlift,6 months (120-240d),53.33,40.0,10.0,2025-03-04,123,87.6,0.609,Live,33.3,1
WSP-AB0A6E5C81,active,Deadlift,Barbell Deadlift,Baseline (0-60d),40.0,30.0,10.0,2024-12-23,52,89.9,0.445,Below Live,,0
WSP-AB0A6E5C81,active,Farmer Walk 60s,Farmer Walk,12 months (300-450d),50.0,50.0,0.0,2025-12-17,411,78.0,0.641,Below Live,,
WSP-AB0A6E5C81,active,Farmer Walk 60s,Farmer Walk,6 months (120-240d),50.0,50.0,30.0,2025-06-27,238,82.0,0.61,Below Live,,
WSP-AB0A6E5C81,active,Lat Pulldown,Underhand Grip Lat Pulldown,24 months (600-900d),63.0,45.0,12.0,2026-06-29,605,,,Unavailable,,
WSP-AB0A6E5C81,active,Lat Pulldown,Underhand Grip Lat Pulldown,6 months (120-240d),91.0,65.0,12.0,2025-04-23,173,83.9,1.085,Long,,
WSP-AB0A6E5C81,active,Nexus Point Squat,Barbell Front Squat,12 months (300-450d),41.33,40.0,1.0,2025-12-20,414,78.0,0.53,Live,106.7,1
WSP-AB0A6E5C81,active,Nexus Point Squat,Nexus Point Squat,24 months (600-900d),21.0,15.0,12.0,2026-06-29,605,,,Unavailable,5.0,
WSP-AB0A6E5C81,active,Nexus Point Squat,Barbell Front Squat,6 months (120-240d),25.83,25.0,1.0,2025-06-23,234,79.6,0.325,Below Live,29.2,0
WSP-AB0A6E5C81,active,Nexus Point Squat,Barbell Front Squat,Baseline (0-60d),20.0,15.0,10.0,2024-12-30,59,89.9,0.222,Below Live,,0
WSP-AB0A6E5C81,active,Overhead Press,Barbell Overhead Press,12 months (300-450d),25.33,20.0,8.0,2025-12-10,404,78.0,0.325,Live,,
WSP-AB0A6E5C81,active,Overhead Press,Barbell Overhead Press,6 months (120-240d),22.17,17.5,8.0,2025-06-11,222,78.4,0.283,Live,,
WSP-AB0A6E5C81,active,Romanian Deadlift,Barbell Romanian Deadlift,12 months (300-450d),67.17,65.0,1.0,2025-12-20,414,78.0,0.861,Live,,
WSP-AB0A6E5C81,active,Romanian Deadlift,Barbell Romanian Deadlift,6 months (120-240d),63.25,57.5,3.0,2025-06-27,238,82.0,0.771,Live,,
WSP-AB0A6E5C81,active,Split Squat,Barbell Split Squat,12 months (300-450d),24.5,17.5,12.0,2025-10-20,353,76.7,0.319,Unavailable,40.0,
WSP-AB0A6E5C81,active,Split Squat,Barbell Split Squat,6 months (120-240d),41.17,32.5,8.0,2025-06-16,227,78.5,0.524,Unavailable,135.2,
WSP-AB0A6E5C81,active,Split Squat,Barbell Split Squat,Baseline (0-60d),17.5,15.0,5.0,2024-12-30,59,89.9,0.195,Unavailable,,
WSP-7535D2F1E6,active,Bench Press,Barbell Bench Press,12 months (300-450d),33.92,27.5,7.0,2025-10-08,343,,,Unavailable,,
WSP-7535D2F1E6,active,Bench Press,Barbell Bench Press,6 months (120-240d),36.67,27.5,10.0,2025-05-23,205,,,Unavailable,,
WSP-7535D2F1E6,active,Deadlift,Barbell Deadlift,6 months (120-240d),53.33,40.0,10.0,2025-06-27,240,,,Unavailable,,
WSP-7535D2F1E6,active,Lat Pulldown,Underhand Grip Lat Pulldown,12 months (300-450d),75.6,54.0,12.0,2025-10-20,355,,,Unavailable,,
WSP-7535D2F1E6,active,Lat Pulldown,Underhand Grip Lat Pulldown,24 months (600-900d),70.0,50.0,12.0,2026-07-20,628,,,Unavailable,,
WSP-7535D2F1E6,active,Lat Pulldown,Underhand Grip Lat Pulldown,6 months (120-240d),73.33,55.0,10.0,2025-05-23,205,,,Unavailable,,
WSP-7535D2F1E6,active,Nexus Point Squat,Barbell Front Squat,12 months (300-450d),47.5,37.5,8.0,2025-10-20,355,,,Unavailable,,
WSP-7535D2F1E6,active,Nexus Point Squat,Nexus Point Squat,24 months (600-900d),7.0,5.0,12.0,2026-07-20,628,,,Unavailable,,
WSP-7535D2F1E6,active,Split Squat,Barbell Split Squat,24 months (600-900d),4.8,4.0,6.0,2026-07-20,628,,,Unavailable,,
WSP-7535D2F1E6,active,Split Squat,Barbell Split Squat,6 months (120-240d),4.2,3.0,12.0,2025-04-22,174,,,Unavailable,,
WSP-441FFAFE2A,deactivated,Bench Press,Barbell Bench Press,12 months (300-450d),26.67,20.0,10.0,2025-12-11,402,,,Unavailable,,
WSP-441FFAFE2A,deactivated,Bench Press,Barbell Bench Press,6 months (120-240d),2469.13,2002.0,7.0,2025-05-08,185,,,Unavailable,,
WSP-441FFAFE2A,deactivated,Lat Pulldown,Underhand Grip Lat Pulldown,12 months (300-450d),67.2,48.0,12.0,2025-11-04,365,,,Unavailable,,
WSP-441FFAFE2A,deactivated,Lat Pulldown,Underhand Grip Lat Pulldown,6 months (120-240d),66.67,50.0,10.0,2025-05-15,192,,,Unavailable,,
WSP-441FFAFE2A,deactivated,Nexus Point Squat,Barbell Front Squat,12 months (300-450d),10.13,8.0,8.0,2025-09-29,329,,,Unavailable,,
WSP-441FFAFE2A,deactivated,Nexus Point Squat,Barbell Front Squat,6 months (120-240d),13.33,10.0,10.0,2025-06-09,217,,,Unavailable,,
WSP-441FFAFE2A,deactivated,Romanian Deadlift,Barbell Romanian Deadlift,6 months (120-240d),28.5,22.5,8.0,2025-05-19,196,,,Unavailable,,
WSP-CE19BE311D,deactivated,Bench Press,Barbell Bench Press,12 months (300-450d),33.92,27.5,7.0,2025-09-26,315,,,Unavailable,69.6,
WSP-CE19BE311D,deactivated,Bench Press,Barbell Bench Press,6 months (120-240d),35.0,25.0,12.0,2025-04-25,161,,,Unavailable,75.0,
WSP-CE19BE311D,deactivated,Bench Press,Barbell Bench Press,Baseline (0-60d),20.0,15.0,10.0,2024-11-15,0,55.0,0.364,Live,,0
WSP-CE19BE311D,deactivated,Deadlift,Barbell Deadlift,6 months (120-240d),66.5,47.5,12.0,2025-03-21,126,,,Unavailable,-0.2,
WSP-CE19BE311D,deactivated,Deadlift,Barbell Deadlift,Baseline (0-60d),66.67,50.0,10.0,2024-11-22,7,55.0,1.212,Live,,0
WSP-CE19BE311D,deactivated,Lat Pulldown,Underhand Grip Lat Pulldown,12 months (300-450d),69.33,52.0,10.0,2025-09-26,315,,,Unavailable,,
WSP-CE19BE311D,deactivated,Lat Pulldown,Underhand Grip Lat Pulldown,6 months (120-240d),68.33,51.25,10.0,2025-05-23,189,,,Unavailable,,
WSP-CE19BE311D,deactivated,Nexus Point Squat,Barbell Front Squat,12 months (300-450d),36.67,27.5,10.0,2025-09-26,315,,,Unavailable,-8.3,
WSP-CE19BE311D,deactivated,Nexus Point Squat,Barbell Front Squat,Baseline (0-60d),40.0,30.0,10.0,2024-11-22,7,55.0,0.727,Live,,0
WSP-CE19BE311D,deactivated,Romanian Deadlift,Barbell Romanian Deadlift,12 months (300-450d),35.0,25.0,12.0,2025-12-02,382,,,Unavailable,,
WSP-CE19BE311D,deactivated,Romanian Deadlift,Barbell Romanian Deadlift,6 months (120-240d),35.0,25.0,12.0,2025-07-04,231,,,Unavailable,,
WSP-CE19BE311D,deactivated,Split Squat,Barbell Split Squat,12 months (300-450d),20.0,15.0,10.0,2025-10-10,329,,,Unavailable,,
WSP-A33C609992,deactivated,Bench Press,Barbell Bench Press,12 months (300-450d),34.83,27.5,8.0,2025-12-10,392,,,Unavailable,61.4,
WSP-A33C609992,deactivated,Bench Press,Barbell Bench Press,6 months (120-240d),30.83,25.0,7.0,2025-07-02,231,,,Unavailable,42.9,
WSP-A33C609992,deactivated,Bench Press,Barbell Bench Press,Baseline (0-60d),21.58,17.5,7.0,2025-01-06,54,69.0,0.313,Live,,0
WSP-A33C609992,deactivated,Deadlift,Barbell Deadlift,12 months (300-450d),51.0,42.5,6.0,2025-09-19,310,,,Unavailable,39.1,
WSP-A33C609992,deactivated,Deadlift,Barbell Deadlift,6 months (120-240d),38.5,27.5,12.0,2025-07-11,240,,,Unavailable,5.0,
WSP-A33C609992,deactivated,Deadlift,Barbell Deadlift,Baseline (0-60d),36.67,27.5,10.0,2024-12-30,47,69.0,0.531,Live,,0
WSP-A33C609992,deactivated,Farmer Walk 60s,Farmer Walk,12 months (300-450d),40.0,40.0,1.0,2025-12-03,385,,,Unavailable,,
WSP-A33C609992,deactivated,Farmer Walk 60s,Farmer Walk,6 months (120-240d),40.0,40.0,,2025-03-28,135,,,Unavailable,,
WSP-A33C609992,deactivated,Lat Pulldown,Underhand Grip Lat Pulldown,6 months (120-240d),80.0,60.0,10.0,2025-05-07,175,,,Unavailable,,
WSP-A33C609992,deactivated,Nexus Point Squat,Barbell Front Squat,12 months (300-450d),50.67,47.5,2.0,2025-12-15,397,,,Unavailable,261.9,
WSP-A33C609992,deactivated,Nexus Point Squat,Barbell Front Squat,6 months (120-240d),43.92,42.5,1.0,2025-06-23,222,,,Unavailable,213.7,
WSP-A33C609992,deactivated,Nexus Point Squat,Nexus Point Squat,Baseline (0-60d),14.0,10.0,12.0,2025-01-06,54,69.0,0.203,Below Live,,0
WSP-A33C609992,deactivated,Overhead Press,Barbell Overhead Press,12 months (300-450d),19.0,15.0,8.0,2025-11-26,378,,,Unavailable,,
WSP-A33C609992,deactivated,Overhead Press,Barbell Overhead Press,6 months (120-240d),7.6,6.0,8.0,2025-05-28,196,,,Unavailable,,
WSP-A33C609992,deactivated,Romanian Deadlift,Barbell Romanian Deadlift,12 months (300-450d),50.67,40.0,8.0,2025-12-19,401,,,Unavailable,90.0,
WSP-A33C609992,deactivated,Romanian Deadlift,Barbell Romanian Deadlift,6 months (120-240d),56.83,55.0,1.0,2025-03-28,135,,,Unavailable,113.1,
WSP-A33C609992,deactivated,Romanian Deadlift,Barbell Romanian Deadlift,Baseline (0-60d),26.67,20.0,10.0,2025-01-03,51,69.0,0.386,Below Live,,0
WSP-A33C609992,deactivated,Split Squat,Barbell Split Squat,12 months (300-450d),14.0,10.0,12.0,2025-10-20,341,,,Unavailable,,
WSP-A33C609992,deactivated,Split Squat,Barbell Split Squat,6 months (120-240d),13.33,10.0,10.0,2025-03-17,124,,,Unavailable,,
WSP-3B580AE77C,deactivated,Bench Press,Barbell Bench Press,6 months (120-240d),29.25,22.5,9.0,2025-04-01,134,,,Unavailable,30.6,
WSP-3B580AE77C,deactivated,Bench Press,Barbell Bench Press,Baseline (0-60d),22.4,16.0,12.0,2024-12-11,23,78.0,0.287,Live,,0
WSP-3B580AE77C,deactivated,Deadlift,Barbell Deadlift,Baseline (0-60d),30.0,25.0,6.0,2024-12-06,18,78.0,0.385,Below Live,,0
WSP-3B580AE77C,deactivated,Lat Pulldown,Underhand Grip Lat Pulldown,6 months (120-240d),70.0,50.0,12.0,2025-04-08,141,,,Unavailable,,
WSP-3B580AE77C,deactivated,Nexus Point Squat,Nexus Point Squat,Baseline (0-60d),21.0,15.0,12.0,2025-01-03,46,,,Unavailable,,
WSP-3B580AE77C,deactivated,Romanian Deadlift,Barbell Romanian Deadlift,6 months (120-240d),40.0,30.0,10.0,2025-03-28,130,,,Unavailable,42.9,
WSP-3B580AE77C,deactivated,Romanian Deadlift,Barbell Romanian Deadlift,Baseline (0-60d),28.0,20.0,12.0,2025-01-10,53,,,Unavailable,,
WSP-206FFD8871,deactivated,Bench Press,Barbell Bench Press,Baseline (0-60d),22.17,17.5,8.0,2024-12-11,13,57.0,0.389,Live,,0
WSP-206FFD8871,deactivated,Deadlift,Barbell Deadlift,Baseline (0-60d),31.67,25.0,8.0,2024-12-16,18,57.0,0.556,Live,,0
WSP-206FFD8871,deactivated,Lat Pulldown,Underhand Grip Lat Pulldown,6 months (120-240d),66.67,50.0,10.0,2025-05-21,174,,,Unavailable,,
WSP-206FFD8871,deactivated,Nexus Point Squat,Barbell Front Squat,6 months (120-240d),20.0,15.0,10.0,2025-04-21,144,,,Unavailable,11.1,
WSP-206FFD8871,deactivated,Nexus Point Squat,Nexus Point Squat,Baseline (0-60d),18.0,15.0,6.0,2024-11-28,0,57.0,0.316,Below Live,,0
WSP-206FFD8871,deactivated,Romanian Deadlift,Barbell Romanian Deadlift,6 months (120-240d),33.33,25.0,10.0,2025-04-11,134,,,Unavailable,19.0,
WSP-206FFD8871,deactivated,Romanian Deadlift,Barbell Romanian Deadlift,Baseline (0-60d),28.0,20.0,12.0,2025-01-10,43,57.0,0.491,Below Live,,0
WSP-206FFD8871,deactivated,Split Squat,Barbell Split Squat,6 months (120-240d),8.4,6.0,12.0,2025-04-21,144,,,Unavailable,0.0,
WSP-206FFD8871,deactivated,Split Squat,Barbell Split Squat,Baseline (0-60d),8.4,6.0,12.0,2025-01-06,39,57.0,0.147,Unavailable,,
WSP-92A400FCFF,active,Bench Press,Barbell Bench Press,12 months (300-450d),58.0,43.5,10.0,2025-11-19,355,85.3,0.68,Live,22.1,0
WSP-92A400FCFF,active,Bench Press,Barbell Bench Press,6 months (120-240d),54.25,52.5,1.0,2025-06-25,208,,,Unavailable,14.2,
WSP-92A400FCFF,active,Bench Press,Barbell Bench Press,Baseline (0-60d),47.5,37.5,8.0,2024-12-18,19,85.8,0.554,Live,,0
WSP-92A400FCFF,active,Deadlift,Barbell Deadlift,12 months (300-450d),101.33,95.0,2.0,2025-09-26,301,88.6,1.144,Live,280.0,1
WSP-92A400FCFF,active,Deadlift,Barbell Deadlift,6 months (120-240d),65.52,46.8,12.0,2025-07-11,224,,,Unavailable,145.7,
WSP-92A400FCFF,active,Deadlift,Barbell Deadlift,Baseline (0-60d),26.67,20.0,10.0,2024-12-16,17,85.8,0.311,Below Live,,0
WSP-92A400FCFF,active,Farmer Walk 60s,Farmer Walk,12 months (300-450d),104.5,104.5,1.0,2026-02-16,444,,,Unavailable,,
WSP-92A400FCFF,active,Farmer Walk 60s,Farmer Walk,6 months (120-240d),30.0,30.0,1.0,2025-06-27,210,,,Unavailable,,
WSP-92A400FCFF,active,Lat Pulldown,Underhand Grip Lat Pulldown,6 months (120-240d),112.0,80.0,12.0,2025-04-02,124,,,Unavailable,,
WSP-92A400FCFF,active,Nexus Point Squat,Barbell Front Squat,12 months (300-450d),76.0,60.0,8.0,2025-12-15,381,85.3,0.891,Live,171.4,1
WSP-92A400FCFF,active,Nexus Point Squat,Nexus Point Squat,6 months (120-240d),56.0,40.0,12.0,2025-07-21,234,,,Unavailable,100.0,
WSP-92A400FCFF,active,Nexus Point Squat,Barbell Front Squat,Baseline (0-60d),28.0,20.0,12.0,2025-01-13,45,87.2,0.321,Below Live,,0
WSP-92A400FCFF,active,Overhead Press,Barbell Overhead Press,12 months (300-450d),36.0,30.0,6.0,2025-12-10,376,85.3,0.422,Live,,
WSP-92A400FCFF,active,Overhead Press,Barbell Overhead Press,6 months (120-240d),34.83,27.5,8.0,2025-05-28,180,,,Unavailable,,
WSP-92A400FCFF,active,Romanian Deadlift,Barbell Romanian Deadlift,12 months (300-450d),103.33,77.5,10.0,2026-02-16,444,,,Unavailable,93.8,
WSP-92A400FCFF,active,Romanian Deadlift,Barbell Romanian Deadlift,6 months (120-240d),80.0,75.0,2.0,2025-06-27,210,,,Unavailable,50.0,
WSP-92A400FCFF,active,Romanian Deadlift,Barbell Romanian Deadlift,Baseline (0-60d),53.33,40.0,10.0,2025-01-10,42,87.2,0.612,Live,,0
WSP-92A400FCFF,active,Split Squat,Barbell Split Squat,12 months (300-450d),16.8,12.0,12.0,2025-09-29,304,88.6,0.19,Unavailable,-40.0,
WSP-92A400FCFF,active,Split Squat,Barbell Split Squat,6 months (120-240d),47.5,37.5,8.0,2025-06-16,199,,,Unavailable,69.6,
WSP-92A400FCFF,active,Split Squat,Barbell Split Squat,Baseline (0-60d),28.0,20.0,12.0,2025-01-13,45,87.2,0.321,Unavailable,,
WSP-09CE244225,deactivated,Bench Press,Barbell Bench Press,6 months (120-240d),36.67,27.5,10.0,2025-05-22,171,,,Unavailable,37.5,
WSP-09CE244225,deactivated,Bench Press,Barbell Bench Press,Baseline (0-60d),26.67,20.0,10.0,2024-12-11,9,107.0,0.249,Below Live,,0
WSP-09CE244225,deactivated,Lat Pulldown,Underhand Grip Lat Pulldown,6 months (120-240d),84.0,60.0,12.0,2025-05-07,156,,,Unavailable,,
WSP-09CE244225,deactivated,Nexus Point Squat,Nexus Point Squat,6 months (120-240d),21.0,15.0,12.0,2025-04-24,143,,,Unavailable,275.0,
WSP-09CE244225,deactivated,Nexus Point Squat,Barbell Front Squat,Baseline (0-60d),5.6,4.0,12.0,2025-01-13,42,107.0,0.052,Below Live,,0
WSP-09CE244225,deactivated,Split Squat,Barbell Split Squat,6 months (120-240d),9.5,7.5,8.0,2025-04-28,147,,,Unavailable,78.1,
WSP-09CE244225,deactivated,Split Squat,Barbell Split Squat,Baseline (0-60d),5.33,4.0,10.0,2025-01-27,56,,,Unavailable,,
WSP-0AEF177A82,active,Bench Press,Barbell Bench Press,12 months (300-450d),46.5,45.0,1.0,2025-12-24,380,,,Unavailable,40.9,
WSP-0AEF177A82,active,Bench Press,Barbell Bench Press,6 months (120-240d),36.67,27.5,10.0,2025-07-23,226,,,Unavailable,11.1,
WSP-0AEF177A82,active,Bench Press,Barbell Bench Press,Baseline (0-60d),33.0,27.5,6.0,2024-12-18,9,75.0,0.44,Live,,0
WSP-0AEF177A82,active,Deadlift,Barbell Deadlift,6 months (120-240d),45.5,32.5,12.0,2025-07-25,228,,,Unavailable,26.4,
WSP-0AEF177A82,active,Deadlift,Barbell Deadlift,Baseline (0-60d),36.0,30.0,6.0,2024-12-16,7,75.0,0.48,Below Live,,0
WSP-0AEF177A82,active,Farmer Walk 60s,Farmer Walk,12 months (300-450d),22.2,22.2,0.0,2026-02-16,434,,,Unavailable,,
WSP-0AEF177A82,active,Farmer Walk 60s,Farmer Walk,6 months (120-240d),22.5,22.5,20.0,2025-07-11,214,,,Unavailable,,
WSP-0AEF177A82,active,Lat Pulldown,Underhand Grip Lat Pulldown,12 months (300-450d),80.0,60.0,10.0,2025-12-24,380,,,Unavailable,-29.8,
WSP-0AEF177A82,active,Lat Pulldown,Underhand Grip Lat Pulldown,6 months (120-240d),63.0,45.0,12.0,2025-05-26,168,,,Unavailable,-44.7,
WSP-0AEF177A82,active,Lat Pulldown,Underhand Grip Lat Pulldown,Baseline (0-60d),114.0,90.0,8.0,2025-02-03,56,,,Unavailable,,
WSP-0AEF177A82,active,Nexus Point Squat,Barbell Front Squat,12 months (300-450d),47.5,37.5,8.0,2025-12-08,364,,,Unavailable,78.1,
WSP-0AEF177A82,active,Nexus Point Squat,Nexus Point Squat,6 months (120-240d),33.33,25.0,10.0,2025-07-28,231,,,Unavailable,25.0,
WSP-0AEF177A82,active,Nexus Point Squat,Barbell Front Squat,Baseline (0-60d),26.67,20.0,10.0,2025-01-06,28,75.0,0.356,Below Live,,0
WSP-0AEF177A82,active,Overhead Press,Barbell Overhead Press,12 months (300-450d),28.5,22.5,8.0,2026-03-04,450,,,Unavailable,,
WSP-0AEF177A82,active,Overhead Press,Barbell Overhead Press,6 months (120-240d),5.07,4.0,8.0,2025-06-18,191,,,Unavailable,,
WSP-0AEF177A82,active,Romanian Deadlift,Barbell Romanian Deadlift,12 months (300-450d),76.67,57.5,10.0,2026-02-16,434,,,Unavailable,43.8,
WSP-0AEF177A82,active,Romanian Deadlift,Barbell Romanian Deadlift,6 months (120-240d),38.0,30.0,8.0,2025-06-06,179,,,Unavailable,-28.7,
WSP-0AEF177A82,active,Romanian Deadlift,Barbell Romanian Deadlift,Baseline (0-60d),53.33,40.0,10.0,2025-01-10,32,75.0,0.711,Live,,0
WSP-0AEF177A82,active,Split Squat,Barbell Split Squat,12 months (300-450d),6.67,5.0,10.0,2025-10-20,315,,,Unavailable,100.0,
WSP-0AEF177A82,active,Split Squat,Barbell Split Squat,6 months (120-240d),6.33,5.0,8.0,2025-06-09,182,,,Unavailable,90.0,
WSP-0AEF177A82,active,Split Squat,Barbell Split Squat,Baseline (0-60d),3.33,2.5,10.0,2025-02-03,56,,,Unavailable,,
WSP-CF621D1635,deactivated,Bench Press,Barbell Bench Press,6 months (120-240d),27.0,22.5,6.0,2025-05-14,123,,,Unavailable,,
WSP-CF621D1635,deactivated,Nexus Point Squat,Nexus Point Squat,6 months (120-240d),14.0,10.0,12.0,2025-05-14,123,,,Unavailable,,
WSP-D09DDB6BC0,deactivated,Romanian Deadlift,Barbell Romanian Deadlift,6 months (120-240d),31.5,22.5,12.0,2025-05-05,133,,,Unavailable,,
WSP-81921630E8,deactivated,Bench Press,Barbell Bench Press,6 months (120-240d),20.0,15.0,10.0,2025-07-30,203,,,Unavailable,5.3,
WSP-81921630E8,deactivated,Bench Press,Barbell Bench Press,Baseline (0-60d),19.0,15.0,8.0,2025-02-26,49,,,Unavailable,,
WSP-81921630E8,deactivated,Deadlift,Barbell Deadlift,6 months (120-240d),44.33,35.0,8.0,2025-09-05,240,,,Unavailable,,
WSP-81921630E8,deactivated,Farmer Walk 60s,Farmer Walk,6 months (120-240d),15.5,15.5,30.0,2025-07-11,184,,,Unavailable,,
WSP-81921630E8,deactivated,Lat Pulldown,Underhand Grip Lat Pulldown,6 months (120-240d),63.0,45.0,12.0,2025-05-21,133,,,Unavailable,,
WSP-81921630E8,deactivated,Nexus Point Squat,Barbell Front Squat,12 months (300-450d),20.0,15.0,10.0,2025-11-24,320,,,Unavailable,87.5,
WSP-81921630E8,deactivated,Nexus Point Squat,Nexus Point Squat,6 months (120-240d),25.33,20.0,8.0,2025-09-01,236,,,Unavailable,137.5,
WSP-81921630E8,deactivated,Nexus Point Squat,Barbell Front Squat,Baseline (0-60d),10.67,8.0,10.0,2025-03-03,54,,,Unavailable,,
WSP-81921630E8,deactivated,Romanian Deadlift,Barbell Romanian Deadlift,12 months (300-450d),36.67,27.5,10.0,2025-11-21,317,,,Unavailable,31.0,
WSP-81921630E8,deactivated,Romanian Deadlift,Barbell Romanian Deadlift,6 months (120-240d),35.0,25.0,12.0,2025-07-11,184,,,Unavailable,25.0,
WSP-81921630E8,deactivated,Romanian Deadlift,Barbell Romanian Deadlift,Baseline (0-60d),28.0,20.0,12.0,2025-02-14,37,53.0,0.528,Below Live,,0
WSP-81921630E8,deactivated,Split Squat,Barbell Split Squat,6 months (120-240d),9.0,7.5,6.0,2025-06-02,145,,,Unavailable,150.0,
WSP-81921630E8,deactivated,Split Squat,Barbell Split Squat,Baseline (0-60d),3.6,3.0,6.0,2025-03-03,54,,,Unavailable,,
WSP-1E12FF782F,deactivated,Bench Press,Barbell Bench Press,6 months (120-240d),43.92,42.5,1.0,2025-06-25,163,,,Unavailable,31.8,
WSP-1E12FF782F,deactivated,Bench Press,Barbell Bench Press,Baseline (0-60d),33.33,25.0,10.0,2025-01-13,0,81.0,0.412,Live,,0
WSP-1E12FF782F,deactivated,Lat Pulldown,Underhand Grip Lat Pulldown,6 months (120-240d),86.67,65.0,10.0,2025-05-21,128,,,Unavailable,,
WSP-1E12FF782F,deactivated,Nexus Point Squat,Barbell Front Squat,6 months (120-240d),41.25,37.5,3.0,2025-06-23,161,,,Unavailable,96.4,
WSP-1E12FF782F,deactivated,Nexus Point Squat,Nexus Point Squat,Baseline (0-60d),21.0,15.0,12.0,2025-01-13,0,81.0,0.259,Below Live,,0
WSP-1E12FF782F,deactivated,Overhead Press,Barbell Overhead Press,6 months (120-240d),25.33,20.0,8.0,2025-06-04,142,,,Unavailable,,
WSP-1E12FF782F,deactivated,Romanian Deadlift,Barbell Romanian Deadlift,Baseline (0-60d),42.0,30.0,12.0,2025-01-13,0,81.0,0.519,Below Live,,0
WSP-1E12FF782F,deactivated,Split Squat,Barbell Split Squat,6 months (120-240d),28.5,22.5,8.0,2025-06-02,140,,,Unavailable,,
WSP-7AA21CB1F4,active,Bench Press,Barbell Bench Press,12 months (300-450d),42.43,33.5,8.0,2025-12-20,334,84.1,0.505,Live,28.6,0
WSP-7AA21CB1F4,active,Bench Press,Barbell Bench Press,6 months (120-240d),40.08,32.5,7.0,2025-09-10,233,84.2,0.476,Live,21.5,0
WSP-7AA21CB1F4,active,Bench Press,Barbell Bench Press,Baseline (0-60d),33.0,27.5,6.0,2025-03-19,58,84.6,0.39,Live,,0
WSP-7AA21CB1F4,active,Deadlift,Barbell Deadlift,12 months (300-450d),76.67,57.5,10.0,2026-04-13,448,83.0,0.924,Live,,
WSP-7AA21CB1F4,active,Deadlift,Barbell Deadlift,6 months (120-240d),73.33,55.0,10.0,2025-08-22,214,84.2,0.871,Live,,
WSP-7AA21CB1F4,active,Farmer Walk 60s,Farmer Walk,12 months (300-450d),30.0,30.0,0.0,2026-02-02,378,84.0,0.357,Below Live,,
WSP-7AA21CB1F4,active,Farmer Walk 60s,Farmer Walk,6 months (120-240d),40.0,40.0,1.0,2025-07-18,179,82.65,0.484,Below Live,,
WSP-7AA21CB1F4,active,Lat Pulldown,Underhand Grip Lat Pulldown,6 months (120-240d),73.33,55.0,10.0,2025-06-30,161,83.65,0.877,Long,,
WSP-7AA21CB1F4,active,Nexus Point Squat,Barbell Front Squat,12 months (300-450d),62.0,60.0,1.0,2025-12-22,336,84.1,0.737,Live,87.9,1
WSP-7AA21CB1F4,active,Nexus Point Squat,Nexus Point Squat,6 months (120-240d),76.0,60.0,8.0,2025-09-15,238,84.2,0.903,Live,130.3,1
WSP-7AA21CB1F4,active,Nexus Point Squat,Barbell Front Squat,Baseline (0-60d),33.0,27.5,6.0,2025-03-17,56,84.6,0.39,Below Live,,0
WSP-7AA21CB1F4,active,Overhead Press,Barbell Overhead Press,12 months (300-450d),31.0,30.0,1.0,2026-03-25,429,84.7,0.366,Live,,
WSP-7AA21CB1F4,active,Overhead Press,Barbell Overhead Press,6 months (120-240d),24.0,20.0,6.0,2025-06-04,135,83.0,0.289,Live,,
WSP-7AA21CB1F4,active,Romanian Deadlift,Barbell Romanian Deadlift,12 months (300-450d),98.17,95.0,1.0,2026-03-23,427,84.7,1.159,Live,133.7,1
WSP-7AA21CB1F4,active,Romanian Deadlift,Barbell Romanian Deadlift,6 months (120-240d),80.6,78.0,1.0,2025-06-27,158,83.65,0.964,Live,91.9,1
WSP-7AA21CB1F4,active,Romanian Deadlift,Barbell Romanian Deadlift,Baseline (0-60d),42.0,35.0,6.0,2025-03-14,53,84.6,0.496,Below Live,,0
WSP-7AA21CB1F4,active,Split Squat,Barbell Split Squat,6 months (120-240d),27.0,22.5,6.0,2025-06-09,140,83.0,0.325,Unavailable,12.5,
WSP-7AA21CB1F4,active,Split Squat,Barbell Split Squat,Baseline (0-60d),24.0,20.0,6.0,2025-03-17,56,84.6,0.284,Unavailable,,
WSP-A440F0FC5B,active,Bench Press,Barbell Bench Press,12 months (300-450d),25.9,21.0,7.0,2025-12-10,337,85.1,0.304,Live,,
WSP-A440F0FC5B,active,Bench Press,Barbell Bench Press,6 months (120-240d),23.92,17.5,11.0,2025-07-23,197,86.6,0.276,Live,,
WSP-A440F0FC5B,active,Deadlift,Barbell Deadlift,12 months (300-450d),32.13,24.1,10.0,2026-03-30,447,,,Unavailable,,
WSP-A440F0FC5B,active,Deadlift,Barbell Deadlift,6 months (120-240d),37.24,26.6,12.0,2025-07-25,199,86.6,0.43,Below Live,,
WSP-A440F0FC5B,active,Farmer Walk 60s,Farmer Walk,12 months (300-450d),17.5,17.5,1.0,2025-12-10,337,85.1,0.206,Below Live,,
WSP-A440F0FC5B,active,Farmer Walk 60s,Farmer Walk,6 months (120-240d),12.5,12.5,1.0,2025-07-11,185,84.8,0.147,Below Live,,
WSP-A440F0FC5B,active,Lat Pulldown,Underhand Grip Lat Pulldown,12 months (300-450d),76.0,60.0,8.0,2025-12-12,339,85.1,0.893,Long,,
WSP-A440F0FC5B,active,Lat Pulldown,Underhand Grip Lat Pulldown,6 months (120-240d),60.0,45.0,10.0,2025-05-21,134,88.5,0.678,Live,,
WSP-A440F0FC5B,active,Nexus Point Squat,Barbell Front Squat,12 months (300-450d),19.0,15.0,8.0,2026-03-20,437,,,Unavailable,171.4,
WSP-A440F0FC5B,active,Nexus Point Squat,Nexus Point Squat,6 months (120-240d),11.2,8.0,12.0,2025-08-18,223,86.1,0.13,Below Live,60.0,0
WSP-A440F0FC5B,active,Nexus Point Squat,Barbell Front Squat,Baseline (0-60d),7.0,5.0,12.0,2025-01-20,13,86.2,0.081,Below Live,,0
WSP-A440F0FC5B,active,Overhead Press,Barbell Overhead Press,12 months (300-450d),6.33,5.0,8.0,2025-11-26,323,85.1,0.074,Below Live,,
WSP-A440F0FC5B,active,Overhead Press,Barbell Overhead Press,6 months (120-240d),7.2,6.0,6.0,2025-06-11,155,85.8,0.084,Below Live,,
WSP-A440F0FC5B,active,Romanian Deadlift,Barbell Romanian Deadlift,12 months (300-450d),45.5,32.5,12.0,2026-01-05,363,,,Unavailable,753.1,
WSP-A440F0FC5B,active,Romanian Deadlift,Barbell Romanian Deadlift,6 months (120-240d),30.6,25.5,6.0,2025-05-30,143,85.8,0.357,Below Live,473.8,0
WSP-A440F0FC5B,active,Romanian Deadlift,Barbell Romanian Deadlift,Baseline (0-60d),5.33,4.0,10.0,2025-02-07,31,85.3,0.063,Below Live,,0
WSP-A440F0FC5B,active,Split Squat,Barbell Split Squat,12 months (300-450d),6.67,5.0,10.0,2026-02-06,395,,,Unavailable,,
WSP-A440F0FC5B,active,Split Squat,Barbell Split Squat,Baseline (0-60d),0.0,0.0,12.0,2025-01-20,13,86.2,,Unavailable,,
WSP-A8A29BD2C6,deactivated,Bench Press,Barbell Bench Press,12 months (300-450d),24.5,17.5,12.0,2026-02-24,376,,,Unavailable,,
WSP-A8A29BD2C6,deactivated,Bench Press,Barbell Bench Press,6 months (120-240d),27.33,20.0,11.0,2025-07-22,159,,,Unavailable,,
WSP-A8A29BD2C6,deactivated,Deadlift,Barbell Deadlift,6 months (120-240d),25.2,18.0,12.0,2025-07-01,138,,,Unavailable,-24.4,
WSP-A8A29BD2C6,deactivated,Deadlift,Barbell Deadlift,Baseline (0-60d),33.33,25.0,10.0,2025-04-01,47,,,Unavailable,,
WSP-A8A29BD2C6,deactivated,Lat Pulldown,Underhand Grip Lat Pulldown,12 months (300-450d),59.53,47.0,8.0,2025-12-18,308,,,Unavailable,48.8,
WSP-A8A29BD2C6,deactivated,Lat Pulldown,Underhand Grip Lat Pulldown,6 months (120-240d),65.0,50.0,9.0,2025-06-24,131,,,Unavailable,62.5,
WSP-A8A29BD2C6,deactivated,Lat Pulldown,Underhand Grip Lat Pulldown,Baseline (0-60d),40.0,30.0,10.0,2025-04-01,47,,,Unavailable,,
WSP-A8A29BD2C6,deactivated,Nexus Point Squat,Barbell Front Squat,12 months (300-450d),26.67,20.0,10.0,2025-12-22,312,,,Unavailable,52.4,
WSP-A8A29BD2C6,deactivated,Nexus Point Squat,Barbell Front Squat,6 months (120-240d),30.0,22.5,10.0,2025-07-01,138,,,Unavailable,71.4,
WSP-A8A29BD2C6,deactivated,Nexus Point Squat,Barbell Front Squat,Baseline (0-60d),17.5,12.5,12.0,2025-03-25,40,,,Unavailable,,
WSP-A8A29BD2C6,deactivated,Romanian Deadlift,Barbell Romanian Deadlift,12 months (300-450d),38.0,30.0,8.0,2025-12-18,308,,,Unavailable,,
WSP-A8A29BD2C6,deactivated,Romanian Deadlift,Barbell Romanian Deadlift,6 months (120-240d),35.0,25.0,12.0,2025-07-22,159,,,Unavailable,,
WSP-A8A29BD2C6,deactivated,Split Squat,Barbell Split Squat,12 months (300-450d),23.33,17.5,10.0,2026-03-13,393,,,Unavailable,66.7,
WSP-A8A29BD2C6,deactivated,Split Squat,Barbell Split Squat,6 months (120-240d),25.33,20.0,8.0,2025-10-05,234,,,Unavailable,81.0,
WSP-A8A29BD2C6,deactivated,Split Squat,Barbell Split Squat,Baseline (0-60d),14.0,10.0,12.0,2025-02-27,14,63.0,0.222,Unavailable,,
WSP-B303D39D2E,active,Bench Press,Barbell Bench Press,12 months (300-450d),38.0,30.0,8.0,2025-11-19,316,,,Unavailable,33.3,
WSP-B303D39D2E,active,Bench Press,Barbell Bench Press,6 months (120-240d),34.83,27.5,8.0,2025-08-27,232,,,Unavailable,22.2,
WSP-B303D39D2E,active,Bench Press,Barbell Bench Press,Baseline (0-60d),28.5,22.5,8.0,2025-02-26,50,,,Unavailable,,
WSP-B303D39D2E,active,Deadlift,Barbell Deadlift,12 months (300-450d),53.33,40.0,10.0,2026-03-30,447,,,Unavailable,,
WSP-B303D39D2E,active,Deadlift,Barbell Deadlift,6 months (120-240d),60.17,47.5,8.0,2025-08-29,234,,,Unavailable,,
WSP-B303D39D2E,active,Farmer Walk 60s,Farmer Walk,12 months (300-450d),22.5,22.5,1.0,2026-03-23,440,,,Unavailable,,
WSP-B303D39D2E,active,Farmer Walk 60s,Farmer Walk,6 months (120-240d),17.5,17.5,60.0,2025-07-04,178,,,Unavailable,,
WSP-B303D39D2E,active,Lat Pulldown,Underhand Grip Lat Pulldown,12 months (300-450d),77.0,55.0,12.0,2026-01-16,374,,,Unavailable,,
WSP-B303D39D2E,active,Lat Pulldown,Underhand Grip Lat Pulldown,6 months (120-240d),91.0,65.0,12.0,2025-06-30,174,,,Unavailable,,
WSP-B303D39D2E,active,Nexus Point Squat,Barbell Front Squat,12 months (300-450d),43.92,42.5,1.0,2026-03-27,444,,,Unavailable,177.4,
WSP-B303D39D2E,active,Nexus Point Squat,Nexus Point Squat,6 months (120-240d),33.33,25.0,10.0,2025-07-28,202,,,Unavailable,110.5,
WSP-B303D39D2E,active,Nexus Point Squat,Barbell Front Squat,Baseline (0-60d),15.83,12.5,8.0,2025-03-03,55,,,Unavailable,,
WSP-B303D39D2E,active,Overhead Press,Barbell Overhead Press,12 months (300-450d),27.0,22.5,6.0,2026-03-18,435,,,Unavailable,,
WSP-B303D39D2E,active,Overhead Press,Barbell Overhead Press,6 months (120-240d),20.27,16.0,8.0,2025-05-28,141,,,Unavailable,,
WSP-B303D39D2E,active,Romanian Deadlift,Barbell Romanian Deadlift,12 months (300-450d),72.33,70.0,1.0,2025-12-18,345,,,Unavailable,107.7,
WSP-B303D39D2E,active,Romanian Deadlift,Barbell Romanian Deadlift,6 months (120-240d),36.67,27.5,10.0,2025-05-09,122,,,Unavailable,5.3,
WSP-B303D39D2E,active,Romanian Deadlift,Barbell Romanian Deadlift,Baseline (0-60d),34.83,27.5,8.0,2025-02-28,52,,,Unavailable,,
WSP-B303D39D2E,active,Split Squat,Barbell Split Squat,6 months (120-240d),21.33,16.0,10.0,2025-09-04,240,,,Unavailable,236.8,
WSP-B303D39D2E,active,Split Squat,Barbell Split Squat,Baseline (0-60d),6.33,5.0,8.0,2025-02-24,48,,,Unavailable,,
WSP-4614A2179D,active,Bench Press,Barbell Bench Press,12 months (300-450d),34.67,26.0,10.0,2026-04-01,446,,,Unavailable,82.5,
WSP-4614A2179D,active,Bench Press,Barbell Bench Press,6 months (120-240d),36.67,27.5,10.0,2025-08-13,215,,,Unavailable,93.0,
WSP-4614A2179D,active,Bench Press,Barbell Bench Press,Baseline (0-60d),19.0,15.0,8.0,2025-02-26,47,,,Unavailable,,
WSP-4614A2179D,active,Deadlift,Barbell Deadlift,12 months (300-450d),86.67,65.0,10.0,2026-03-30,444,,,Unavailable,,
WSP-4614A2179D,active,Deadlift,Barbell Deadlift,6 months (120-240d),73.33,55.0,10.0,2025-08-22,224,,,Unavailable,,
WSP-4614A2179D,active,Farmer Walk 60s,Farmer Walk,12 months (300-450d),17.5,17.5,1.0,2025-12-29,353,,,Unavailable,,
WSP-4614A2179D,active,Farmer Walk 60s,Farmer Walk,6 months (120-240d),20.0,20.0,1.0,2025-07-11,182,,,Unavailable,,
WSP-4614A2179D,active,Lat Pulldown,Underhand Grip Lat Pulldown,6 months (120-240d),82.67,62.0,10.0,2025-05-21,131,,,Unavailable,,
WSP-4614A2179D,active,Nexus Point Squat,Barbell Front Squat,12 months (300-450d),49.08,47.5,1.0,2026-03-27,441,,,Unavailable,55.0,
WSP-4614A2179D,active,Nexus Point Squat,Barbell Front Squat,6 months (120-240d),34.67,32.5,2.0,2025-06-23,164,,,Unavailable,9.5,
WSP-4614A2179D,active,Nexus Point Squat,Barbell Front Squat,Baseline (0-60d),31.67,25.0,8.0,2025-03-03,52,,,Unavailable,,
WSP-4614A2179D,active,Overhead Press,Barbell Overhead Press,12 months (300-450d),27.0,22.5,6.0,2026-03-11,425,,,Unavailable,,
WSP-4614A2179D,active,Overhead Press,Barbell Overhead Press,6 months (120-240d),7.2,6.0,6.0,2025-06-11,152,,,Unavailable,,
WSP-4614A2179D,active,Romanian Deadlift,Barbell Romanian Deadlift,12 months (300-450d),100.75,97.5,1.0,2026-03-23,437,,,Unavailable,165.1,
WSP-4614A2179D,active,Romanian Deadlift,Barbell Romanian Deadlift,6 months (120-240d),68.75,62.5,3.0,2025-06-27,168,,,Unavailable,80.9,
WSP-4614A2179D,active,Romanian Deadlift,Barbell Romanian Deadlift,Baseline (0-60d),38.0,30.0,8.0,2025-02-07,28,68.0,0.559,Below Live,,0
WSP-4614A2179D,active,Split Squat,Barbell Split Squat,6 months (120-240d),11.4,9.0,8.0,2025-06-16,157,,,Unavailable,-10.0,
WSP-4614A2179D,active,Split Squat,Barbell Split Squat,Baseline (0-60d),12.67,10.0,8.0,2025-02-17,38,68.0,0.186,Unavailable,,
WSP-9D2E5E5705,deactivated,Bench Press,Barbell Bench Press,6 months (120-240d),36.67,27.5,10.0,2025-07-09,170,89.0,0.412,Live,1.9,0
WSP-9D2E5E5705,deactivated,Bench Press,Barbell Bench Press,Baseline (0-60d),36.0,30.0,6.0,2025-03-12,51,103.0,0.35,Live,,0
WSP-9D2E5E5705,deactivated,Deadlift,Barbell Deadlift,6 months (120-240d),49.0,35.0,12.0,2025-07-04,165,89.0,0.551,Live,,
WSP-9D2E5E5705,deactivated,Farmer Walk 60s,Farmer Walk,6 months (120-240d),25.0,25.0,45.0,2025-06-27,158,89.0,0.281,Below Live,,
WSP-9D2E5E5705,deactivated,Lat Pulldown,Underhand Grip Lat Pulldown,6 months (120-240d),98.0,70.0,12.0,2025-06-30,161,89.0,1.101,Long,,
WSP-9D2E5E5705,deactivated,Nexus Point Squat,Barbell Front Squat,6 months (120-240d),17.07,16.0,2.0,2025-06-23,154,,,Unavailable,68.4,
WSP-9D2E5E5705,deactivated,Nexus Point Squat,Barbell Front Squat,Baseline (0-60d),10.13,8.0,8.0,2025-03-17,56,103.0,0.098,Below Live,,0
WSP-9D2E5E5705,deactivated,Romanian Deadlift,Barbell Romanian Deadlift,6 months (120-240d),58.67,55.0,2.0,2025-06-27,158,89.0,0.659,Live,23.5,1
WSP-9D2E5E5705,deactivated,Romanian Deadlift,Barbell Romanian Deadlift,Baseline (0-60d),47.5,37.5,8.0,2025-03-21,60,103.0,0.461,Below Live,,0
WSP-9D2E5E5705,deactivated,Split Squat,Barbell Split Squat,Baseline (0-60d),10.13,8.0,8.0,2025-03-17,56,103.0,0.098,Unavailable,,
WSP-3DA678F096,deactivated,Bench Press,Barbell Bench Press,12 months (300-450d),47.5,37.5,8.0,2025-12-10,316,,,Unavailable,22.6,
WSP-3DA678F096,deactivated,Bench Press,Barbell Bench Press,6 months (120-240d),45.6,36.0,8.0,2025-09-03,218,,,Unavailable,17.7,
WSP-3DA678F096,deactivated,Bench Press,Barbell Bench Press,Baseline (0-60d),38.75,37.5,1.0,2025-03-26,57,,,Unavailable,,
WSP-3DA678F096,deactivated,Deadlift,Barbell Deadlift,12 months (300-450d),72.0,60.0,6.0,2026-03-30,426,,,Unavailable,,
WSP-3DA678F096,deactivated,Deadlift,Barbell Deadlift,6 months (120-240d),76.0,60.0,8.0,2025-09-19,234,,,Unavailable,,
WSP-3DA678F096,deactivated,Farmer Walk 60s,Farmer Walk,12 months (300-450d),25.0,25.0,1.0,2025-12-10,316,,,Unavailable,,
WSP-3DA678F096,deactivated,Farmer Walk 60s,Farmer Walk,6 months (120-240d),25.0,25.0,,2025-06-27,150,,,Unavailable,,
WSP-3DA678F096,deactivated,Nexus Point Squat,Barbell Front Squat,12 months (300-450d),44.33,35.0,8.0,2025-12-08,314,,,Unavailable,22.6,
WSP-3DA678F096,deactivated,Nexus Point Squat,Nexus Point Squat,6 months (120-240d),51.67,50.0,1.0,2025-09-19,234,,,Unavailable,42.9,
WSP-3DA678F096,deactivated,Nexus Point Squat,Barbell Front Squat,Baseline (0-60d),36.17,35.0,1.0,2025-03-24,55,,,Unavailable,,
WSP-3DA678F096,deactivated,Overhead Press,Barbell Overhead Press,12 months (300-450d),25.83,25.0,1.0,2026-03-20,416,,,Unavailable,,
WSP-3DA678F096,deactivated,Overhead Press,Barbell Overhead Press,6 months (120-240d),23.43,18.5,8.0,2025-06-18,141,,,Unavailable,,
WSP-3DA678F096,deactivated,Romanian Deadlift,Barbell Romanian Deadlift,12 months (300-450d),85.25,82.5,1.0,2026-03-20,416,,,Unavailable,49.6,
WSP-3DA678F096,deactivated,Romanian Deadlift,Barbell Romanian Deadlift,6 months (120-240d),82.67,80.0,1.0,2025-06-27,150,,,Unavailable,45.0,
WSP-3DA678F096,deactivated,Romanian Deadlift,Barbell Romanian Deadlift,Baseline (0-60d),57.0,45.0,8.0,2025-03-21,52,,,Unavailable,,
WSP-3DA678F096,deactivated,Split Squat,Barbell Split Squat,6 months (120-240d),19.0,15.0,8.0,2025-06-16,139,,,Unavailable,0.0,
WSP-3DA678F096,deactivated,Split Squat,Barbell Split Squat,Baseline (0-60d),19.0,15.0,8.0,2025-02-17,20,75.0,0.253,Unavailable,,
WSP-B5C401EEAE,deactivated,Bench Press,Barbell Bench Press,6 months (120-240d),33.33,25.0,10.0,2025-09-05,226,,,Unavailable,75.4,
WSP-B5C401EEAE,deactivated,Bench Press,Barbell Bench Press,Baseline (0-60d),19.0,15.0,8.0,2025-03-12,49,60.0,0.317,Live,,0
WSP-B5C401EEAE,deactivated,Nexus Point Squat,Barbell Front Squat,Baseline (0-60d),10.67,8.0,10.0,2025-02-03,12,60.0,0.178,Below Live,,0
WSP-B5C401EEAE,deactivated,Romanian Deadlift,Barbell Romanian Deadlift,6 months (120-240d),53.33,40.0,10.0,2025-07-15,174,,,Unavailable,154.0,
WSP-B5C401EEAE,deactivated,Romanian Deadlift,Barbell Romanian Deadlift,Baseline (0-60d),21.0,15.0,12.0,2025-03-20,57,60.0,0.35,Below Live,,0
WSP-B5C401EEAE,deactivated,Split Squat,Barbell Split Squat,Baseline (0-60d),0.0,0.0,8.0,2025-02-03,12,60.0,,Unavailable,,
WSP-028E39AF33,active,Deadlift,Barbell Deadlift,6 months (120-240d),50.67,40.0,8.0,2025-09-12,227,,,Unavailable,,
WSP-028E39AF33,active,Farmer Walk 60s,Farmer Walk,12 months (300-450d),18.0,18.0,1.0,2026-01-19,356,,,Unavailable,-48.6,
WSP-028E39AF33,active,Farmer Walk 60s,Farmer Walk,6 months (120-240d),30.0,30.0,1.0,2025-07-04,157,,,Unavailable,-14.3,
WSP-028E39AF33,active,Farmer Walk 60s,Farmer Walk,Baseline (0-60d),35.0,35.0,1.0,2025-03-28,59,,,Unavailable,,
WSP-028E39AF33,active,Nexus Point Squat,Barbell Front Squat,12 months (300-450d),25.33,20.0,8.0,2025-12-01,307,,,Unavailable,14.3,
WSP-028E39AF33,active,Nexus Point Squat,Nexus Point Squat,6 months (120-240d),27.5,25.0,3.0,2025-09-22,237,,,Unavailable,24.1,
WSP-028E39AF33,active,Nexus Point Squat,Barbell Front Squat,Baseline (0-60d),22.17,17.5,8.0,2025-02-24,27,56.0,0.396,Below Live,,0
WSP-028E39AF33,active,Romanian Deadlift,Barbell Romanian Deadlift,12 months (300-450d),47.5,37.5,8.0,2025-12-12,318,,,Unavailable,1.6,
WSP-028E39AF33,active,Romanian Deadlift,Barbell Romanian Deadlift,Baseline (0-60d),46.75,42.5,3.0,2025-03-28,59,,,Unavailable,,
WSP-028E39AF33,active,Split Squat,Barbell Split Squat,Baseline (0-60d),7.6,6.0,8.0,2025-02-24,27,56.0,0.136,Unavailable,,
WSP-307A72735D,deactivated,Deadlift,Barbell Deadlift,6 months (120-240d),38.0,30.0,8.0,2025-08-29,203,,,Unavailable,90.0,
WSP-307A72735D,deactivated,Deadlift,Barbell Deadlift,Baseline (0-60d),20.0,15.0,10.0,2025-02-27,20,80.0,0.25,Below Live,,0
WSP-307A72735D,deactivated,Farmer Walk 60s,Farmer Walk,12 months (300-450d),25.0,25.0,,2026-01-26,353,,,Unavailable,,
WSP-307A72735D,deactivated,Farmer Walk 60s,Farmer Walk,6 months (120-240d),27.0,27.0,,2025-07-11,154,,,Unavailable,,
WSP-307A72735D,deactivated,Lat Pulldown,Underhand Grip Lat Pulldown,12 months (300-450d),76.0,60.0,8.0,2025-12-05,301,,,Unavailable,-16.5,
WSP-307A72735D,deactivated,Lat Pulldown,Underhand Grip Lat Pulldown,6 months (120-240d),76.0,57.0,10.0,2025-08-25,199,,,Unavailable,-16.5,
WSP-307A72735D,deactivated,Lat Pulldown,Underhand Grip Lat Pulldown,Baseline (0-60d),91.0,65.0,12.0,2025-03-17,38,80.0,1.137,Long,,0
WSP-307A72735D,deactivated,Nexus Point Squat,Nexus Point Squat,6 months (120-240d),30.8,28.0,3.0,2025-09-22,227,,,Unavailable,76.0,
WSP-307A72735D,deactivated,Nexus Point Squat,Barbell Front Squat,Baseline (0-60d),17.5,12.5,12.0,2025-04-07,59,,,Unavailable,,
WSP-307A72735D,deactivated,Romanian Deadlift,Barbell Romanian Deadlift,12 months (300-450d),45.0,37.5,6.0,2025-12-05,301,,,Unavailable,28.6,
WSP-307A72735D,deactivated,Romanian Deadlift,Barbell Romanian Deadlift,6 months (120-240d),33.33,25.0,10.0,2025-07-04,147,,,Unavailable,-4.8,
WSP-307A72735D,deactivated,Romanian Deadlift,Barbell Romanian Deadlift,Baseline (0-60d),35.0,25.0,12.0,2025-04-04,56,,,Unavailable,,
WSP-307A72735D,deactivated,Split Squat,Barbell Split Squat,Baseline (0-60d),7.0,5.0,12.0,2025-03-31,52,,,Unavailable,,
WSP-AF093243DC,deactivated,Bench Press,Barbell Bench Press,6 months (120-240d),25.33,20.0,8.0,2025-09-01,195,,,Unavailable,8.6,
WSP-AF093243DC,deactivated,Bench Press,Barbell Bench Press,Baseline (0-60d),23.33,17.5,10.0,2025-04-18,59,,,Unavailable,,
WSP-AF093243DC,deactivated,Deadlift,Barbell Deadlift,6 months (120-240d),21.0,15.0,12.0,2025-07-01,133,,,Unavailable,-45.5,
WSP-AF093243DC,deactivated,Deadlift,Barbell Deadlift,Baseline (0-60d),38.5,27.5,12.0,2025-04-18,59,,,Unavailable,,
WSP-AF093243DC,deactivated,Lat Pulldown,Underhand Grip Lat Pulldown,6 months (120-240d),63.0,45.0,12.0,2025-09-22,216,,,Unavailable,,
WSP-AF093243DC,deactivated,Nexus Point Squat,Barbell Front Squat,6 months (120-240d),24.5,17.5,12.0,2025-09-29,223,,,Unavailable,16.7,
WSP-AF093243DC,deactivated,Nexus Point Squat,Barbell Front Squat,Baseline (0-60d),21.0,15.0,12.0,2025-04-15,56,,,Unavailable,,
WSP-AF093243DC,deactivated,Romanian Deadlift,Barbell Romanian Deadlift,6 months (120-240d),11.2,8.0,12.0,2025-07-15,147,,,Unavailable,,
WSP-AF093243DC,deactivated,Split Squat,Barbell Split Squat,6 months (120-240d),16.0,12.0,10.0,2025-10-13,237,,,Unavailable,,
WSP-0516E1CE19,active,Bench Press,Barbell Bench Press,12 months (300-450d),54.0,45.0,6.0,2026-04-29,431,,,Unavailable,113.2,
WSP-0516E1CE19,active,Bench Press,Barbell Bench Press,6 months (120-240d),43.17,35.0,7.0,2025-09-10,200,,,Unavailable,70.4,
WSP-0516E1CE19,active,Bench Press,Barbell Bench Press,Baseline (0-60d),25.33,20.0,8.0,2025-03-19,25,85.0,0.298,Live,,0
WSP-0516E1CE19,active,Deadlift,Barbell Deadlift,12 months (300-450d),57.0,45.0,8.0,2026-04-27,429,,,Unavailable,216.7,
WSP-0516E1CE19,active,Deadlift,Barbell Deadlift,6 months (120-240d),49.0,35.0,12.0,2025-07-18,146,,,Unavailable,172.2,
WSP-0516E1CE19,active,Deadlift,Barbell Deadlift,Baseline (0-60d),18.0,15.0,6.0,2025-02-22,0,85.0,0.212,Below Live,,0
WSP-0516E1CE19,active,Farmer Walk 60s,Farmer Walk,12 months (300-450d),25.0,25.0,0.0,2026-03-23,394,,,Unavailable,-28.6,
WSP-0516E1CE19,active,Farmer Walk 60s,Farmer Walk,6 months (120-240d),20.0,20.0,45.0,2025-07-18,146,,,Unavailable,-42.9,
WSP-0516E1CE19,active,Farmer Walk 60s,Farmer Walk,Baseline (0-60d),35.0,35.0,,2025-03-28,34,85.0,0.412,Below Live,,0
WSP-0516E1CE19,active,Lat Pulldown,Underhand Grip Lat Pulldown,Baseline (0-60d),70.0,50.0,12.0,2025-04-04,41,85.0,0.824,Long,,0
WSP-0516E1CE19,active,Nexus Point Squat,Nexus Point Squat,6 months (120-240d),57.0,45.0,8.0,2025-08-25,184,,,Unavailable,72.7,
WSP-0516E1CE19,active,Nexus Point Squat,Barbell Front Squat,Baseline (0-60d),33.0,30.0,3.0,2025-03-24,30,85.0,0.388,Below Live,,0
WSP-0516E1CE19,active,Overhead Press,Barbell Overhead Press,12 months (300-450d),34.83,27.5,8.0,2026-03-18,389,,,Unavailable,,
WSP-0516E1CE19,active,Romanian Deadlift,Barbell Romanian Deadlift,12 months (300-450d),73.37,71.0,1.0,2026-03-23,394,,,Unavailable,74.7,
WSP-0516E1CE19,active,Romanian Deadlift,Barbell Romanian Deadlift,6 months (120-240d),53.33,40.0,10.0,2025-10-17,237,,,Unavailable,27.0,
WSP-0516E1CE19,active,Romanian Deadlift,Barbell Romanian Deadlift,Baseline (0-60d),42.0,30.0,12.0,2025-04-19,56,,,Unavailable,,
WSP-0516E1CE19,active,Split Squat,Barbell Split Squat,6 months (120-240d),12.0,9.0,10.0,2025-10-20,240,,,Unavailable,71.4,
WSP-0516E1CE19,active,Split Squat,Barbell Split Squat,Baseline (0-60d),7.0,5.0,12.0,2025-03-31,37,85.0,0.082,Unavailable,,
WSP-EB89E506A9,active,Bench Press,Barbell Bench Press,12 months (300-450d),67.17,65.0,1.0,2026-03-26,399,,,Unavailable,18.5,
WSP-EB89E506A9,active,Bench Press,Barbell Bench Press,6 months (120-240d),63.33,50.0,8.0,2025-09-11,203,,,Unavailable,11.8,
WSP-EB89E506A9,active,Bench Press,Barbell Bench Press,Baseline (0-60d),56.67,42.5,10.0,2025-04-07,46,,,Unavailable,,
WSP-EB89E506A9,active,Deadlift,Barbell Deadlift,6 months (120-240d),120.33,95.0,8.0,2025-09-06,198,,,Unavailable,3.1,
WSP-EB89E506A9,active,Deadlift,Barbell Deadlift,Baseline (0-60d),116.67,87.5,10.0,2025-04-07,46,,,Unavailable,,
WSP-EB89E506A9,active,Lat Pulldown,Underhand Grip Lat Pulldown,12 months (300-450d),112.0,80.0,12.0,2026-04-25,429,,,Unavailable,,
WSP-EB89E506A9,active,Lat Pulldown,Underhand Grip Lat Pulldown,6 months (120-240d),133.0,105.0,8.0,2025-07-02,132,,,Unavailable,,
WSP-EB89E506A9,active,Nexus Point Squat,Barbell Front Squat,12 months (300-450d),49.0,35.0,12.0,2026-05-07,441,,,Unavailable,,
WSP-EB89E506A9,active,Nexus Point Squat,Barbell Back Squat,6 months (120-240d),86.67,65.0,10.0,2025-09-11,203,,,Unavailable,,
WSP-EB89E506A9,active,Overhead Press,Barbell Overhead Press,12 months (300-450d),31.67,25.0,8.0,2026-03-03,376,,,Unavailable,,
WSP-EB89E506A9,active,Romanian Deadlift,Barbell Romanian Deadlift,12 months (300-450d),103.33,100.0,1.0,2026-03-26,399,,,Unavailable,64.0,
WSP-EB89E506A9,active,Romanian Deadlift,Barbell Romanian Deadlift,Baseline (0-60d),63.0,45.0,12.0,2025-03-24,32,110.0,0.573,Below Live,,0
WSP-EB89E506A9,active,Split Squat,Barbell Split Squat,6 months (120-240d),10.67,8.0,10.0,2025-09-06,198,,,Unavailable,,
WSP-07CA7A705A,active,Bench Press,Barbell Bench Press,12 months (300-450d),34.86,27.52,8.0,2026-01-02,316,,,Unavailable,4.6,
WSP-07CA7A705A,active,Bench Press,Barbell Bench Press,6 months (120-240d),35.15,28.5,7.0,2025-09-22,214,,,Unavailable,5.5,
WSP-07CA7A705A,active,Bench Press,Barbell Bench Press,Baseline (0-60d),33.33,25.0,10.0,2025-04-15,54,,,Unavailable,,
WSP-07CA7A705A,active,Deadlift,Barbell Deadlift,6 months (120-240d),39.2,28.0,12.0,2025-09-01,193,,,Unavailable,,
WSP-07CA7A705A,active,Lat Pulldown,Underhand Grip Lat Pulldown,12 months (300-450d),70.0,50.0,12.0,2026-01-24,338,,,Unavailable,11.1,
WSP-07CA7A705A,active,Lat Pulldown,Underhand Grip Lat Pulldown,6 months (120-240d),66.67,50.0,10.0,2025-08-13,174,,,Unavailable,5.8,
WSP-07CA7A705A,active,Lat Pulldown,Underhand Grip Lat Pulldown,Baseline (0-60d),63.0,45.0,12.0,2025-04-08,47,,,Unavailable,,
WSP-07CA7A705A,active,Nexus Point Squat,Barbell Front Squat,12 months (300-450d),30.0,22.5,10.0,2026-04-26,430,,,Unavailable,50.0,
WSP-07CA7A705A,active,Nexus Point Squat,Barbell Front Squat,6 months (120-240d),13.33,10.0,10.0,2025-09-22,214,,,Unavailable,-33.3,
WSP-07CA7A705A,active,Nexus Point Squat,Nexus Point Squat,Baseline (0-60d),20.0,15.0,10.0,2025-03-27,35,58.0,0.345,Below Live,,0
WSP-07CA7A705A,active,Romanian Deadlift,Barbell Romanian Deadlift,12 months (300-450d),38.5,35.0,3.0,2026-04-01,405,,,Unavailable,,
WSP-07CA7A705A,active,Romanian Deadlift,Barbell Romanian Deadlift,6 months (120-240d),36.67,27.5,10.0,2025-08-11,172,,,Unavailable,,
WSP-07CA7A705A,active,Split Squat,Barbell Split Squat,6 months (120-240d),16.8,12.0,12.0,2025-10-13,235,,,Unavailable,,
WSP-B87BAFCC35,active,Bench Press,Barbell Bench Press,12 months (300-450d),40.0,30.0,10.0,2026-04-15,415,67.0,0.597,Live,142.4,1
WSP-B87BAFCC35,active,Bench Press,Barbell Bench Press,6 months (120-240d),40.0,30.0,10.0,2025-10-15,233,,,Unavailable,142.4,
WSP-B87BAFCC35,active,Bench Press,Barbell Bench Press,Baseline (0-60d),16.5,15.0,3.0,2025-03-26,30,75.0,0.22,Below Live,,0
WSP-B87BAFCC35,active,Deadlift,Barbell Deadlift,12 months (300-450d),80.0,60.0,10.0,2026-04-20,420,67.0,1.194,Live,,
WSP-B87BAFCC35,active,Deadlift,Barbell Deadlift,6 months (120-240d),63.33,47.5,10.0,2025-08-22,179,,,Unavailable,,
WSP-B87BAFCC35,active,Farmer Walk 60s,Farmer Walk,12 months (300-450d),70.0,70.0,1.0,2026-03-23,392,67.0,1.045,Long,16.7,1
WSP-B87BAFCC35,active,Farmer Walk 60s,Farmer Walk,6 months (120-240d),30.0,30.0,1.0,2025-09-24,212,,,Unavailable,-50.0,
WSP-B87BAFCC35,active,Farmer Walk 60s,Farmer Walk,Baseline (0-60d),60.0,60.0,,2025-03-28,32,75.0,0.8,Live,,0
WSP-B87BAFCC35,active,Lat Pulldown,Underhand Grip Lat Pulldown,Baseline (0-60d),77.0,55.0,12.0,2025-04-16,51,,,Unavailable,,
WSP-B87BAFCC35,active,Nexus Point Squat,Barbell Front Squat,12 months (300-450d),38.0,30.0,8.0,2026-02-27,368,67.0,0.567,Live,130.3,1
WSP-B87BAFCC35,active,Nexus Point Squat,Barbell Front Squat,6 months (120-240d),31.5,22.5,12.0,2025-10-13,231,,,Unavailable,90.9,
WSP-B87BAFCC35,active,Nexus Point Squat,Barbell Front Squat,Baseline (0-60d),16.5,15.0,3.0,2025-03-24,28,75.0,0.22,Below Live,,0
WSP-B87BAFCC35,active,Overhead Press,Barbell Overhead Press,12 months (300-450d),32.03,31.0,1.0,2026-03-25,394,67.0,0.478,Live,,
WSP-B87BAFCC35,active,Romanian Deadlift,Barbell Romanian Deadlift,12 months (300-450d),88.0,80.0,3.0,2026-03-23,392,67.0,1.313,Long,77.8,1
WSP-B87BAFCC35,active,Romanian Deadlift,Barbell Romanian Deadlift,6 months (120-240d),49.0,35.0,12.0,2025-10-03,221,,,Unavailable,-1.0,
WSP-B87BAFCC35,active,Romanian Deadlift,Barbell Romanian Deadlift,Baseline (0-60d),49.5,45.0,3.0,2025-03-28,32,75.0,0.66,Live,,0
WSP-B87BAFCC35,active,Split Squat,Barbell Split Squat,6 months (120-240d),21.0,15.0,12.0,2025-10-13,231,,,Unavailable,275.0,
WSP-B87BAFCC35,active,Split Squat,Barbell Split Squat,Baseline (0-60d),5.6,4.0,12.0,2025-04-14,49,,,Unavailable,,
WSP-AB99896EAB,active,Bench Press,Barbell Bench Press,6 months (120-240d),23.33,17.5,10.0,2025-11-19,128,,,Unavailable,-12.5,
WSP-AB99896EAB,active,Bench Press,Barbell Bench Press,Baseline (0-60d),26.67,20.0,10.0,2025-08-13,30,,,Unavailable,,
WSP-AB99896EAB,active,Deadlift,Barbell Deadlift,12 months (300-450d),47.5,37.5,8.0,2026-06-01,322,,,Unavailable,78.1,
WSP-AB99896EAB,active,Deadlift,Barbell Deadlift,Baseline (0-60d),26.67,20.0,10.0,2025-08-08,25,,,Unavailable,,
WSP-AB99896EAB,active,Farmer Walk 60s,Farmer Walk,6 months (120-240d),17.5,17.5,1.0,2026-02-16,217,,,Unavailable,16.7,
WSP-AB99896EAB,active,Farmer Walk 60s,Farmer Walk,Baseline (0-60d),15.0,15.0,1.0,2025-08-08,25,,,Unavailable,,
WSP-AB99896EAB,active,Nexus Point Squat,Nexus Point Squat,Baseline (0-60d),10.0,7.5,10.0,2025-07-28,14,,,Unavailable,,
WSP-AB99896EAB,active,Overhead Press,Barbell Overhead Press,6 months (120-240d),6.33,5.0,8.0,2025-11-26,135,,,Unavailable,,
WSP-AB99896EAB,active,Romanian Deadlift,Barbell Romanian Deadlift,12 months (300-450d),45.33,40.0,4.0,2026-05-29,319,,,Unavailable,,
WSP-AB99896EAB,active,Romanian Deadlift,Barbell Romanian Deadlift,6 months (120-240d),36.67,27.5,10.0,2026-01-26,196,,,Unavailable,,
WSP-60241BBEE4,active,Bench Press,Barbell Bench Press,12 months (300-450d),27.0,22.5,6.0,2026-05-20,446,,,Unavailable,12.5,
WSP-60241BBEE4,active,Bench Press,Barbell Bench Press,6 months (120-240d),27.5,25.0,3.0,2025-07-16,138,,,Unavailable,14.6,
WSP-60241BBEE4,active,Bench Press,Barbell Bench Press,Baseline (0-60d),24.0,20.0,6.0,2025-03-19,19,70.0,0.343,Live,,0
WSP-60241BBEE4,active,Deadlift,Barbell Deadlift,12 months (300-450d),44.33,35.0,8.0,2026-03-30,395,,,Unavailable,,
WSP-60241BBEE4,active,Deadlift,Barbell Deadlift,6 months (120-240d),33.33,25.0,10.0,2025-08-01,154,,,Unavailable,,
WSP-60241BBEE4,active,Farmer Walk 60s,Farmer Walk,12 months (300-450d),15.0,15.0,1.0,2026-01-12,318,,,Unavailable,-50.0,
WSP-60241BBEE4,active,Farmer Walk 60s,Farmer Walk,6 months (120-240d),30.0,30.0,1.0,2025-07-18,140,,,Unavailable,0.0,
WSP-60241BBEE4,active,Farmer Walk 60s,Farmer Walk,Baseline (0-60d),30.0,30.0,1.0,2025-03-28,28,70.0,0.429,Below Live,,0
WSP-60241BBEE4,active,Lat Pulldown,Underhand Grip Lat Pulldown,12 months (300-450d),66.67,50.0,10.0,2026-04-27,423,,,Unavailable,-16.7,
WSP-60241BBEE4,active,Lat Pulldown,Underhand Grip Lat Pulldown,6 months (120-240d),73.33,55.0,10.0,2025-07-07,129,,,Unavailable,-8.3,
WSP-60241BBEE4,active,Lat Pulldown,Underhand Grip Lat Pulldown,Baseline (0-60d),80.0,60.0,10.0,2025-03-17,17,70.0,1.143,Long,,0
WSP-60241BBEE4,active,Nexus Point Squat,Barbell Front Squat,12 months (300-450d),20.0,15.0,10.0,2026-02-27,364,,,Unavailable,42.9,
WSP-60241BBEE4,active,Nexus Point Squat,Nexus Point Squat,6 months (120-240d),20.0,15.0,10.0,2025-08-25,178,,,Unavailable,42.9,
WSP-60241BBEE4,active,Nexus Point Squat,Barbell Front Squat,Baseline (0-60d),14.0,10.0,12.0,2025-04-21,52,,,Unavailable,,
WSP-60241BBEE4,active,Overhead Press,Barbell Overhead Press,12 months (300-450d),7.6,6.0,8.0,2026-03-11,376,,,Unavailable,,
WSP-60241BBEE4,active,Romanian Deadlift,Barbell Romanian Deadlift,12 months (300-450d),44.33,35.0,8.0,2026-04-24,420,,,Unavailable,58.3,
WSP-60241BBEE4,active,Romanian Deadlift,Barbell Romanian Deadlift,6 months (120-240d),33.33,25.0,10.0,2025-07-11,133,,,Unavailable,19.0,
WSP-60241BBEE4,active,Romanian Deadlift,Barbell Romanian Deadlift,Baseline (0-60d),28.0,20.0,12.0,2025-04-11,42,70.0,0.4,Below Live,,0
WSP-60241BBEE4,active,Split Squat,Barbell Split Squat,6 months (120-240d),2.8,2.0,12.0,2025-10-06,220,,,Unavailable,-47.5,
WSP-60241BBEE4,active,Split Squat,Barbell Split Squat,Baseline (0-60d),5.33,4.0,10.0,2025-04-28,59,,,Unavailable,,
WSP-6E8E6BBB0D,active,Bench Press,Barbell Bench Press,12 months (300-450d),38.0,30.0,8.0,2026-05-06,432,,,Unavailable,22.6,
WSP-6E8E6BBB0D,active,Bench Press,Barbell Bench Press,6 months (120-240d),31.67,25.0,8.0,2025-09-17,201,,,Unavailable,2.2,
WSP-6E8E6BBB0D,active,Bench Press,Barbell Bench Press,Baseline (0-60d),31.0,30.0,1.0,2025-03-26,26,55.0,0.564,Live,,0
WSP-6E8E6BBB0D,active,Deadlift,Barbell Deadlift,12 months (300-450d),35.0,25.0,12.0,2026-04-06,402,,,Unavailable,,
WSP-6E8E6BBB0D,active,Deadlift,Barbell Deadlift,6 months (120-240d),66.0,55.0,6.0,2025-09-19,203,,,Unavailable,,
WSP-6E8E6BBB0D,active,Farmer Walk 60s,Farmer Walk,12 months (300-450d),20.0,20.0,1.0,2026-01-12,318,,,Unavailable,-50.0,
WSP-6E8E6BBB0D,active,Farmer Walk 60s,Farmer Walk,6 months (120-240d),40.0,40.0,1.0,2025-09-05,189,,,Unavailable,0.0,
WSP-6E8E6BBB0D,active,Farmer Walk 60s,Farmer Walk,Baseline (0-60d),40.0,40.0,1.0,2025-03-28,28,55.0,0.727,Below Live,,0
WSP-6E8E6BBB0D,active,Lat Pulldown,Underhand Grip Lat Pulldown,12 months (300-450d),75.0,62.5,6.0,2026-05-22,448,,,Unavailable,14.0,
WSP-6E8E6BBB0D,active,Lat Pulldown,Underhand Grip Lat Pulldown,Baseline (0-60d),65.8,47.0,12.0,2025-04-23,54,,,Unavailable,,
WSP-6E8E6BBB0D,active,Nexus Point Squat,Barbell Front Squat,12 months (300-450d),50.67,40.0,8.0,2026-03-20,385,,,Unavailable,22.8,
WSP-6E8E6BBB0D,active,Nexus Point Squat,Nexus Point Squat,6 months (120-240d),55.0,50.0,3.0,2025-09-19,203,,,Unavailable,33.3,
WSP-6E8E6BBB0D,active,Nexus Point Squat,Barbell Front Squat,Baseline (0-60d),41.25,37.5,3.0,2025-03-24,24,55.0,0.75,Live,,0
WSP-6E8E6BBB0D,active,Overhead Press,Barbell Overhead Press,12 months (300-450d),25.83,25.0,1.0,2026-03-20,385,,,Unavailable,,
WSP-6E8E6BBB0D,active,Romanian Deadlift,Barbell Romanian Deadlift,12 months (300-450d),62.0,60.0,1.0,2026-03-20,385,,,Unavailable,12.7,
WSP-6E8E6BBB0D,active,Romanian Deadlift,Barbell Romanian Deadlift,6 months (120-240d),49.0,35.0,12.0,2025-10-24,238,,,Unavailable,-10.9,
WSP-6E8E6BBB0D,active,Romanian Deadlift,Barbell Romanian Deadlift,Baseline (0-60d),55.0,50.0,3.0,2025-03-28,28,55.0,1.0,Live,,0
WSP-6E8E6BBB0D,active,Split Squat,Barbell Split Squat,6 months (120-240d),35.0,25.0,12.0,2025-10-20,234,,,Unavailable,5.0,
WSP-6E8E6BBB0D,active,Split Squat,Barbell Split Squat,Baseline (0-60d),33.33,25.0,10.0,2025-04-28,59,,,Unavailable,,
WSP-4FDD7C13D8,deactivated,Bench Press,Barbell Bench Press,Baseline (0-60d),23.33,20.0,5.0,2025-03-20,0,67.0,0.348,Live,,0
WSP-4FDD7C13D8,deactivated,Lat Pulldown,Underhand Grip Lat Pulldown,6 months (120-240d),36.4,26.0,12.0,2025-07-21,123,64.3,0.566,Live,-25.7,-1
WSP-4FDD7C13D8,deactivated,Lat Pulldown,Underhand Grip Lat Pulldown,Baseline (0-60d),49.0,35.0,12.0,2025-03-20,0,67.0,0.731,Long,,0
WSP-4FDD7C13D8,deactivated,Nexus Point Squat,Barbell Front Squat,6 months (120-240d),25.33,20.0,8.0,2025-08-19,152,64.3,0.394,Below Live,,
WSP-4FDD7C13D8,deactivated,Romanian Deadlift,Barbell Romanian Deadlift,6 months (120-240d),42.0,30.0,12.0,2025-08-19,152,64.3,0.653,Live,,
WSP-DABE5D39D1,active,Bench Press,Barbell Bench Press,12 months (300-450d),38.0,30.0,8.0,2026-05-20,436,,,Unavailable,25.6,
WSP-DABE5D39D1,active,Bench Press,Barbell Bench Press,6 months (120-240d),38.5,27.5,12.0,2025-10-22,226,,,Unavailable,27.3,
WSP-DABE5D39D1,active,Bench Press,Barbell Bench Press,Baseline (0-60d),30.25,27.5,3.0,2025-03-26,16,50.0,0.605,Live,,0
WSP-DABE5D39D1,active,Deadlift,Barbell Deadlift,6 months (120-240d),77.5,75.0,1.0,2025-09-26,200,,,Unavailable,,
WSP-DABE5D39D1,active,Farmer Walk 60s,Farmer Walk,6 months (120-240d),35.0,35.0,1.0,2025-07-11,123,,,Unavailable,0.0,
WSP-DABE5D39D1,active,Farmer Walk 60s,Farmer Walk,Baseline (0-60d),35.0,35.0,1.0,2025-03-28,18,50.0,0.7,Below Live,,0
WSP-DABE5D39D1,active,Lat Pulldown,Underhand Grip Lat Pulldown,Baseline (0-60d),80.0,60.0,10.0,2025-05-07,58,,,Unavailable,,
WSP-DABE5D39D1,active,Nexus Point Squat,Barbell Front Squat,12 months (300-450d),38.5,35.0,3.0,2026-03-27,382,,,Unavailable,358.3,
WSP-DABE5D39D1,active,Nexus Point Squat,Barbell Front Squat,6 months (120-240d),14.0,10.0,12.0,2025-09-29,203,,,Unavailable,66.7,
WSP-DABE5D39D1,active,Nexus Point Squat,Barbell Front Squat,Baseline (0-60d),8.4,6.0,12.0,2025-04-14,35,50.0,0.168,Below Live,,0
WSP-DABE5D39D1,active,Overhead Press,Barbell Overhead Press,12 months (300-450d),21.58,17.5,7.0,2026-03-04,359,,,Unavailable,,
WSP-DABE5D39D1,active,Romanian Deadlift,Barbell Romanian Deadlift,12 months (300-450d),58.27,46.0,8.0,2026-05-15,431,,,Unavailable,51.3,
WSP-DABE5D39D1,active,Romanian Deadlift,Barbell Romanian Deadlift,6 months (120-240d),46.67,35.0,10.0,2025-10-31,235,,,Unavailable,21.2,
WSP-DABE5D39D1,active,Romanian Deadlift,Barbell Romanian Deadlift,Baseline (0-60d),38.5,27.5,12.0,2025-04-11,32,50.0,0.77,Live,,0
WSP-DABE5D39D1,active,Split Squat,Barbell Split Squat,6 months (120-240d),8.4,6.0,12.0,2025-09-29,203,,,Unavailable,50.0,
WSP-DABE5D39D1,active,Split Squat,Barbell Split Squat,Baseline (0-60d),5.6,4.0,12.0,2025-04-14,35,50.0,0.112,Unavailable,,
WSP-CEC0B1C391,deactivated,Bench Press,Barbell Bench Press,6 months (120-240d),28.0,20.0,12.0,2025-07-22,127,,,Unavailable,-4.5,
WSP-CEC0B1C391,deactivated,Bench Press,Barbell Bench Press,Baseline (0-60d),29.33,27.5,2.0,2025-03-26,9,69.0,0.425,Live,,0
WSP-CEC0B1C391,deactivated,Farmer Walk 60s,Farmer Walk,Baseline (0-60d),9.0,9.0,,2025-03-28,11,69.0,0.13,Below Live,,0
WSP-CEC0B1C391,deactivated,Lat Pulldown,Underhand Grip Lat Pulldown,Baseline (0-60d),84.0,60.0,12.0,2025-04-23,37,69.0,1.217,Long,,0
WSP-CEC0B1C391,deactivated,Nexus Point Squat,Nexus Point Squat,6 months (120-240d),12.67,10.0,8.0,2025-08-04,140,,,Unavailable,20.6,
WSP-CEC0B1C391,deactivated,Nexus Point Squat,Nexus Point Squat,Baseline (0-60d),10.5,7.5,12.0,2025-04-21,35,69.0,0.152,Below Live,,0
WSP-CEC0B1C391,deactivated,Romanian Deadlift,Barbell Romanian Deadlift,Baseline (0-60d),30.0,22.5,10.0,2025-04-04,18,69.0,0.435,Below Live,,0
WSP-8D049C5D56,deactivated,Bench Press,Barbell Bench Press,12 months (300-450d),46.67,35.0,10.0,2026-04-08,378,70.0,0.667,Live,133.3,0
WSP-8D049C5D56,deactivated,Bench Press,Barbell Bench Press,6 months (120-240d),42.25,32.5,9.0,2025-10-29,217,,,Unavailable,111.2,
WSP-8D049C5D56,deactivated,Bench Press,Barbell Bench Press,Baseline (0-60d),20.0,15.0,10.0,2025-03-26,0,68.0,0.294,Live,,0
WSP-8D049C5D56,deactivated,Deadlift,Barbell Deadlift,12 months (300-450d),56.67,42.5,10.0,2026-04-06,376,70.0,0.81,Live,21.4,0
WSP-8D049C5D56,deactivated,Deadlift,Barbell Deadlift,Baseline (0-60d),46.67,35.0,10.0,2025-03-26,0,68.0,0.686,Live,,0
WSP-8D049C5D56,deactivated,Farmer Walk 60s,Farmer Walk,12 months (300-450d),25.0,25.0,0.0,2026-01-31,311,,,Unavailable,66.7,
WSP-8D049C5D56,deactivated,Farmer Walk 60s,Farmer Walk,Baseline (0-60d),15.0,15.0,1.0,2025-03-28,2,68.0,0.221,Below Live,,0
WSP-8D049C5D56,deactivated,Lat Pulldown,Underhand Grip Lat Pulldown,Baseline (0-60d),82.0,60.0,11.0,2025-04-02,7,68.0,1.206,Long,,0
WSP-8D049C5D56,deactivated,Nexus Point Squat,Barbell Front Squat,12 months (300-450d),38.75,37.5,1.0,2026-03-27,366,70.0,0.554,Live,38.4,1
WSP-8D049C5D56,deactivated,Nexus Point Squat,Barbell Front Squat,6 months (120-240d),26.67,20.0,10.0,2025-10-27,215,,,Unavailable,-4.8,
WSP-8D049C5D56,deactivated,Nexus Point Squat,Barbell Front Squat,Baseline (0-60d),28.0,20.0,12.0,2025-04-07,12,68.0,0.412,Below Live,,0
WSP-8D049C5D56,deactivated,Overhead Press,Barbell Overhead Press,12 months (300-450d),32.03,31.0,1.0,2026-03-25,364,70.0,0.458,Live,,
WSP-8D049C5D56,deactivated,Romanian Deadlift,Barbell Romanian Deadlift,12 months (300-450d),69.67,55.0,8.0,2026-02-23,334,,,Unavailable,-3.7,
WSP-8D049C5D56,deactivated,Romanian Deadlift,Barbell Romanian Deadlift,6 months (120-240d),66.67,50.0,10.0,2025-11-07,226,,,Unavailable,-7.8,
WSP-8D049C5D56,deactivated,Romanian Deadlift,Barbell Romanian Deadlift,Baseline (0-60d),72.33,70.0,1.0,2025-03-28,2,68.0,1.064,Live,,0
WSP-8D049C5D56,deactivated,Split Squat,Barbell Split Squat,Baseline (0-60d),12.6,9.0,12.0,2025-04-21,26,68.0,0.185,Unavailable,,
WSP-0DCDF68B3D,active,Bench Press,Barbell Bench Press,12 months (300-450d),23.33,17.5,10.0,2026-04-01,363,,,Unavailable,,
WSP-0DCDF68B3D,active,Bench Press,Barbell Bench Press,6 months (120-240d),26.67,20.0,10.0,2025-10-29,209,,,Unavailable,,
WSP-0DCDF68B3D,active,Deadlift,Barbell Deadlift,12 months (300-450d),43.92,42.5,1.0,2026-06-22,445,,,Unavailable,,
WSP-0DCDF68B3D,active,Deadlift,Barbell Deadlift,6 months (120-240d),46.5,45.0,1.0,2025-09-26,176,,,Unavailable,,
WSP-0DCDF68B3D,active,Farmer Walk 60s,Farmer Walk,12 months (300-450d),45.0,45.0,1.0,2026-06-22,445,,,Unavailable,,
WSP-0DCDF68B3D,active,Farmer Walk 60s,Farmer Walk,6 months (120-240d),15.0,15.0,40.0,2025-08-15,134,,,Unavailable,,
WSP-0DCDF68B3D,active,Lat Pulldown,Underhand Grip Lat Pulldown,Baseline (0-60d),29.33,22.0,10.0,2025-04-30,27,39.0,0.752,Long,,0
WSP-0DCDF68B3D,active,Nexus Point Squat,Barbell Front Squat,12 months (300-450d),28.42,27.5,1.0,2026-03-27,358,,,Unavailable,264.3,
WSP-0DCDF68B3D,active,Nexus Point Squat,Nexus Point Squat,6 months (120-240d),40.0,37.5,2.0,2025-09-22,172,,,Unavailable,412.8,
WSP-0DCDF68B3D,active,Nexus Point Squat,Barbell Front Squat,Baseline (0-60d),7.8,6.0,9.0,2025-06-02,60,,,Unavailable,,
WSP-0DCDF68B3D,active,Romanian Deadlift,Barbell Romanian Deadlift,12 months (300-450d),52.25,47.5,3.0,2026-03-23,354,,,Unavailable,161.3,
WSP-0DCDF68B3D,active,Romanian Deadlift,Barbell Romanian Deadlift,6 months (120-240d),41.17,32.5,8.0,2025-11-28,239,,,Unavailable,105.8,
WSP-0DCDF68B3D,active,Romanian Deadlift,Barbell Romanian Deadlift,Baseline (0-60d),20.0,15.0,10.0,2025-05-23,50,,,Unavailable,,
WSP-0DCDF68B3D,active,Split Squat,Barbell Split Squat,12 months (300-450d),8.87,7.0,8.0,2026-02-20,323,,,Unavailable,16.7,
WSP-0DCDF68B3D,active,Split Squat,Barbell Split Squat,6 months (120-240d),11.2,8.0,12.0,2025-10-13,193,,,Unavailable,47.4,
WSP-0DCDF68B3D,active,Split Squat,Barbell Split Squat,Baseline (0-60d),7.6,6.0,8.0,2025-05-26,53,,,Unavailable,,
WSP-3875A22C34,active,Bench Press,Barbell Bench Press,12 months (300-450d),27.33,20.0,11.0,2026-06-10,433,,,Unavailable,,
WSP-3875A22C34,active,Bench Press,Barbell Bench Press,6 months (120-240d),29.13,23.0,8.0,2025-11-26,237,89.0,0.327,Live,,
WSP-3875A22C34,active,Farmer Walk 60s,Farmer Walk,6 months (120-240d),40.0,40.0,1.0,2025-08-15,134,,,Unavailable,,
WSP-3875A22C34,active,Lat Pulldown,Underhand Grip Lat Pulldown,12 months (300-450d),69.67,55.0,8.0,2026-05-08,400,86.5,0.805,Long,-17.1,0
WSP-3875A22C34,active,Lat Pulldown,Underhand Grip Lat Pulldown,6 months (120-240d),88.0,80.0,3.0,2025-09-26,176,92.3,0.953,Long,4.8,0
WSP-3875A22C34,active,Lat Pulldown,Underhand Grip Lat Pulldown,Baseline (0-60d),84.0,60.0,12.0,2025-05-16,43,90.0,0.933,Long,,0
WSP-3875A22C34,active,Nexus Point Squat,Nexus Point Squat,6 months (120-240d),25.33,20.0,8.0,2025-09-08,158,92.3,0.274,Below Live,280.0,0
WSP-3875A22C34,active,Nexus Point Squat,Nexus Point Squat,Baseline (0-60d),6.67,5.0,10.0,2025-04-03,0,90.0,0.074,Below Live,,0
WSP-3875A22C34,active,Romanian Deadlift,Barbell Romanian Deadlift,12 months (300-450d),28.5,22.5,8.0,2026-04-27,389,86.5,0.329,Below Live,307.1,
WSP-3875A22C34,active,Romanian Deadlift,Barbell Romanian Deadlift,6 months (120-240d),44.0,40.0,3.0,2025-09-26,176,92.3,0.477,Below Live,528.6,
WSP-3875A22C34,active,Romanian Deadlift,Barbell Romanian Deadlift,Baseline (0-60d),7.0,5.0,12.0,2025-05-23,50,,,Unavailable,,
WSP-3875A22C34,active,Split Squat,Barbell Split Squat,Baseline (0-60d),7.6,6.0,8.0,2025-06-02,60,,,Unavailable,,
WSP-E277EBAFC9,active,Bench Press,Barbell Bench Press,12 months (300-450d),28.5,22.5,8.0,2026-05-20,401,,,Unavailable,,
WSP-E277EBAFC9,active,Bench Press,Barbell Bench Press,6 months (120-240d),30.0,25.0,6.0,2025-12-10,240,,,Unavailable,,
WSP-E277EBAFC9,active,Deadlift,Barbell Deadlift,6 months (120-240d),42.0,35.0,6.0,2025-09-19,158,,,Unavailable,,
WSP-E277EBAFC9,active,Farmer Walk 60s,Farmer Walk,6 months (120-240d),35.0,35.0,1.0,2025-08-15,123,,,Unavailable,,
WSP-E277EBAFC9,active,Lat Pulldown,Underhand Grip Lat Pulldown,12 months (300-450d),71.25,56.25,8.0,2026-05-08,389,,,Unavailable,2.3,
WSP-E277EBAFC9,active,Lat Pulldown,Underhand Grip Lat Pulldown,6 months (120-240d),84.0,60.0,12.0,2025-10-10,179,,,Unavailable,20.6,
WSP-E277EBAFC9,active,Lat Pulldown,Underhand Grip Lat Pulldown,Baseline (0-60d),69.67,55.0,8.0,2025-05-30,46,68.0,1.025,Long,,0
WSP-E277EBAFC9,active,Nexus Point Squat,Nexus Point Squat,6 months (120-240d),27.5,25.0,3.0,2025-09-22,161,,,Unavailable,129.2,
WSP-E277EBAFC9,active,Nexus Point Squat,Barbell Front Squat,Baseline (0-60d),12.0,9.0,10.0,2025-05-19,35,68.0,0.176,Below Live,,0
WSP-E277EBAFC9,active,Romanian Deadlift,Barbell Romanian Deadlift,12 months (300-450d),57.0,45.0,8.0,2026-06-19,431,,,Unavailable,200.0,
WSP-E277EBAFC9,active,Romanian Deadlift,Barbell Romanian Deadlift,6 months (120-240d),45.5,32.5,12.0,2025-10-17,186,,,Unavailable,139.5,
WSP-E277EBAFC9,active,Romanian Deadlift,Barbell Romanian Deadlift,Baseline (0-60d),19.0,15.0,8.0,2025-05-30,46,68.0,0.279,Below Live,,0
WSP-E277EBAFC9,active,Split Squat,Barbell Split Squat,6 months (120-240d),16.0,12.0,10.0,2025-10-20,189,,,Unavailable,300.0,
WSP-E277EBAFC9,active,Split Squat,Barbell Split Squat,Baseline (0-60d),4.0,3.0,10.0,2025-05-19,35,68.0,0.059,Unavailable,,
WSP-A0012389E8,deactivated,Bench Press,Barbell Bench Press,12 months (300-450d),29.77,23.5,8.0,2026-04-07,354,,,Unavailable,41.7,
WSP-A0012389E8,deactivated,Bench Press,Barbell Bench Press,6 months (120-240d),30.0,22.5,10.0,2025-10-01,166,,,Unavailable,42.9,
WSP-A0012389E8,deactivated,Bench Press,Barbell Bench Press,Baseline (0-60d),21.0,15.0,12.0,2025-06-12,55,,,Unavailable,,
WSP-A0012389E8,deactivated,Lat Pulldown,Underhand Grip Lat Pulldown,12 months (300-450d),70.67,53.0,10.0,2026-02-25,313,,,Unavailable,12.2,
WSP-A0012389E8,deactivated,Lat Pulldown,Underhand Grip Lat Pulldown,6 months (120-240d),76.0,60.0,8.0,2025-09-24,159,,,Unavailable,20.6,
WSP-A0012389E8,deactivated,Lat Pulldown,Underhand Grip Lat Pulldown,Baseline (0-60d),63.0,45.0,12.0,2025-05-13,25,68.0,0.926,Long,,0
WSP-A0012389E8,deactivated,Nexus Point Squat,Barbell Front Squat,12 months (300-450d),20.67,20.0,1.0,2026-05-07,384,,,Unavailable,287.5,
WSP-A0012389E8,deactivated,Nexus Point Squat,Barbell Front Squat,6 months (120-240d),21.0,15.0,12.0,2025-10-06,171,,,Unavailable,293.8,
WSP-A0012389E8,deactivated,Nexus Point Squat,Nexus Point Squat,Baseline (0-60d),5.33,4.0,10.0,2025-04-18,0,68.0,0.078,Below Live,,0
WSP-A0012389E8,deactivated,Romanian Deadlift,Barbell Romanian Deadlift,12 months (300-450d),45.5,32.5,12.0,2026-06-04,412,,,Unavailable,,
WSP-A0012389E8,deactivated,Romanian Deadlift,Barbell Romanian Deadlift,6 months (120-240d),12.6,9.0,12.0,2025-12-12,238,,,Unavailable,,
WSP-A0012389E8,deactivated,Split Squat,Barbell Split Squat,12 months (300-450d),8.0,6.0,10.0,2026-03-02,318,,,Unavailable,140.0,
WSP-A0012389E8,deactivated,Split Squat,Barbell Split Squat,6 months (120-240d),6.67,5.0,10.0,2025-09-15,150,,,Unavailable,100.0,
WSP-A0012389E8,deactivated,Split Squat,Barbell Split Squat,Baseline (0-60d),3.33,2.5,10.0,2025-06-09,52,,,Unavailable,,
WSP-4DA4559003,active,Bench Press,Barbell Bench Press,6 months (120-240d),36.67,27.5,10.0,2025-08-20,121,,,Unavailable,22.2,
WSP-4DA4559003,active,Bench Press,Barbell Bench Press,Baseline (0-60d),30.0,22.5,10.0,2025-06-03,43,,,Unavailable,,
WSP-4DA4559003,active,Deadlift,Barbell Deadlift,6 months (120-240d),33.33,25.0,10.0,2025-08-25,126,,,Unavailable,0.0,
WSP-4DA4559003,active,Deadlift,Barbell Deadlift,Baseline (0-60d),33.33,25.0,10.0,2025-06-16,56,,,Unavailable,,
WSP-4DA4559003,active,Lat Pulldown,Underhand Grip Lat Pulldown,6 months (120-240d),72.8,52.0,12.0,2025-09-10,142,,,Unavailable,9.2,
WSP-4DA4559003,active,Lat Pulldown,Underhand Grip Lat Pulldown,Baseline (0-60d),66.67,50.0,10.0,2025-05-20,29,86.36,0.772,Long,,0
WSP-4DA4559003,active,Nexus Point Squat,Barbell Front Squat,6 months (120-240d),34.83,27.5,8.0,2025-09-01,133,,,Unavailable,314.7,
WSP-4DA4559003,active,Nexus Point Squat,Nexus Point Squat,Baseline (0-60d),8.4,6.0,12.0,2025-04-21,0,86.36,0.097,Below Live,,0
WSP-4DA4559003,active,Romanian Deadlift,Barbell Romanian Deadlift,6 months (120-240d),33.33,25.0,10.0,2025-09-15,147,,,Unavailable,,
WSP-9A1E9398DC,active,Romanian Deadlift,Barbell Romanian Deadlift,Baseline (0-60d),63.0,45.0,12.0,2025-05-29,17,91.5,0.689,Live,,0
WSP-EB1C0EC931,active,Bench Press,Barbell Bench Press,Baseline (0-60d),20.0,15.0,10.0,2025-05-22,0,82.0,0.244,Below Live,,0
WSP-EB1C0EC931,active,Deadlift,Barbell Deadlift,Baseline (0-60d),20.0,15.0,10.0,2025-05-22,0,82.0,0.244,Below Live,,0
WSP-EB1C0EC931,active,Lat Pulldown,Underhand Grip Lat Pulldown,Baseline (0-60d),53.33,40.0,10.0,2025-07-03,42,,,Unavailable,,
WSP-EB1C0EC931,active,Romanian Deadlift,Barbell Romanian Deadlift,Baseline (0-60d),28.0,20.0,12.0,2025-07-03,42,,,Unavailable,,
WSP-6ACB58261D,active,Bench Press,Barbell Bench Press,12 months (300-450d),47.33,35.5,10.0,2026-04-08,319,,,Unavailable,,
WSP-6ACB58261D,active,Bench Press,Barbell Bench Press,6 months (120-240d),43.33,32.5,10.0,2025-11-19,179,,,Unavailable,,
WSP-6ACB58261D,active,Deadlift,Barbell Deadlift,12 months (300-450d),84.73,82.0,1.0,2026-06-22,394,,,Unavailable,,
WSP-6ACB58261D,active,Farmer Walk 60s,Farmer Walk,12 months (300-450d),27.5,27.5,1.0,2026-06-22,394,,,Unavailable,,
WSP-6ACB58261D,active,Farmer Walk 60s,Farmer Walk,6 months (120-240d),20.0,20.0,,2025-12-10,200,,,Unavailable,,
WSP-6ACB58261D,active,Lat Pulldown,Underhand Grip Lat Pulldown,6 months (120-240d),88.67,70.0,8.0,2025-11-28,188,,,Unavailable,-4.1,
WSP-6ACB58261D,active,Lat Pulldown,Underhand Grip Lat Pulldown,Baseline (0-60d),92.5,75.0,7.0,2025-06-30,37,92.0,1.005,Long,,0
WSP-6ACB58261D,active,Nexus Point Squat,Barbell Front Squat,6 months (120-240d),22.4,16.0,12.0,2025-12-08,198,,,Unavailable,572.0,
WSP-6ACB58261D,active,Nexus Point Squat,Nexus Point Squat,Baseline (0-60d),3.33,2.5,10.0,2025-05-24,0,92.0,0.036,Below Live,,0
WSP-6ACB58261D,active,Overhead Press,Barbell Overhead Press,12 months (300-450d),33.58,32.5,1.0,2026-03-25,305,,,Unavailable,430.3,
WSP-6ACB58261D,active,Overhead Press,Barbell Overhead Press,6 months (120-240d),19.0,15.0,8.0,2025-12-10,200,,,Unavailable,200.0,
WSP-6ACB58261D,active,Overhead Press,Barbell Overhead Press,Baseline (0-60d),6.33,5.0,8.0,2025-06-11,18,92.0,0.069,Below Live,,0
WSP-6ACB58261D,active,Romanian Deadlift,Barbell Romanian Deadlift,12 months (300-450d),82.67,77.5,2.0,2026-03-23,303,,,Unavailable,,
WSP-6ACB58261D,active,Romanian Deadlift,Barbell Romanian Deadlift,6 months (120-240d),60.0,45.0,10.0,2025-11-28,188,,,Unavailable,,
WSP-6ACB58261D,active,Split Squat,Barbell Split Squat,6 months (120-240d),1.75,1.25,12.0,2025-10-06,135,,,Unavailable,-65.5,
WSP-6ACB58261D,active,Split Squat,Barbell Split Squat,Baseline (0-60d),5.07,4.0,8.0,2025-06-09,16,92.0,0.055,Unavailable,,
WSP-3FEC7CF653,active,Bench Press,Barbell Bench Press,12 months (300-450d),31.67,25.0,8.0,2026-05-20,341,,,Unavailable,11.1,
WSP-3FEC7CF653,active,Bench Press,Barbell Bench Press,6 months (120-240d),33.33,25.0,10.0,2025-10-15,124,,,Unavailable,17.0,
WSP-3FEC7CF653,active,Bench Press,Barbell Bench Press,Baseline (0-60d),28.5,22.5,8.0,2025-08-06,54,,,Unavailable,,
WSP-3FEC7CF653,active,Deadlift,Barbell Deadlift,12 months (300-450d),56.83,55.0,1.0,2026-06-22,374,,,Unavailable,113.1,
WSP-3FEC7CF653,active,Deadlift,Barbell Deadlift,Baseline (0-60d),26.67,20.0,10.0,2025-08-01,49,,,Unavailable,,
WSP-3FEC7CF653,active,Farmer Walk 60s,Farmer Walk,12 months (300-450d),20.0,20.0,1.0,2026-06-22,374,,,Unavailable,-20.0,
WSP-3FEC7CF653,active,Farmer Walk 60s,Farmer Walk,6 months (120-240d),17.5,17.5,1.0,2025-12-03,173,,,Unavailable,-30.0,
WSP-3FEC7CF653,active,Farmer Walk 60s,Farmer Walk,Baseline (0-60d),25.0,25.0,1.0,2025-07-04,21,90.0,0.278,Below Live,,0
WSP-3FEC7CF653,active,Lat Pulldown,Underhand Grip Lat Pulldown,12 months (300-450d),76.0,60.0,8.0,2026-04-10,301,,,Unavailable,3.6,
WSP-3FEC7CF653,active,Lat Pulldown,Underhand Grip Lat Pulldown,6 months (120-240d),77.58,61.25,8.0,2025-12-19,189,82.5,0.94,Long,5.8,
WSP-3FEC7CF653,active,Lat Pulldown,Underhand Grip Lat Pulldown,Baseline (0-60d),73.33,55.0,10.0,2025-08-04,52,,,Unavailable,,
WSP-3FEC7CF653,active,Nexus Point Squat,Nexus Point Squat,12 months (300-450d),20.0,15.0,10.0,2026-06-29,381,,,Unavailable,87.5,
WSP-3FEC7CF653,active,Nexus Point Squat,Barbell Front Squat,6 months (120-240d),19.0,15.0,8.0,2025-12-01,171,,,Unavailable,78.1,
WSP-3FEC7CF653,active,Nexus Point Squat,Nexus Point Squat,Baseline (0-60d),10.67,8.0,10.0,2025-08-04,52,,,Unavailable,,
WSP-3FEC7CF653,active,Overhead Press,Barbell Overhead Press,Baseline (0-60d),4.0,3.0,10.0,2025-06-18,5,90.0,0.044,Below Live,,0
WSP-3FEC7CF653,active,Romanian Deadlift,Barbell Romanian Deadlift,12 months (300-450d),57.0,47.5,6.0,2026-06-12,364,,,Unavailable,1400.0,
WSP-3FEC7CF653,active,Romanian Deadlift,Barbell Romanian Deadlift,6 months (120-240d),48.0,40.0,6.0,2025-12-19,189,82.5,0.582,Below Live,1163.2,0
WSP-3FEC7CF653,active,Romanian Deadlift,Barbell Romanian Deadlift,Baseline (0-60d),3.8,3.0,8.0,2025-06-27,14,90.0,0.042,Below Live,,0
WSP-3FEC7CF653,active,Split Squat,Barbell Split Squat,12 months (300-450d),0.0,0.0,10.0,2026-06-29,381,,,Unavailable,,
WSP-3FEC7CF653,active,Split Squat,Barbell Split Squat,6 months (120-240d),2.8,2.0,12.0,2025-10-13,122,,,Unavailable,,
WSP-7ED0BC043F,deactivated,Lat Pulldown,Underhand Grip Lat Pulldown,Baseline (0-60d),49.0,35.0,12.0,2025-07-23,24,50.0,0.98,Long,,0
WSP-7ED0BC043F,deactivated,Nexus Point Squat,Barbell Front Squat,6 months (120-240d),30.55,23.5,9.0,2026-02-18,234,,,Unavailable,154.6,
WSP-7ED0BC043F,deactivated,Nexus Point Squat,Barbell Front Squat,Baseline (0-60d),12.0,9.0,10.0,2025-08-22,54,,,Unavailable,,
WSP-7ED0BC043F,deactivated,Romanian Deadlift,Barbell Romanian Deadlift,6 months (120-240d),38.0,30.0,8.0,2026-02-04,220,,,Unavailable,,
WSP-7ED0BC043F,deactivated,Split Squat,Barbell Split Squat,6 months (120-240d),20.27,16.0,8.0,2025-10-30,123,,,Unavailable,102.7,
WSP-7ED0BC043F,deactivated,Split Squat,Barbell Split Squat,Baseline (0-60d),10.0,7.5,10.0,2025-08-22,54,,,Unavailable,,
WSP-F770995DCA,active,Bench Press,Barbell Bench Press,12 months (300-450d),36.17,35.0,1.0,2026-06-24,376,,,Unavailable,72.2,
WSP-F770995DCA,active,Bench Press,Barbell Bench Press,6 months (120-240d),33.8,26.0,9.0,2025-11-11,151,,,Unavailable,61.0,
WSP-F770995DCA,active,Bench Press,Barbell Bench Press,Baseline (0-60d),21.0,15.0,12.0,2025-07-02,19,48.8,0.43,Live,,0
WSP-F770995DCA,active,Deadlift,Barbell Deadlift,12 months (300-450d),69.0,57.5,6.0,2026-06-08,360,,,Unavailable,90.8,
WSP-F770995DCA,active,Deadlift,Barbell Deadlift,Baseline (0-60d),36.17,35.0,1.0,2025-08-08,56,,,Unavailable,,
WSP-F770995DCA,active,Farmer Walk 60s,Farmer Walk,12 months (300-450d),45.0,45.0,,2026-06-22,374,,,Unavailable,80.0,
WSP-F770995DCA,active,Farmer Walk 60s,Farmer Walk,6 months (120-240d),20.0,20.0,1.0,2025-11-26,166,,,Unavailable,-20.0,
WSP-F770995DCA,active,Farmer Walk 60s,Farmer Walk,Baseline (0-60d),25.0,25.0,1.0,2025-06-13,0,48.9,0.511,Below Live,,0
WSP-F770995DCA,active,Lat Pulldown,Underhand Grip Lat Pulldown,6 months (120-240d),69.67,55.0,8.0,2026-01-08,209,,,Unavailable,4.5,
WSP-F770995DCA,active,Lat Pulldown,Underhand Grip Lat Pulldown,Baseline (0-60d),66.67,50.0,10.0,2025-08-11,59,,,Unavailable,,
WSP-F770995DCA,active,Nexus Point Squat,Nexus Point Squat,12 months (300-450d),38.5,27.5,12.0,2026-07-20,402,,,Unavailable,,
WSP-F770995DCA,active,Nexus Point Squat,Barbell Front Squat,6 months (120-240d),25.33,20.0,8.0,2025-12-08,178,,,Unavailable,,
WSP-F770995DCA,active,Overhead Press,Barbell Overhead Press,6 months (120-240d),10.13,8.0,8.0,2025-11-26,166,,,Unavailable,,
WSP-F770995DCA,active,Romanian Deadlift,Barbell Romanian Deadlift,12 months (300-450d),75.0,62.5,6.0,2026-05-29,350,,,Unavailable,,
WSP-F770995DCA,active,Romanian Deadlift,Barbell Romanian Deadlift,6 months (120-240d),59.5,42.5,12.0,2026-01-19,220,,,Unavailable,,
WSP-F770995DCA,active,Split Squat,Barbell Split Squat,12 months (300-450d),16.8,12.0,12.0,2026-07-06,388,,,Unavailable,,
WSP-F770995DCA,active,Split Squat,Barbell Split Squat,6 months (120-240d),11.2,8.0,12.0,2025-10-20,129,,,Unavailable,,
WSP-0ABE7D1E57,active,Bench Press,Barbell Bench Press,12 months (300-450d),36.67,27.5,10.0,2026-06-19,318,,,Unavailable,,
WSP-0ABE7D1E57,active,Bench Press,Barbell Bench Press,6 months (120-240d),36.0,30.0,6.0,2026-03-31,238,,,Unavailable,,
WSP-0ABE7D1E57,active,Farmer Walk 60s,Farmer Walk,Baseline (0-60d),22.5,22.5,1.0,2025-08-05,0,,,Unavailable,,
WSP-0ABE7D1E57,active,Lat Pulldown,Underhand Grip Lat Pulldown,12 months (300-450d),82.67,62.0,10.0,2026-06-10,309,,,Unavailable,-32.9,
WSP-0ABE7D1E57,active,Lat Pulldown,Underhand Grip Lat Pulldown,6 months (120-240d),86.67,65.0,10.0,2026-03-30,237,,,Unavailable,-29.7,
WSP-0ABE7D1E57,active,Lat Pulldown,Underhand Grip Lat Pulldown,Baseline (0-60d),123.2,88.0,12.0,2025-09-20,46,,,Unavailable,,
WSP-0ABE7D1E57,active,Nexus Point Squat,Nexus Point Squat,6 months (120-240d),20.0,15.0,10.0,2026-03-09,216,,,Unavailable,163.2,
WSP-0ABE7D1E57,active,Nexus Point Squat,Barbell Front Squat,Baseline (0-60d),7.6,6.0,8.0,2025-09-23,49,,,Unavailable,,
WSP-0ABE7D1E57,active,Romanian Deadlift,Barbell Romanian Deadlift,12 months (300-450d),53.33,40.0,10.0,2026-06-19,318,,,Unavailable,,
WSP-0ABE7D1E57,active,Romanian Deadlift,Barbell Romanian Deadlift,6 months (120-240d),46.67,35.0,10.0,2026-03-09,216,,,Unavailable,,
WSP-AB25EDB810,active,Bench Press,Barbell Bench Press,Baseline (0-60d),26.67,20.0,10.0,2025-07-24,38,172.0,0.155,Below Live,,0
WSP-AB25EDB810,active,Farmer Walk 60s,Farmer Walk,Baseline (0-60d),12.5,12.5,1.0,2025-07-03,17,172.0,0.073,Below Live,,0
WSP-AB25EDB810,active,Lat Pulldown,Underhand Grip Lat Pulldown,Baseline (0-60d),63.0,45.0,12.0,2025-07-24,38,172.0,0.366,Live,,0
WSP-AB25EDB810,active,Nexus Point Squat,Barbell Front Squat,Baseline (0-60d),31.5,22.5,12.0,2025-08-11,56,172.0,0.183,Below Live,,0
WSP-AB25EDB810,active,Romanian Deadlift,Barbell Romanian Deadlift,Baseline (0-60d),20.0,15.0,10.0,2025-07-14,28,172.0,0.116,Below Live,,0
WSP-AB25EDB810,active,Split Squat,Barbell Split Squat,Baseline (0-60d),14.0,10.0,12.0,2025-07-29,43,172.0,0.081,Unavailable,,
WSP-BBBDC805FF,active,Bench Press,Barbell Bench Press,12 months (300-450d),54.0,45.0,6.0,2026-06-03,348,,,Unavailable,24.6,
WSP-BBBDC805FF,active,Bench Press,Barbell Bench Press,6 months (120-240d),58.27,46.0,8.0,2025-12-10,173,,,Unavailable,34.5,
WSP-BBBDC805FF,active,Bench Press,Barbell Bench Press,Baseline (0-60d),43.33,32.5,10.0,2025-08-13,54,,,Unavailable,,
WSP-BBBDC805FF,active,Deadlift,Barbell Deadlift,12 months (300-450d),84.0,70.0,6.0,2026-06-01,346,,,Unavailable,152.0,
WSP-BBBDC805FF,active,Deadlift,Barbell Deadlift,Baseline (0-60d),33.33,25.0,10.0,2025-08-15,56,,,Unavailable,,
WSP-BBBDC805FF,active,Farmer Walk 60s,Farmer Walk,6 months (120-240d),25.0,25.0,60.0,2025-11-26,159,,,Unavailable,25.0,
WSP-BBBDC805FF,active,Farmer Walk 60s,Farmer Walk,Baseline (0-60d),20.0,20.0,1.0,2025-06-20,0,66.0,0.303,Below Live,,0
WSP-BBBDC805FF,active,Nexus Point Squat,Barbell Front Squat,6 months (120-240d),67.17,65.0,1.0,2025-12-22,185,,,Unavailable,83.2,
WSP-BBBDC805FF,active,Nexus Point Squat,Nexus Point Squat,Baseline (0-60d),36.67,27.5,10.0,2025-08-18,59,,,Unavailable,,
WSP-BBBDC805FF,active,Overhead Press,Barbell Overhead Press,6 months (120-240d),31.67,25.0,8.0,2025-12-03,166,,,Unavailable,,
WSP-BBBDC805FF,active,Romanian Deadlift,Barbell Romanian Deadlift,12 months (300-450d),93.0,77.5,6.0,2026-05-29,343,,,Unavailable,,
WSP-BBBDC805FF,active,Romanian Deadlift,Barbell Romanian Deadlift,6 months (120-240d),76.0,60.0,8.0,2025-12-12,175,,,Unavailable,,
WSP-BBBDC805FF,active,Split Squat,Barbell Split Squat,6 months (120-240d),9.8,7.0,12.0,2025-10-20,122,,,Unavailable,,
WSP-1C37C2D63D,active,Bench Press,Barbell Bench Press,12 months (300-450d),24.0,20.0,6.0,2026-05-20,329,,,Unavailable,2.9,
WSP-1C37C2D63D,active,Bench Press,Barbell Bench Press,6 months (120-240d),30.0,22.5,10.0,2025-11-19,147,,,Unavailable,28.6,
WSP-1C37C2D63D,active,Bench Press,Barbell Bench Press,Baseline (0-60d),23.33,17.5,10.0,2025-08-20,56,,,Unavailable,,
WSP-1C37C2D63D,active,Deadlift,Barbell Deadlift,12 months (300-450d),42.0,35.0,6.0,2026-06-15,355,,,Unavailable,26.0,
WSP-1C37C2D63D,active,Deadlift,Barbell Deadlift,Baseline (0-60d),33.33,25.0,10.0,2025-08-15,51,,,Unavailable,,
WSP-1C37C2D63D,active,Farmer Walk 60s,Farmer Walk,6 months (120-240d),17.5,17.5,1.0,2026-02-16,236,,,Unavailable,-30.0,
WSP-1C37C2D63D,active,Farmer Walk 60s,Farmer Walk,Baseline (0-60d),25.0,25.0,1.0,2025-06-25,0,83.0,0.301,Below Live,,0
WSP-1C37C2D63D,active,Lat Pulldown,Underhand Grip Lat Pulldown,12 months (300-450d),69.67,55.0,8.0,2026-05-08,317,,,Unavailable,-0.5,
WSP-1C37C2D63D,active,Lat Pulldown,Underhand Grip Lat Pulldown,6 months (120-240d),77.0,55.0,12.0,2026-01-16,205,,,Unavailable,10.0,
WSP-1C37C2D63D,active,Lat Pulldown,Underhand Grip Lat Pulldown,Baseline (0-60d),70.0,50.0,12.0,2025-07-21,26,83.0,0.843,Long,,0
WSP-1C37C2D63D,active,Nexus Point Squat,Nexus Point Squat,12 months (300-450d),10.5,7.5,12.0,2026-06-29,369,,,Unavailable,,
WSP-1C37C2D63D,active,Nexus Point Squat,Barbell Front Squat,6 months (120-240d),24.0,20.0,6.0,2025-12-22,180,,,Unavailable,,
WSP-1C37C2D63D,active,Overhead Press,Barbell Overhead Press,6 months (120-240d),5.07,4.0,8.0,2025-12-17,175,,,Unavailable,,
WSP-1C37C2D63D,active,Romanian Deadlift,Barbell Romanian Deadlift,12 months (300-450d),45.0,37.5,6.0,2026-06-12,352,,,Unavailable,114.3,
WSP-1C37C2D63D,active,Romanian Deadlift,Barbell Romanian Deadlift,6 months (120-240d),46.67,35.0,10.0,2026-02-16,236,,,Unavailable,122.2,
WSP-1C37C2D63D,active,Romanian Deadlift,Barbell Romanian Deadlift,Baseline (0-60d),21.0,15.0,12.0,2025-07-18,23,83.0,0.253,Below Live,,0
WSP-1C37C2D63D,active,Split Squat,Barbell Split Squat,12 months (300-450d),4.2,3.0,12.0,2026-07-06,376,,,Unavailable,,
WSP-C8259A3580,active,Bench Press,Barbell Bench Press,12 months (300-450d),46.2,38.5,6.0,2026-06-17,354,,,Unavailable,4.2,
WSP-C8259A3580,active,Bench Press,Barbell Bench Press,6 months (120-240d),50.0,37.5,10.0,2025-11-12,137,,,Unavailable,12.8,
WSP-C8259A3580,active,Bench Press,Barbell Bench Press,Baseline (0-60d),44.33,35.0,8.0,2025-07-30,32,86.0,0.516,Live,,0
WSP-C8259A3580,active,Deadlift,Barbell Deadlift,12 months (300-450d),93.0,90.0,1.0,2026-06-22,359,,,Unavailable,32.9,
WSP-C8259A3580,active,Deadlift,Barbell Deadlift,Baseline (0-60d),70.0,50.0,12.0,2025-07-25,27,86.0,0.814,Live,,0
WSP-C8259A3580,active,Farmer Walk 60s,Farmer Walk,12 months (300-450d),25.0,25.0,60.0,2026-06-22,359,,,Unavailable,0.0,
WSP-C8259A3580,active,Farmer Walk 60s,Farmer Walk,6 months (120-240d),25.0,25.0,60.0,2025-12-17,172,,,Unavailable,0.0,
WSP-C8259A3580,active,Farmer Walk 60s,Farmer Walk,Baseline (0-60d),25.0,25.0,1.0,2025-06-28,0,86.0,0.291,Below Live,,0
WSP-C8259A3580,active,Lat Pulldown,Underhand Grip Lat Pulldown,6 months (120-240d),93.33,70.0,10.0,2026-01-30,216,,,Unavailable,11.1,
WSP-C8259A3580,active,Lat Pulldown,Underhand Grip Lat Pulldown,Baseline (0-60d),84.0,60.0,12.0,2025-07-14,16,86.0,0.977,Long,,0
WSP-C8259A3580,active,Nexus Point Squat,Nexus Point Squat,12 months (300-450d),49.0,35.0,12.0,2026-07-20,387,,,Unavailable,-3.3,
WSP-C8259A3580,active,Nexus Point Squat,Barbell Front Squat,6 months (120-240d),57.0,45.0,8.0,2025-12-15,170,,,Unavailable,12.5,
WSP-C8259A3580,active,Nexus Point Squat,Nexus Point Squat,Baseline (0-60d),50.67,40.0,8.0,2025-08-25,58,,,Unavailable,,
WSP-C8259A3580,active,Romanian Deadlift,Barbell Romanian Deadlift,12 months (300-450d),98.17,95.0,1.0,2026-06-26,363,,,Unavailable,,
WSP-C8259A3580,active,Romanian Deadlift,Barbell Romanian Deadlift,6 months (120-240d),95.0,75.0,8.0,2025-12-19,174,,,Unavailable,,
WSP-C8259A3580,active,Split Squat,Barbell Split Squat,12 months (300-450d),0.0,0.0,12.0,2026-07-20,387,,,Unavailable,,
WSP-FF8A796A6E,deactivated,Bench Press,Barbell Bench Press,6 months (120-240d),38.0,30.0,8.0,2025-12-10,163,85.0,0.447,Live,3.6,0
WSP-FF8A796A6E,deactivated,Bench Press,Barbell Bench Press,Baseline (0-60d),36.67,27.5,10.0,2025-07-30,30,85.0,0.431,Live,,0
WSP-FF8A796A6E,deactivated,Deadlift,Barbell Deadlift,Baseline (0-60d),57.0,45.0,8.0,2025-08-01,32,85.0,0.671,Live,,0
WSP-FF8A796A6E,deactivated,Farmer Walk 60s,Farmer Walk,6 months (120-240d),25.0,25.0,1.0,2025-12-17,170,85.0,0.294,Below Live,11.1,0
WSP-FF8A796A6E,deactivated,Farmer Walk 60s,Farmer Walk,Baseline (0-60d),22.5,22.5,1.0,2025-08-08,39,85.0,0.265,Below Live,,0
WSP-FF8A796A6E,deactivated,Lat Pulldown,Underhand Grip Lat Pulldown,Baseline (0-60d),98.0,70.0,12.0,2025-07-14,14,85.0,1.153,Long,,0
WSP-FF8A796A6E,deactivated,Nexus Point Squat,Barbell Front Squat,6 months (120-240d),22.17,17.5,8.0,2025-12-15,168,85.0,0.261,Below Live,5.6,0
WSP-FF8A796A6E,deactivated,Nexus Point Squat,Nexus Point Squat,Baseline (0-60d),21.0,15.0,12.0,2025-07-14,14,85.0,0.247,Below Live,,0
WSP-FF8A796A6E,deactivated,Overhead Press,Barbell Overhead Press,6 months (120-240d),22.17,17.5,8.0,2025-12-17,170,85.0,0.261,Live,,
WSP-FF8A796A6E,deactivated,Romanian Deadlift,Barbell Romanian Deadlift,6 months (120-240d),70.0,50.0,12.0,2026-01-12,196,,,Unavailable,,
WSP-C76F8700A6,active,Bench Press,Barbell Bench Press,12 months (300-450d),42.0,35.0,6.0,2026-06-24,356,,,Unavailable,43.2,
WSP-C76F8700A6,active,Bench Press,Barbell Bench Press,6 months (120-240d),32.93,26.0,8.0,2025-12-03,153,,,Unavailable,12.3,
WSP-C76F8700A6,active,Bench Press,Barbell Bench Press,Baseline (0-60d),29.33,22.0,10.0,2025-08-20,48,,,Unavailable,,
WSP-C76F8700A6,active,Deadlift,Barbell Deadlift,12 months (300-450d),85.5,67.5,8.0,2026-05-11,312,,,Unavailable,50.0,
WSP-C76F8700A6,active,Deadlift,Barbell Deadlift,Baseline (0-60d),57.0,45.0,8.0,2025-08-29,57,,,Unavailable,,
WSP-C76F8700A6,active,Farmer Walk 60s,Farmer Walk,12 months (300-450d),25.0,25.0,1.0,2026-06-22,354,,,Unavailable,25.0,
WSP-C76F8700A6,active,Farmer Walk 60s,Farmer Walk,6 months (120-240d),25.0,25.0,0.0,2025-12-10,160,,,Unavailable,25.0,
WSP-C76F8700A6,active,Farmer Walk 60s,Farmer Walk,Baseline (0-60d),20.0,20.0,1.0,2025-08-01,29,50.0,0.4,Below Live,,0
WSP-C76F8700A6,active,Lat Pulldown,Underhand Grip Lat Pulldown,6 months (120-240d),77.0,55.0,12.0,2026-01-16,197,,,Unavailable,,
WSP-C76F8700A6,active,Nexus Point Squat,Nexus Point Squat,12 months (300-450d),49.0,35.0,12.0,2026-07-20,382,,,Unavailable,-2.0,
WSP-C76F8700A6,active,Nexus Point Squat,Barbell Front Squat,6 months (120-240d),52.42,42.5,7.0,2025-12-15,165,,,Unavailable,4.8,
WSP-C76F8700A6,active,Nexus Point Squat,Nexus Point Squat,Baseline (0-60d),50.0,37.5,10.0,2025-09-01,60,,,Unavailable,,
WSP-C76F8700A6,active,Overhead Press,Barbell Overhead Press,6 months (120-240d),20.27,16.0,8.0,2025-12-03,153,,,Unavailable,,
WSP-C76F8700A6,active,Romanian Deadlift,Barbell Romanian Deadlift,12 months (300-450d),95.0,75.0,8.0,2026-05-22,323,,,Unavailable,,
WSP-C76F8700A6,active,Romanian Deadlift,Barbell Romanian Deadlift,6 months (120-240d),83.33,62.5,10.0,2026-02-09,221,,,Unavailable,,
WSP-C76F8700A6,active,Split Squat,Barbell Split Squat,12 months (300-450d),28.0,20.0,12.0,2026-07-20,382,,,Unavailable,,
WSP-34A4EF9BDE,deactivated,Bench Press,Barbell Bench Press,6 months (120-240d),27.13,22.0,7.0,2025-12-17,165,,,Unavailable,1.8,
WSP-34A4EF9BDE,deactivated,Bench Press,Barbell Bench Press,Baseline (0-60d),26.67,20.0,10.0,2025-08-06,32,67.0,0.398,Live,,0
WSP-34A4EF9BDE,deactivated,Deadlift,Barbell Deadlift,Baseline (0-60d),53.33,40.0,10.0,2025-08-08,34,67.0,0.796,Live,,0
WSP-34A4EF9BDE,deactivated,Farmer Walk 60s,Farmer Walk,6 months (120-240d),15.0,15.0,1.0,2025-11-26,144,,,Unavailable,-62.5,
WSP-34A4EF9BDE,deactivated,Farmer Walk 60s,Farmer Walk,Baseline (0-60d),40.0,40.0,1.0,2025-07-05,0,67.0,0.597,Below Live,,0
WSP-34A4EF9BDE,deactivated,Lat Pulldown,Underhand Grip Lat Pulldown,Baseline (0-60d),60.0,45.0,10.0,2025-07-07,2,67.0,0.896,Long,,0
WSP-34A4EF9BDE,deactivated,Nexus Point Squat,Barbell Front Squat,6 months (120-240d),23.33,17.5,10.0,2025-11-10,128,,,Unavailable,66.7,
WSP-34A4EF9BDE,deactivated,Nexus Point Squat,Nexus Point Squat,Baseline (0-60d),14.0,10.0,12.0,2025-08-04,30,67.0,0.209,Below Live,,0
WSP-34A4EF9BDE,deactivated,Overhead Press,Barbell Overhead Press,6 months (120-240d),3.8,3.0,8.0,2025-11-26,144,,,Unavailable,,
WSP-34A4EF9BDE,deactivated,Romanian Deadlift,Barbell Romanian Deadlift,6 months (120-240d),43.33,32.5,10.0,2025-11-21,139,,,Unavailable,209.5,
WSP-34A4EF9BDE,deactivated,Romanian Deadlift,Barbell Romanian Deadlift,Baseline (0-60d),14.0,10.0,12.0,2025-07-18,13,67.0,0.209,Below Live,,0
WSP-3551B75FDF,active,Farmer Walk 60s,Farmer Walk,Baseline (0-60d),20.0,20.0,1.0,2025-07-09,0,59.0,0.339,Below Live,,0
WSP-3551B75FDF,active,Lat Pulldown,Underhand Grip Lat Pulldown,Baseline (0-60d),46.67,35.0,10.0,2025-07-28,19,59.0,0.791,Long,,0
WSP-3551B75FDF,active,Split Squat,Barbell Split Squat,Baseline (0-60d),0.0,0.0,10.0,2025-08-04,26,59.0,,Unavailable,,
WSP-2DCB576F02,active,Farmer Walk 60s,Farmer Walk,Baseline (0-60d),30.0,30.0,1.0,2025-07-24,14,56.0,0.536,Below Live,,0
WSP-2DCB576F02,active,Nexus Point Squat,Nexus Point Squat,12 months (300-450d),24.5,17.5,12.0,2026-07-13,368,,,Unavailable,,
WSP-2DCB576F02,active,Romanian Deadlift,Barbell Romanian Deadlift,12 months (300-450d),36.0,30.0,6.0,2026-06-01,326,,,Unavailable,,
WSP-2DCB576F02,active,Split Squat,Barbell Split Squat,12 months (300-450d),11.2,8.0,12.0,2026-07-13,368,,,Unavailable,,
WSP-7EEF4222BA,active,Bench Press,Barbell Bench Press,6 months (120-240d),6.67,5.0,10.0,2026-01-21,195,,,Unavailable,,
WSP-7EEF4222BA,active,Farmer Walk 60s,Farmer Walk,Baseline (0-60d),30.0,30.0,1.0,2025-07-10,0,60.0,0.5,Below Live,,0
WSP-7EEF4222BA,active,Lat Pulldown,Underhand Grip Lat Pulldown,6 months (120-240d),60.0,45.0,10.0,2026-01-21,195,,,Unavailable,22.4,
WSP-7EEF4222BA,active,Lat Pulldown,Underhand Grip Lat Pulldown,Baseline (0-60d),49.0,35.0,12.0,2025-08-27,48,,,Unavailable,,
WSP-7EEF4222BA,active,Nexus Point Squat,Nexus Point Squat,6 months (120-240d),16.67,12.5,10.0,2025-12-19,162,,,Unavailable,56.2,
WSP-7EEF4222BA,active,Nexus Point Squat,Barbell Front Squat,Baseline (0-60d),10.67,8.0,10.0,2025-09-03,55,,,Unavailable,,
WSP-7EEF4222BA,active,Romanian Deadlift,Barbell Romanian Deadlift,6 months (120-240d),8.0,6.0,10.0,2026-01-23,197,,,Unavailable,,
WSP-7EEF4222BA,active,Split Squat,Barbell Split Squat,6 months (120-240d),6.33,5.0,8.0,2026-01-23,197,,,Unavailable,13.1,
WSP-7EEF4222BA,active,Split Squat,Barbell Split Squat,Baseline (0-60d),5.6,4.0,12.0,2025-09-03,55,,,Unavailable,,
WSP-3558050B40,active,Bench Press,Barbell Bench Press,12 months (300-450d),46.2,38.5,6.0,2026-06-03,324,68.17,0.678,Live,10.0,0
WSP-3558050B40,active,Bench Press,Barbell Bench Press,6 months (120-240d),44.33,35.0,8.0,2025-11-12,121,66.41,0.668,Live,5.6,0
WSP-3558050B40,active,Bench Press,Barbell Bench Press,Baseline (0-60d),42.0,35.0,6.0,2025-09-10,58,65.75,0.639,Live,,0
WSP-3558050B40,active,Deadlift,Barbell Deadlift,12 months (300-450d),90.0,75.0,6.0,2026-06-15,336,68.17,1.32,Long,13.7,1
WSP-3558050B40,active,Deadlift,Barbell Deadlift,Baseline (0-60d),79.17,62.5,8.0,2025-09-12,60,65.88,1.202,Live,,0
WSP-3558050B40,active,Farmer Walk 60s,Farmer Walk,12 months (300-450d),60.0,60.0,1.0,2026-06-22,343,68.17,0.88,Live,33.3,1
WSP-3558050B40,active,Farmer Walk 60s,Farmer Walk,6 months (120-240d),60.0,60.0,1.0,2025-12-17,156,66.04,0.909,Live,33.3,1
WSP-3558050B40,active,Farmer Walk 60s,Farmer Walk,Baseline (0-60d),45.0,45.0,55.0,2025-08-15,32,66.38,0.678,Below Live,,0
WSP-3558050B40,active,Lat Pulldown,Underhand Grip Lat Pulldown,Baseline (0-60d),84.0,60.0,12.0,2025-07-28,14,64.74,1.297,Long,,0
WSP-3558050B40,active,Nexus Point Squat,Nexus Point Squat,12 months (300-450d),52.5,37.5,12.0,2026-07-13,364,68.17,0.77,Live,87.5,1
WSP-3558050B40,active,Nexus Point Squat,Barbell Front Squat,6 months (120-240d),38.5,35.0,3.0,2025-12-22,161,66.32,0.581,Live,37.5,1
WSP-3558050B40,active,Nexus Point Squat,Nexus Point Squat,Baseline (0-60d),28.0,20.0,12.0,2025-07-21,7,65.0,0.431,Below Live,,0
WSP-3558050B40,active,Overhead Press,Barbell Overhead Press,6 months (120-240d),22.17,17.5,8.0,2025-12-03,142,66.16,0.335,Live,,
WSP-3558050B40,active,Romanian Deadlift,Barbell Romanian Deadlift,12 months (300-450d),98.17,77.5,8.0,2026-05-22,312,68.18,1.44,Long,,
WSP-3558050B40,active,Romanian Deadlift,Barbell Romanian Deadlift,6 months (120-240d),95.0,75.0,8.0,2025-12-19,158,66.08,1.438,Long,,
WSP-3558050B40,active,Split Squat,Barbell Split Squat,12 months (300-450d),26.67,20.0,10.0,2026-06-29,350,68.17,0.391,Unavailable,,
WSP-2AED6BFC3B,active,Bench Press,Barbell Bench Press,12 months (300-450d),32.03,31.0,1.0,2026-06-24,343,,,Unavailable,52.5,
WSP-2AED6BFC3B,active,Bench Press,Barbell Bench Press,6 months (120-240d),28.5,22.5,8.0,2025-12-03,140,,,Unavailable,35.7,
WSP-2AED6BFC3B,active,Bench Press,Barbell Bench Press,Baseline (0-60d),21.0,17.5,6.0,2025-09-10,56,,,Unavailable,,
WSP-2AED6BFC3B,active,Deadlift,Barbell Deadlift,12 months (300-450d),39.0,32.5,6.0,2026-06-08,327,,,Unavailable,,
WSP-2AED6BFC3B,active,Farmer Walk 60s,Farmer Walk,6 months (120-240d),38.0,38.0,1.0,2025-12-29,166,,,Unavailable,26.7,
WSP-2AED6BFC3B,active,Farmer Walk 60s,Farmer Walk,Baseline (0-60d),30.0,30.0,1.0,2025-07-16,0,56.0,0.536,Below Live,,0
WSP-2AED6BFC3B,active,Lat Pulldown,Underhand Grip Lat Pulldown,12 months (300-450d),60.0,45.0,10.0,2026-06-29,348,,,Unavailable,,
WSP-2AED6BFC3B,active,Nexus Point Squat,Nexus Point Squat,12 months (300-450d),20.0,15.0,10.0,2026-06-29,348,,,Unavailable,,
WSP-2AED6BFC3B,active,Nexus Point Squat,Barbell Front Squat,6 months (120-240d),19.0,15.0,8.0,2026-03-13,240,,,Unavailable,,
WSP-2AED6BFC3B,active,Overhead Press,Barbell Overhead Press,6 months (120-240d),18.5,15.0,7.0,2026-03-04,231,,,Unavailable,,
WSP-2AED6BFC3B,active,Romanian Deadlift,Barbell Romanian Deadlift,12 months (300-450d),48.0,45.0,2.0,2026-06-26,345,,,Unavailable,,
WSP-2AED6BFC3B,active,Romanian Deadlift,Barbell Romanian Deadlift,6 months (120-240d),42.0,30.0,12.0,2026-01-19,187,,,Unavailable,,
WSP-2AED6BFC3B,active,Split Squat,Barbell Split Squat,12 months (300-450d),5.33,4.0,10.0,2026-06-29,348,,,Unavailable,,
WSP-AE5CD1FA15,deactivated,Bench Press,Barbell Bench Press,6 months (120-240d),45.0,37.5,6.0,2025-12-03,137,,,Unavailable,7.1,
WSP-AE5CD1FA15,deactivated,Bench Press,Barbell Bench Press,Baseline (0-60d),42.0,35.0,6.0,2025-09-17,60,,,Unavailable,,
WSP-AE5CD1FA15,deactivated,Deadlift,Barbell Deadlift,Baseline (0-60d),69.67,55.0,8.0,2025-09-12,55,,,Unavailable,,
WSP-AE5CD1FA15,deactivated,Farmer Walk 60s,Farmer Walk,6 months (120-240d),30.0,30.0,,2025-12-03,137,,,Unavailable,-14.3,
WSP-AE5CD1FA15,deactivated,Farmer Walk 60s,Farmer Walk,Baseline (0-60d),35.0,35.0,1.0,2025-07-19,0,94.0,0.372,Below Live,,0
WSP-AE5CD1FA15,deactivated,Lat Pulldown,Underhand Grip Lat Pulldown,6 months (120-240d),93.33,70.0,10.0,2025-11-21,125,,,Unavailable,5.3,
WSP-AE5CD1FA15,deactivated,Lat Pulldown,Underhand Grip Lat Pulldown,Baseline (0-60d),88.67,70.0,8.0,2025-09-15,58,,,Unavailable,,
WSP-AE5CD1FA15,deactivated,Nexus Point Squat,Barbell Front Squat,6 months (120-240d),30.0,25.0,6.0,2025-12-04,138,,,Unavailable,50.0,
WSP-AE5CD1FA15,deactivated,Nexus Point Squat,Nexus Point Squat,Baseline (0-60d),20.0,15.0,10.0,2025-09-08,51,,,Unavailable,,
WSP-AE5CD1FA15,deactivated,Overhead Press,Barbell Overhead Press,6 months (120-240d),17.73,14.0,8.0,2025-12-03,137,,,Unavailable,,
WSP-AE5CD1FA15,deactivated,Romanian Deadlift,Barbell Romanian Deadlift,6 months (120-240d),57.0,45.0,8.0,2025-11-21,125,,,Unavailable,,
WSP-6B6FB23E48,active,Bench Press,Barbell Bench Press,12 months (300-450d),43.4,42.0,1.0,2026-06-24,336,,,Unavailable,18.4,
WSP-6B6FB23E48,active,Bench Press,Barbell Bench Press,Baseline (0-60d),36.67,27.5,10.0,2025-08-20,28,78.0,0.47,Live,,0
WSP-6B6FB23E48,active,Deadlift,Barbell Deadlift,12 months (300-450d),77.5,75.0,1.0,2026-06-22,334,,,Unavailable,6.4,
WSP-6B6FB23E48,active,Deadlift,Barbell Deadlift,Baseline (0-60d),72.83,57.5,8.0,2025-09-19,58,,,Unavailable,,
WSP-6B6FB23E48,active,Farmer Walk 60s,Farmer Walk,12 months (300-450d),40.0,40.0,,2026-06-22,334,,,Unavailable,0.0,
WSP-6B6FB23E48,active,Farmer Walk 60s,Farmer Walk,6 months (120-240d),30.0,30.0,,2025-12-29,159,,,Unavailable,-25.0,
WSP-6B6FB23E48,active,Farmer Walk 60s,Farmer Walk,Baseline (0-60d),40.0,40.0,,2025-08-29,37,78.0,0.513,Below Live,,0
WSP-6B6FB23E48,active,Lat Pulldown,Underhand Grip Lat Pulldown,Baseline (0-60d),80.0,60.0,10.0,2025-08-04,12,78.0,1.026,Long,,0
WSP-6B6FB23E48,active,Nexus Point Squat,Nexus Point Squat,12 months (300-450d),28.0,20.0,12.0,2026-06-29,341,,,Unavailable,-31.7,
WSP-6B6FB23E48,active,Nexus Point Squat,Barbell Front Squat,6 months (120-240d),41.17,32.5,8.0,2025-12-08,138,,,Unavailable,0.4,
WSP-6B6FB23E48,active,Nexus Point Squat,Nexus Point Squat,Baseline (0-60d),41.0,30.0,11.0,2025-08-18,26,78.0,0.526,Live,,0
WSP-6B6FB23E48,active,Romanian Deadlift,Barbell Romanian Deadlift,12 months (300-450d),78.0,65.0,6.0,2026-06-19,331,,,Unavailable,,
WSP-6B6FB23E48,active,Romanian Deadlift,Barbell Romanian Deadlift,6 months (120-240d),76.0,60.0,8.0,2025-12-12,142,,,Unavailable,,
WSP-6B6FB23E48,active,Split Squat,Barbell Split Squat,12 months (300-450d),16.8,12.0,12.0,2026-06-29,341,,,Unavailable,,
WSP-6FF2BD66F6,deactivated,Bench Press,Barbell Bench Press,6 months (120-240d),53.33,40.0,10.0,2026-02-27,217,,,Unavailable,33.3,
WSP-6FF2BD66F6,deactivated,Bench Press,Barbell Bench Press,Baseline (0-60d),40.0,30.0,10.0,2025-09-16,53,,,Unavailable,,
WSP-6FF2BD66F6,deactivated,Farmer Walk 60s,Farmer Walk,Baseline (0-60d),60.0,60.0,1.0,2025-07-25,0,80.0,0.75,Live,,0
WSP-6FF2BD66F6,deactivated,Lat Pulldown,Underhand Grip Lat Pulldown,6 months (120-240d),91.0,65.0,12.0,2025-12-12,140,,,Unavailable,,
WSP-6FF2BD66F6,deactivated,Nexus Point Squat,Nexus Point Squat,6 months (120-240d),21.0,15.0,12.0,2026-02-21,211,,,Unavailable,20.0,
WSP-6FF2BD66F6,deactivated,Nexus Point Squat,Barbell Front Squat,Baseline (0-60d),17.5,12.5,12.0,2025-08-19,25,80.0,0.219,Below Live,,0
WSP-6FF2BD66F6,deactivated,Overhead Press,Barbell Overhead Press,6 months (120-240d),8.87,7.0,8.0,2026-01-20,179,,,Unavailable,,
WSP-6FF2BD66F6,deactivated,Romanian Deadlift,Barbell Romanian Deadlift,6 months (120-240d),66.67,50.0,10.0,2026-03-13,231,,,Unavailable,138.1,
WSP-6FF2BD66F6,deactivated,Romanian Deadlift,Barbell Romanian Deadlift,Baseline (0-60d),28.0,20.0,12.0,2025-08-29,35,80.0,0.35,Below Live,,0
WSP-90948F4890,deactivated,Bench Press,Barbell Bench Press,6 months (120-240d),24.0,20.0,6.0,2025-12-10,135,,,Unavailable,-14.3,
WSP-90948F4890,deactivated,Bench Press,Barbell Bench Press,Baseline (0-60d),28.0,20.0,12.0,2025-08-13,16,54.0,0.519,Live,,0
WSP-90948F4890,deactivated,Farmer Walk 60s,Farmer Walk,6 months (120-240d),9.0,9.0,1.0,2025-12-10,135,,,Unavailable,-10.0,
WSP-90948F4890,deactivated,Farmer Walk 60s,Farmer Walk,Baseline (0-60d),10.0,10.0,60.0,2025-08-08,11,54.0,0.185,Below Live,,0
WSP-90948F4890,deactivated,Nexus Point Squat,Barbell Front Squat,6 months (120-240d),22.4,16.0,12.0,2025-12-08,133,,,Unavailable,,
WSP-90948F4890,deactivated,Overhead Press,Barbell Overhead Press,6 months (120-240d),5.07,4.0,8.0,2025-12-10,135,,,Unavailable,,
WSP-90948F4890,deactivated,Romanian Deadlift,Barbell Romanian Deadlift,6 months (120-240d),26.67,20.0,10.0,2026-01-26,182,,,Unavailable,,
WSP-35EF0D1E4B,deactivated,Bench Press,Barbell Bench Press,6 months (120-240d),31.67,25.0,8.0,2026-03-28,231,,,Unavailable,50.8,
WSP-35EF0D1E4B,deactivated,Bench Press,Barbell Bench Press,Baseline (0-60d),21.0,15.0,12.0,2025-10-08,60,,,Unavailable,,
WSP-35EF0D1E4B,deactivated,Farmer Walk 60s,Farmer Walk,6 months (120-240d),40.0,40.0,1.0,2026-02-06,181,,,Unavailable,0.0,
WSP-35EF0D1E4B,deactivated,Farmer Walk 60s,Farmer Walk,Baseline (0-60d),40.0,40.0,1.0,2025-08-09,0,56.0,0.714,Below Live,,0
WSP-35EF0D1E4B,deactivated,Lat Pulldown,Underhand Grip Lat Pulldown,6 months (120-240d),62.67,47.0,10.0,2025-12-23,136,,,Unavailable,,
WSP-35EF0D1E4B,deactivated,Nexus Point Squat,Nexus Point Squat,6 months (120-240d),26.0,20.0,9.0,2026-03-31,234,,,Unavailable,116.7,
WSP-35EF0D1E4B,deactivated,Nexus Point Squat,Barbell Front Squat,Baseline (0-60d),12.0,9.0,10.0,2025-10-06,58,,,Unavailable,,
WSP-35EF0D1E4B,deactivated,Romanian Deadlift,Barbell Romanian Deadlift,6 months (120-240d),42.67,40.0,2.0,2026-02-06,181,,,Unavailable,,
WSP-35EF0D1E4B,deactivated,Split Squat,Barbell Split Squat,Baseline (0-60d),8.4,6.0,12.0,2025-10-06,58,,,Unavailable,,
WSP-6E5A708942,active,Bench Press,Barbell Bench Press,12 months (300-450d),37.2,36.0,1.0,2026-06-24,317,,,Unavailable,77.1,
WSP-6E5A708942,active,Bench Press,Barbell Bench Press,Baseline (0-60d),21.0,15.0,12.0,2025-10-08,58,,,Unavailable,,
WSP-6E5A708942,active,Deadlift,Barbell Deadlift,12 months (300-450d),57.0,47.5,6.0,2026-06-08,301,,,Unavailable,,
WSP-6E5A708942,active,Farmer Walk 60s,Farmer Walk,6 months (120-240d),35.0,35.0,1.0,2026-01-19,161,67.8,0.516,Below Live,0.0,0
WSP-6E5A708942,active,Farmer Walk 60s,Farmer Walk,Baseline (0-60d),35.0,35.0,1.0,2025-08-11,0,63.7,0.549,Below Live,,0
WSP-6E5A708942,active,Lat Pulldown,Underhand Grip Lat Pulldown,Baseline (0-60d),57.0,45.0,8.0,2025-09-08,28,63.7,0.895,Long,,0
WSP-6E5A708942,active,Nexus Point Squat,Nexus Point Squat,12 months (300-450d),31.5,22.5,12.0,2026-07-20,343,,,Unavailable,181.2,
WSP-6E5A708942,active,Nexus Point Squat,Barbell Front Squat,6 months (120-240d),26.67,25.0,2.0,2026-03-27,228,67.0,0.398,Below Live,138.1,0
WSP-6E5A708942,active,Nexus Point Squat,Barbell Front Squat,Baseline (0-60d),11.2,8.0,12.0,2025-09-29,49,63.7,0.176,Below Live,,0
WSP-6E5A708942,active,Overhead Press,Barbell Overhead Press,6 months (120-240d),21.7,21.0,1.0,2026-03-25,226,67.0,0.324,Live,,
WSP-6E5A708942,active,Romanian Deadlift,Barbell Romanian Deadlift,12 months (300-450d),62.0,60.0,1.0,2026-06-26,319,,,Unavailable,453.6,
WSP-6E5A708942,active,Romanian Deadlift,Barbell Romanian Deadlift,6 months (120-240d),44.33,35.0,8.0,2026-03-16,217,67.0,0.662,Live,295.8,
WSP-6E5A708942,active,Romanian Deadlift,Barbell Romanian Deadlift,Baseline (0-60d),11.2,8.0,12.0,2025-10-10,60,,,Unavailable,,
WSP-6E5A708942,active,Split Squat,Barbell Split Squat,12 months (300-450d),10.5,7.5,12.0,2026-07-20,343,,,Unavailable,87.5,
WSP-6E5A708942,active,Split Squat,Barbell Split Squat,Baseline (0-60d),5.6,4.0,12.0,2025-10-06,56,,,Unavailable,,
WSP-8651E15C95,active,Bench Press,Barbell Bench Press,12 months (300-450d),60.0,50.0,6.0,2026-06-17,303,,,Unavailable,22.2,
WSP-8651E15C95,active,Bench Press,Barbell Bench Press,6 months (120-240d),54.67,41.0,10.0,2026-04-15,240,,,Unavailable,11.4,
WSP-8651E15C95,active,Bench Press,Barbell Bench Press,Baseline (0-60d),49.08,47.5,1.0,2025-09-24,37,100.0,0.491,Live,,0
WSP-8651E15C95,active,Deadlift,Barbell Deadlift,12 months (300-450d),103.33,100.0,1.0,2026-06-22,308,,,Unavailable,50.3,
WSP-8651E15C95,active,Deadlift,Barbell Deadlift,6 months (120-240d),66.67,50.0,10.0,2026-03-30,224,,,Unavailable,-3.0,
WSP-8651E15C95,active,Deadlift,Barbell Deadlift,Baseline (0-60d),68.75,62.5,3.0,2025-09-26,39,100.0,0.688,Live,,0
WSP-8651E15C95,active,Farmer Walk 60s,Farmer Walk,6 months (120-240d),45.0,45.0,,2025-12-29,133,,,Unavailable,0.0,
WSP-8651E15C95,active,Farmer Walk 60s,Farmer Walk,Baseline (0-60d),45.0,45.0,,2025-09-24,37,100.0,0.45,Below Live,,0
WSP-8651E15C95,active,Lat Pulldown,Underhand Grip Lat Pulldown,12 months (300-450d),96.33,85.0,4.0,2026-06-19,305,,,Unavailable,0.3,
WSP-8651E15C95,active,Lat Pulldown,Underhand Grip Lat Pulldown,6 months (120-240d),102.0,85.0,6.0,2026-01-02,137,,,Unavailable,6.2,
WSP-8651E15C95,active,Lat Pulldown,Underhand Grip Lat Pulldown,Baseline (0-60d),96.0,80.0,6.0,2025-09-08,21,100.0,0.96,Long,,0
WSP-8651E15C95,active,Nexus Point Squat,Nexus Point Squat,12 months (300-450d),31.5,22.5,12.0,2026-07-06,322,,,Unavailable,-44.6,
WSP-8651E15C95,active,Nexus Point Squat,Nexus Point Squat,Baseline (0-60d),56.83,55.0,1.0,2025-09-22,35,100.0,0.568,Live,,0
WSP-8651E15C95,active,Overhead Press,Barbell Overhead Press,6 months (120-240d),28.5,22.5,8.0,2026-03-11,205,,,Unavailable,,
WSP-8651E15C95,active,Romanian Deadlift,Barbell Romanian Deadlift,12 months (300-450d),78.75,67.5,5.0,2026-06-19,305,,,Unavailable,50.0,
WSP-8651E15C95,active,Romanian Deadlift,Barbell Romanian Deadlift,6 months (120-240d),82.67,77.5,2.0,2026-03-23,217,,,Unavailable,57.5,
WSP-8651E15C95,active,Romanian Deadlift,Barbell Romanian Deadlift,Baseline (0-60d),52.5,37.5,12.0,2025-10-17,60,,,Unavailable,,
WSP-F99C0D0FD8,deactivated,Bench Press,Barbell Bench Press,Baseline (0-60d),33.0,27.5,6.0,2025-09-10,15,65.0,0.508,Live,,0
WSP-F99C0D0FD8,deactivated,Deadlift,Barbell Deadlift,Baseline (0-60d),53.83,42.5,8.0,2025-09-12,17,65.0,0.828,Live,,0
WSP-F99C0D0FD8,deactivated,Farmer Walk 60s,Farmer Walk,6 months (120-240d),20.0,20.0,,2026-01-26,153,,,Unavailable,-33.3,
WSP-F99C0D0FD8,deactivated,Farmer Walk 60s,Farmer Walk,Baseline (0-60d),30.0,30.0,1.0,2025-08-26,0,65.0,0.462,Below Live,,0
WSP-F99C0D0FD8,deactivated,Lat Pulldown,Underhand Grip Lat Pulldown,Baseline (0-60d),84.0,60.0,12.0,2025-10-03,38,65.0,1.292,Long,,0
WSP-F99C0D0FD8,deactivated,Nexus Point Squat,Nexus Point Squat,Baseline (0-60d),41.17,32.5,8.0,2025-09-15,20,65.0,0.633,Live,,0
WSP-F99C0D0FD8,deactivated,Romanian Deadlift,Barbell Romanian Deadlift,6 months (120-240d),40.0,30.0,10.0,2026-01-26,153,,,Unavailable,-12.1,
WSP-F99C0D0FD8,deactivated,Romanian Deadlift,Barbell Romanian Deadlift,Baseline (0-60d),45.5,32.5,12.0,2025-10-24,59,,,Unavailable,,
WSP-BFCFDB82E1,deactivated,Bench Press,Barbell Bench Press,Baseline (0-60d),25.83,25.0,1.0,2025-09-24,22,52.0,0.497,Live,,0
WSP-BFCFDB82E1,deactivated,Deadlift,Barbell Deadlift,Baseline (0-60d),33.0,30.0,3.0,2025-09-26,24,52.0,0.635,Live,,0
WSP-BFCFDB82E1,deactivated,Farmer Walk 60s,Farmer Walk,6 months (120-240d),15.0,15.0,1.0,2026-01-05,125,,,Unavailable,-50.0,
WSP-BFCFDB82E1,deactivated,Farmer Walk 60s,Farmer Walk,Baseline (0-60d),30.0,30.0,1.0,2025-09-24,22,52.0,0.577,Below Live,,0
WSP-BFCFDB82E1,deactivated,Lat Pulldown,Underhand Grip Lat Pulldown,Baseline (0-60d),53.33,40.0,10.0,2025-09-08,6,52.0,1.026,Long,,0
WSP-BFCFDB82E1,deactivated,Nexus Point Squat,Barbell Front Squat,Baseline (0-60d),14.0,10.0,12.0,2025-09-29,27,52.0,0.269,Below Live,,0
WSP-BFCFDB82E1,deactivated,Romanian Deadlift,Barbell Romanian Deadlift,6 months (120-240d),40.0,30.0,10.0,2026-01-05,125,,,Unavailable,14.3,
WSP-BFCFDB82E1,deactivated,Romanian Deadlift,Barbell Romanian Deadlift,Baseline (0-60d),35.0,25.0,12.0,2025-10-10,38,52.0,0.673,Live,,0
WSP-BFCFDB82E1,deactivated,Split Squat,Barbell Split Squat,Baseline (0-60d),0.0,0.0,12.0,2025-09-29,27,52.0,,Unavailable,,
WSP-4B38CED5A0,deactivated,Bench Press,Barbell Bench Press,Baseline (0-60d),45.5,32.5,12.0,2025-10-15,42,64.0,0.711,Live,,0
WSP-4B38CED5A0,deactivated,Deadlift,Barbell Deadlift,Baseline (0-60d),88.67,70.0,8.0,2025-09-19,16,64.0,1.385,Long,,0
WSP-4B38CED5A0,deactivated,Farmer Walk 60s,Farmer Walk,6 months (120-240d),22.5,22.5,60.0,2026-01-05,124,,,Unavailable,0.0,
WSP-4B38CED5A0,deactivated,Farmer Walk 60s,Farmer Walk,Baseline (0-60d),22.5,22.5,1.0,2025-09-24,21,64.0,0.352,Below Live,,0
WSP-4B38CED5A0,deactivated,Nexus Point Squat,Nexus Point Squat,Baseline (0-60d),57.0,45.0,8.0,2025-09-08,5,64.0,0.891,Live,,0
WSP-4B38CED5A0,deactivated,Overhead Press,Barbell Overhead Press,6 months (120-240d),34.67,32.5,2.0,2026-03-20,198,,,Unavailable,,
WSP-4B38CED5A0,deactivated,Romanian Deadlift,Barbell Romanian Deadlift,6 months (120-240d),93.0,90.0,1.0,2026-03-20,198,,,Unavailable,20.8,
WSP-4B38CED5A0,deactivated,Romanian Deadlift,Barbell Romanian Deadlift,Baseline (0-60d),77.0,55.0,12.0,2025-10-03,30,64.0,1.203,Long,,0
WSP-4B38CED5A0,deactivated,Split Squat,Barbell Split Squat,Baseline (0-60d),35.0,25.0,12.0,2025-10-20,47,,,Unavailable,,
WSP-39AFF966E1,active,Bench Press,Barbell Bench Press,6 months (120-240d),35.75,27.5,9.0,2026-04-29,233,,,Unavailable,41.1,
WSP-39AFF966E1,active,Bench Press,Barbell Bench Press,Baseline (0-60d),25.33,20.0,8.0,2025-11-05,58,,,Unavailable,,
WSP-39AFF966E1,active,Farmer Walk 60s,Farmer Walk,Baseline (0-60d),30.0,30.0,1.0,2025-09-08,0,80.0,0.375,Below Live,,0
WSP-39AFF966E1,active,Lat Pulldown,Underhand Grip Lat Pulldown,12 months (300-450d),82.67,62.0,10.0,2026-07-15,310,,,Unavailable,18.1,
WSP-39AFF966E1,active,Lat Pulldown,Underhand Grip Lat Pulldown,6 months (120-240d),82.67,62.0,10.0,2026-04-18,222,,,Unavailable,18.1,
WSP-39AFF966E1,active,Lat Pulldown,Underhand Grip Lat Pulldown,Baseline (0-60d),70.0,50.0,12.0,2025-10-22,44,80.0,0.875,Long,,0
WSP-39AFF966E1,active,Nexus Point Squat,Nexus Point Squat,6 months (120-240d),28.5,22.5,8.0,2026-05-02,236,,,Unavailable,103.6,
WSP-39AFF966E1,active,Nexus Point Squat,Barbell Front Squat,Baseline (0-60d),14.0,10.0,12.0,2025-10-06,28,80.0,0.175,Below Live,,0
WSP-39AFF966E1,active,Overhead Press,Barbell Overhead Press,6 months (120-240d),18.5,15.0,7.0,2026-02-25,170,,,Unavailable,,
WSP-39AFF966E1,active,Romanian Deadlift,Barbell Romanian Deadlift,12 months (300-450d),46.67,35.0,10.0,2026-07-17,312,,,Unavailable,,
WSP-39AFF966E1,active,Romanian Deadlift,Barbell Romanian Deadlift,6 months (120-240d),41.17,32.5,8.0,2026-02-28,173,,,Unavailable,,
WSP-ADB01750B6,active,Bench Press,Barbell Bench Press,6 months (120-240d),36.67,27.5,10.0,2026-04-08,212,,,Unavailable,10.0,
WSP-ADB01750B6,active,Bench Press,Barbell Bench Press,Baseline (0-60d),33.33,25.0,10.0,2025-11-05,58,50.4,0.661,Live,,0
WSP-ADB01750B6,active,Deadlift,Barbell Deadlift,6 months (120-240d),53.33,40.0,10.0,2026-03-30,203,,,Unavailable,,
WSP-ADB01750B6,active,Farmer Walk 60s,Farmer Walk,6 months (120-240d),25.0,25.0,1.0,2026-03-23,196,,,Unavailable,-44.4,
WSP-ADB01750B6,active,Farmer Walk 60s,Farmer Walk,Baseline (0-60d),45.0,45.0,1.0,2025-09-24,16,52.0,0.865,Live,,0
WSP-ADB01750B6,active,Lat Pulldown,Underhand Grip Lat Pulldown,12 months (300-450d),53.33,40.0,10.0,2026-07-06,301,,,Unavailable,-6.4,
WSP-ADB01750B6,active,Lat Pulldown,Underhand Grip Lat Pulldown,Baseline (0-60d),57.0,45.0,8.0,2025-09-15,7,52.0,1.096,Long,,0
WSP-ADB01750B6,active,Nexus Point Squat,Nexus Point Squat,12 months (300-450d),21.0,15.0,12.0,2026-07-06,301,,,Unavailable,26.0,
WSP-ADB01750B6,active,Nexus Point Squat,Barbell Front Squat,6 months (120-240d),33.58,32.5,1.0,2026-03-27,200,,,Unavailable,101.5,
WSP-ADB01750B6,active,Nexus Point Squat,Barbell Front Squat,Baseline (0-60d),16.67,12.5,10.0,2025-11-03,56,50.4,0.331,Below Live,,0
WSP-ADB01750B6,active,Overhead Press,Barbell Overhead Press,6 months (120-240d),25.83,25.0,1.0,2026-03-25,198,,,Unavailable,,
WSP-ADB01750B6,active,Romanian Deadlift,Barbell Romanian Deadlift,12 months (300-450d),38.0,30.0,8.0,2026-07-10,305,,,Unavailable,14.0,
WSP-ADB01750B6,active,Romanian Deadlift,Barbell Romanian Deadlift,6 months (120-240d),66.0,60.0,3.0,2026-03-23,196,,,Unavailable,98.0,
WSP-ADB01750B6,active,Romanian Deadlift,Barbell Romanian Deadlift,Baseline (0-60d),33.33,25.0,10.0,2025-11-07,60,50.4,0.661,Live,,0
WSP-ADB01750B6,active,Split Squat,Barbell Split Squat,Baseline (0-60d),10.67,8.0,10.0,2025-10-06,28,52.0,0.205,Unavailable,,
WSP-C28044FEBC,deactivated,Bench Press,Barbell Bench Press,6 months (120-240d),40.0,30.0,10.0,2026-04-22,223,,,Unavailable,0.0,
WSP-C28044FEBC,deactivated,Bench Press,Barbell Bench Press,Baseline (0-60d),40.0,30.0,10.0,2025-11-05,55,,,Unavailable,,
WSP-C28044FEBC,deactivated,Deadlift,Barbell Deadlift,6 months (120-240d),50.67,40.0,8.0,2026-04-27,228,,,Unavailable,5.6,
WSP-C28044FEBC,deactivated,Deadlift,Barbell Deadlift,Baseline (0-60d),48.0,40.0,6.0,2025-10-08,27,82.0,0.585,Live,,0
WSP-C28044FEBC,deactivated,Farmer Walk 60s,Farmer Walk,6 months (120-240d),22.5,22.5,1.0,2026-01-12,123,,,Unavailable,-35.7,
WSP-C28044FEBC,deactivated,Farmer Walk 60s,Farmer Walk,Baseline (0-60d),35.0,35.0,1.0,2025-09-11,0,82.0,0.427,Below Live,,0
WSP-C28044FEBC,deactivated,Nexus Point Squat,Barbell Front Squat,Baseline (0-60d),30.0,22.5,10.0,2025-11-10,60,,,Unavailable,,
WSP-C28044FEBC,deactivated,Romanian Deadlift,Barbell Romanian Deadlift,6 months (120-240d),57.0,45.0,8.0,2026-05-01,232,,,Unavailable,6.9,
WSP-C28044FEBC,deactivated,Romanian Deadlift,Barbell Romanian Deadlift,Baseline (0-60d),53.33,40.0,10.0,2025-11-07,57,,,Unavailable,,
WSP-C28044FEBC,deactivated,Split Squat,Barbell Split Squat,Baseline (0-60d),25.2,18.0,12.0,2025-10-20,39,82.0,0.307,Unavailable,,
WSP-7BE8ADD500,active,Bench Press,Barbell Bench Press,6 months (120-240d),31.67,25.0,8.0,2026-04-08,208,,,Unavailable,,
WSP-7BE8ADD500,active,Deadlift,Barbell Deadlift,6 months (120-240d),34.83,27.5,8.0,2026-05-04,234,,,Unavailable,30.6,
WSP-7BE8ADD500,active,Deadlift,Barbell Deadlift,Baseline (0-60d),26.67,20.0,10.0,2025-09-26,14,63.0,0.423,Below Live,,0
WSP-7BE8ADD500,active,Farmer Walk 60s,Farmer Walk,Baseline (0-60d),30.0,30.0,1.0,2025-09-12,0,63.0,0.476,Below Live,,0
WSP-7BE8ADD500,active,Nexus Point Squat,Barbell Front Squat,6 months (120-240d),19.0,15.0,8.0,2026-02-27,168,,,Unavailable,-40.0,
WSP-7BE8ADD500,active,Nexus Point Squat,Nexus Point Squat,Baseline (0-60d),31.67,25.0,8.0,2025-09-26,14,63.0,0.503,Live,,0
WSP-7BE8ADD500,active,Romanian Deadlift,Barbell Romanian Deadlift,6 months (120-240d),38.0,30.0,8.0,2026-03-09,178,,,Unavailable,,
WSP-7BE8ADD500,active,Split Squat,Barbell Split Squat,6 months (120-240d),4.0,3.0,10.0,2026-04-10,210,,,Unavailable,-50.0,
WSP-7BE8ADD500,active,Split Squat,Barbell Split Squat,Baseline (0-60d),8.0,6.0,10.0,2025-11-03,52,,,Unavailable,,
WSP-C91101A536,deactivated,Bench Press,Barbell Bench Press,6 months (120-240d),28.0,20.0,12.0,2026-04-07,206,,,Unavailable,,
WSP-C91101A536,deactivated,Farmer Walk 60s,Farmer Walk,6 months (120-240d),17.5,17.5,,2026-03-23,191,,,Unavailable,-41.7,
WSP-C91101A536,deactivated,Farmer Walk 60s,Farmer Walk,Baseline (0-60d),30.0,30.0,1.0,2025-09-13,0,70.0,0.429,Below Live,,0
WSP-C91101A536,deactivated,Lat Pulldown,Underhand Grip Lat Pulldown,6 months (120-240d),60.0,45.0,10.0,2026-02-04,144,,,Unavailable,44.0,
WSP-C91101A536,deactivated,Lat Pulldown,Underhand Grip Lat Pulldown,Baseline (0-60d),41.67,31.25,10.0,2025-11-05,53,,,Unavailable,,
WSP-C91101A536,deactivated,Nexus Point Squat,Barbell Front Squat,Baseline (0-60d),9.5,7.5,8.0,2025-11-12,60,,,Unavailable,,
WSP-C91101A536,deactivated,Romanian Deadlift,Barbell Romanian Deadlift,6 months (120-240d),52.25,47.5,3.0,2026-03-23,191,,,Unavailable,,
WSP-C91101A536,deactivated,Split Squat,Barbell Split Squat,Baseline (0-60d),2.67,2.0,10.0,2025-10-29,46,,,Unavailable,,
WSP-A608A874FA,deactivated,Bench Press,Barbell Bench Press,6 months (120-240d),63.33,47.5,10.0,2026-04-22,217,,,Unavailable,26.7,
WSP-A608A874FA,deactivated,Bench Press,Barbell Bench Press,Baseline (0-60d),50.0,37.5,10.0,2025-11-12,56,,,Unavailable,,
WSP-A608A874FA,deactivated,Deadlift,Barbell Deadlift,6 months (120-240d),88.67,70.0,8.0,2026-03-30,194,,,Unavailable,322.2,
WSP-A608A874FA,deactivated,Deadlift,Barbell Deadlift,Baseline (0-60d),21.0,15.0,12.0,2025-09-19,2,81.0,0.259,Below Live,,0
WSP-A608A874FA,deactivated,Farmer Walk 60s,Farmer Walk,6 months (120-240d),70.0,70.0,1.0,2026-03-23,187,,,Unavailable,16.7,
WSP-A608A874FA,deactivated,Farmer Walk 60s,Farmer Walk,Baseline (0-60d),60.0,60.0,1.0,2025-09-17,0,81.0,0.741,Below Live,,0
WSP-A608A874FA,deactivated,Nexus Point Squat,Barbell Front Squat,6 months (120-240d),62.0,60.0,1.0,2026-03-27,191,,,Unavailable,40.9,
WSP-A608A874FA,deactivated,Nexus Point Squat,Nexus Point Squat,Baseline (0-60d),44.0,40.0,3.0,2025-09-22,5,81.0,0.543,Live,,0
WSP-A608A874FA,deactivated,Overhead Press,Barbell Overhead Press,6 months (120-240d),37.33,35.0,2.0,2026-03-25,189,,,Unavailable,,
WSP-A608A874FA,deactivated,Romanian Deadlift,Barbell Romanian Deadlift,6 months (120-240d),101.33,95.0,2.0,2026-03-23,187,,,Unavailable,68.9,
WSP-A608A874FA,deactivated,Romanian Deadlift,Barbell Romanian Deadlift,Baseline (0-60d),60.0,45.0,10.0,2025-11-14,58,,,Unavailable,,
WSP-A608A874FA,deactivated,Split Squat,Barbell Split Squat,Baseline (0-60d),14.0,10.0,12.0,2025-10-20,33,81.0,0.173,Unavailable,,
WSP-20AB5BBD04,deactivated,Bench Press,Barbell Bench Press,6 months (120-240d),38.0,30.0,8.0,2026-04-08,200,73.2,0.519,Live,3.6,
WSP-20AB5BBD04,deactivated,Bench Press,Barbell Bench Press,Baseline (0-60d),36.67,27.5,10.0,2025-11-19,60,,,Unavailable,,
WSP-20AB5BBD04,deactivated,Deadlift,Barbell Deadlift,6 months (120-240d),40.0,30.0,10.0,2026-03-30,191,73.2,0.546,Live,,
WSP-20AB5BBD04,deactivated,Farmer Walk 60s,Farmer Walk,6 months (120-240d),20.0,20.0,1.0,2026-02-16,149,,,Unavailable,-42.9,
WSP-20AB5BBD04,deactivated,Farmer Walk 60s,Farmer Walk,Baseline (0-60d),35.0,35.0,1.0,2025-09-20,0,70.0,0.5,Below Live,,0
WSP-20AB5BBD04,deactivated,Nexus Point Squat,Barbell Front Squat,6 months (120-240d),22.17,17.5,8.0,2026-03-13,174,73.2,0.303,Below Live,33.0,0
WSP-20AB5BBD04,deactivated,Nexus Point Squat,Barbell Front Squat,Baseline (0-60d),16.67,12.5,10.0,2025-10-27,37,70.0,0.238,Below Live,,0
WSP-20AB5BBD04,deactivated,Overhead Press,Barbell Overhead Press,6 months (120-240d),22.17,17.5,8.0,2026-03-11,172,73.2,0.303,Live,,
WSP-20AB5BBD04,deactivated,Romanian Deadlift,Barbell Romanian Deadlift,6 months (120-240d),58.0,43.5,10.0,2026-04-03,195,73.2,0.792,Live,65.7,1
WSP-20AB5BBD04,deactivated,Romanian Deadlift,Barbell Romanian Deadlift,Baseline (0-60d),35.0,25.0,12.0,2025-10-31,41,70.0,0.5,Below Live,,0
WSP-4D975D7B38,active,Bench Press,Barbell Bench Press,6 months (120-240d),30.0,25.0,6.0,2026-04-08,198,,,Unavailable,28.6,
WSP-4D975D7B38,active,Bench Press,Barbell Bench Press,Baseline (0-60d),23.33,17.5,10.0,2025-10-15,23,69.0,0.338,Live,,0
WSP-4D975D7B38,active,Deadlift,Barbell Deadlift,6 months (120-240d),44.33,35.0,8.0,2026-04-27,217,,,Unavailable,,
WSP-4D975D7B38,active,Farmer Walk 60s,Farmer Walk,6 months (120-240d),20.0,20.0,,2026-03-23,182,,,Unavailable,-33.3,
WSP-4D975D7B38,active,Farmer Walk 60s,Farmer Walk,Baseline (0-60d),30.0,30.0,1.0,2025-09-22,0,69.0,0.435,Below Live,,0
WSP-4D975D7B38,active,Lat Pulldown,Underhand Grip Lat Pulldown,12 months (300-450d),63.0,45.0,12.0,2026-07-20,301,,,Unavailable,,
WSP-4D975D7B38,active,Nexus Point Squat,Nexus Point Squat,12 months (300-450d),8.4,6.0,12.0,2026-07-20,301,,,Unavailable,-40.0,
WSP-4D975D7B38,active,Nexus Point Squat,Barbell Front Squat,Baseline (0-60d),14.0,10.0,12.0,2025-11-03,42,69.0,0.203,Below Live,,0
WSP-4D975D7B38,active,Overhead Press,Barbell Overhead Press,6 months (120-240d),18.08,17.5,1.0,2026-03-25,184,,,Unavailable,,
WSP-4D975D7B38,active,Romanian Deadlift,Barbell Romanian Deadlift,6 months (120-240d),53.33,50.0,2.0,2026-03-23,182,,,Unavailable,217.5,
WSP-4D975D7B38,active,Romanian Deadlift,Barbell Romanian Deadlift,Baseline (0-60d),16.8,12.0,12.0,2025-10-03,11,69.0,0.243,Below Live,,0
WSP-4D975D7B38,active,Split Squat,Barbell Split Squat,12 months (300-450d),2.8,2.0,12.0,2026-07-20,301,,,Unavailable,-58.0,
WSP-4D975D7B38,active,Split Squat,Barbell Split Squat,Baseline (0-60d),6.67,5.0,10.0,2025-10-13,21,69.0,0.097,Unavailable,,
WSP-FFE4F951EE,active,Bench Press,Barbell Bench Press,6 months (120-240d),34.2,27.0,8.0,2026-05-20,230,65.6,0.521,Live,,
WSP-FFE4F951EE,active,Deadlift,Barbell Deadlift,6 months (120-240d),63.33,50.0,8.0,2026-05-18,228,65.6,0.965,Live,,
WSP-FFE4F951EE,active,Farmer Walk 60s,Farmer Walk,6 months (120-240d),40.0,40.0,1.0,2026-02-16,137,68.9,0.581,Below Live,,
WSP-FFE4F951EE,active,Lat Pulldown,Underhand Grip Lat Pulldown,Baseline (0-60d),70.0,50.0,12.0,2025-10-17,15,80.5,0.87,Long,,0
WSP-FFE4F951EE,active,Nexus Point Squat,Barbell Front Squat,6 months (120-240d),22.17,17.5,8.0,2026-03-13,162,67.9,0.326,Below Live,66.2,0
WSP-FFE4F951EE,active,Nexus Point Squat,Barbell Front Squat,Baseline (0-60d),13.33,10.0,10.0,2025-12-01,60,75.9,0.176,Below Live,,0
WSP-FFE4F951EE,active,Overhead Press,Barbell Overhead Press,6 months (120-240d),20.42,17.5,5.0,2026-03-18,167,67.2,0.304,Live,,
WSP-FFE4F951EE,active,Romanian Deadlift,Barbell Romanian Deadlift,6 months (120-240d),60.0,45.0,10.0,2026-04-24,204,67.2,0.893,Live,185.7,1
WSP-FFE4F951EE,active,Romanian Deadlift,Barbell Romanian Deadlift,Baseline (0-60d),21.0,15.0,12.0,2025-10-24,22,80.5,0.261,Below Live,,0
WSP-490108A4DC,deactivated,Farmer Walk 60s,Farmer Walk,Baseline (0-60d),30.0,30.0,1.0,2025-09-22,0,66.0,0.455,Below Live,,0
WSP-490108A4DC,deactivated,Nexus Point Squat,Barbell Front Squat,Baseline (0-60d),6.67,5.0,10.0,2025-11-20,59,,,Unavailable,,
WSP-490108A4DC,deactivated,Romanian Deadlift,Barbell Romanian Deadlift,Baseline (0-60d),21.0,15.0,12.0,2025-10-30,38,66.0,0.318,Below Live,,0
WSP-7AF30340EE,active,Bench Press,Barbell Bench Press,6 months (120-240d),19.5,15.0,9.0,2026-04-01,189,,,Unavailable,92.4,
WSP-7AF30340EE,active,Bench Press,Barbell Bench Press,Baseline (0-60d),10.13,8.0,8.0,2025-11-19,56,,,Unavailable,,
WSP-7AF30340EE,active,Deadlift,Barbell Deadlift,6 months (120-240d),25.33,20.0,8.0,2026-03-30,187,,,Unavailable,,
WSP-7AF30340EE,active,Farmer Walk 60s,Farmer Walk,6 months (120-240d),40.0,40.0,0.0,2026-02-16,145,,,Unavailable,33.3,
WSP-7AF30340EE,active,Farmer Walk 60s,Farmer Walk,Baseline (0-60d),30.0,30.0,1.0,2025-09-24,0,52.0,0.577,Below Live,,0
WSP-7AF30340EE,active,Lat Pulldown,Underhand Grip Lat Pulldown,6 months (120-240d),63.33,50.0,8.0,2026-03-06,163,,,Unavailable,29.3,
WSP-7AF30340EE,active,Lat Pulldown,Underhand Grip Lat Pulldown,Baseline (0-60d),49.0,35.0,12.0,2025-10-10,16,52.0,0.942,Long,,0
WSP-7AF30340EE,active,Nexus Point Squat,Barbell Front Squat,6 months (120-240d),10.13,8.0,8.0,2026-03-06,163,,,Unavailable,1.3,
WSP-7AF30340EE,active,Nexus Point Squat,Barbell Front Squat,Baseline (0-60d),10.0,7.5,10.0,2025-11-17,54,,,Unavailable,,
WSP-7AF30340EE,active,Overhead Press,Barbell Overhead Press,6 months (120-240d),5.33,4.0,10.0,2026-03-11,168,,,Unavailable,,
WSP-7AF30340EE,active,Romanian Deadlift,Barbell Romanian Deadlift,6 months (120-240d),25.83,25.0,1.0,2026-03-23,180,,,Unavailable,36.0,
WSP-7AF30340EE,active,Romanian Deadlift,Barbell Romanian Deadlift,Baseline (0-60d),19.0,15.0,8.0,2025-11-21,58,,,Unavailable,,
WSP-B242C627C1,deactivated,Bench Press,Barbell Bench Press,6 months (120-240d),45.33,40.0,4.0,2026-04-10,196,71.4,0.635,Live,43.9,0
WSP-B242C627C1,deactivated,Bench Press,Barbell Bench Press,Baseline (0-60d),31.5,22.5,12.0,2025-10-18,22,79.9,0.394,Live,,0
WSP-B242C627C1,deactivated,Lat Pulldown,Underhand Grip Lat Pulldown,6 months (120-240d),86.67,65.0,10.0,2026-02-04,131,73.0,1.187,Long,18.2,0
WSP-B242C627C1,deactivated,Lat Pulldown,Underhand Grip Lat Pulldown,Baseline (0-60d),73.33,55.0,10.0,2025-11-15,50,77.9,0.941,Long,,0
WSP-B242C627C1,deactivated,Nexus Point Squat,Barbell Front Squat,6 months (120-240d),20.0,15.0,10.0,2026-03-20,175,71.5,0.28,Below Live,138.1,0
WSP-B242C627C1,deactivated,Nexus Point Squat,Barbell Front Squat,Baseline (0-60d),8.4,6.0,12.0,2025-10-08,12,80.3,0.105,Below Live,,0
WSP-B242C627C1,deactivated,Romanian Deadlift,Barbell Romanian Deadlift,6 months (120-240d),60.0,45.0,10.0,2026-03-13,168,71.6,0.838,Live,,
WSP-025D1B9E8F,active,Bench Press,Barbell Bench Press,6 months (120-240d),36.1,28.5,8.0,2026-05-13,228,69.0,0.523,Live,20.3,0
WSP-025D1B9E8F,active,Bench Press,Barbell Bench Press,Baseline (0-60d),30.0,22.5,10.0,2025-11-05,39,70.0,0.429,Live,,0
WSP-025D1B9E8F,active,Deadlift,Barbell Deadlift,6 months (120-240d),60.0,45.0,10.0,2026-04-06,191,69.0,0.87,Live,,
WSP-025D1B9E8F,active,Farmer Walk 60s,Farmer Walk,6 months (120-240d),30.0,30.0,1.0,2026-04-07,192,69.0,0.435,Below Live,140.0,0
WSP-025D1B9E8F,active,Farmer Walk 60s,Farmer Walk,Baseline (0-60d),12.5,12.5,1.0,2025-09-27,0,70.0,0.179,Below Live,,0
WSP-025D1B9E8F,active,Lat Pulldown,Underhand Grip Lat Pulldown,Baseline (0-60d),63.0,45.0,12.0,2025-10-31,34,70.0,0.9,Long,,0
WSP-025D1B9E8F,active,Nexus Point Squat,Barbell Front Squat,6 months (120-240d),33.0,30.0,3.0,2026-03-27,181,69.0,0.478,Below Live,108.4,
WSP-025D1B9E8F,active,Nexus Point Squat,Barbell Front Squat,Baseline (0-60d),15.83,12.5,8.0,2025-11-24,58,,,Unavailable,,
WSP-025D1B9E8F,active,Overhead Press,Barbell Overhead Press,6 months (120-240d),21.7,21.0,1.0,2026-03-25,179,69.0,0.314,Live,,
WSP-025D1B9E8F,active,Romanian Deadlift,Barbell Romanian Deadlift,6 months (120-240d),63.33,50.0,8.0,2026-05-22,237,69.0,0.918,Live,101.1,1
WSP-025D1B9E8F,active,Romanian Deadlift,Barbell Romanian Deadlift,Baseline (0-60d),31.5,22.5,12.0,2025-11-07,41,70.0,0.45,Below Live,,0
WSP-025D1B9E8F,active,Split Squat,Barbell Split Squat,Baseline (0-60d),0.0,0.0,12.0,2025-10-06,9,70.0,,Unavailable,,
WSP-6B2A13AF17,active,Bench Press,Barbell Bench Press,Baseline (0-60d),18.5,15.0,7.0,2025-11-26,56,,,Unavailable,,
WSP-6B2A13AF17,active,Farmer Walk 60s,Farmer Walk,Baseline (0-60d),30.0,30.0,1.0,2025-10-01,0,48.0,0.625,Below Live,,0
WSP-6B2A13AF17,active,Lat Pulldown,Underhand Grip Lat Pulldown,Baseline (0-60d),49.33,37.0,10.0,2025-11-07,37,48.0,1.028,Long,,0
WSP-6B2A13AF17,active,Nexus Point Squat,Barbell Front Squat,Baseline (0-60d),21.0,17.5,6.0,2025-11-24,54,,,Unavailable,,
WSP-6B2A13AF17,active,Overhead Press,Barbell Overhead Press,Baseline (0-60d),3.8,3.0,8.0,2025-11-26,56,,,Unavailable,,
WSP-6B2A13AF17,active,Romanian Deadlift,Barbell Romanian Deadlift,Baseline (0-60d),27.0,22.5,6.0,2025-11-28,58,,,Unavailable,,
WSP-6B2A13AF17,active,Split Squat,Barbell Split Squat,Baseline (0-60d),5.33,4.0,10.0,2025-10-13,12,48.0,0.111,Unavailable,,
WSP-48D19EB402,deactivated,Bench Press,Barbell Bench Press,6 months (120-240d),30.15,23.8,8.0,2026-04-29,205,,,Unavailable,13.1,
WSP-48D19EB402,deactivated,Bench Press,Barbell Bench Press,Baseline (0-60d),26.67,20.0,10.0,2025-11-12,37,43.0,0.62,Live,,0
WSP-48D19EB402,deactivated,Deadlift,Barbell Deadlift,6 months (120-240d),39.0,32.5,6.0,2026-05-25,231,,,Unavailable,,
WSP-48D19EB402,deactivated,Farmer Walk 60s,Farmer Walk,6 months (120-240d),10.0,10.0,1.0,2026-03-23,168,,,Unavailable,-20.0,
WSP-48D19EB402,deactivated,Farmer Walk 60s,Farmer Walk,Baseline (0-60d),12.5,12.5,35.0,2025-12-03,58,,,Unavailable,,
WSP-48D19EB402,deactivated,Nexus Point Squat,Barbell Front Squat,6 months (120-240d),19.0,15.0,8.0,2026-03-06,151,,,Unavailable,-6.2,
WSP-48D19EB402,deactivated,Nexus Point Squat,Barbell Front Squat,Baseline (0-60d),20.27,16.0,8.0,2025-12-01,56,,,Unavailable,,
WSP-48D19EB402,deactivated,Overhead Press,Barbell Overhead Press,6 months (120-240d),19.12,18.5,1.0,2026-03-25,170,,,Unavailable,43.4,
WSP-48D19EB402,deactivated,Overhead Press,Barbell Overhead Press,Baseline (0-60d),13.33,10.0,10.0,2025-12-03,58,,,Unavailable,,
WSP-48D19EB402,deactivated,Romanian Deadlift,Barbell Romanian Deadlift,6 months (120-240d),41.17,32.5,8.0,2026-05-22,228,,,Unavailable,47.0,
WSP-48D19EB402,deactivated,Romanian Deadlift,Barbell Romanian Deadlift,Baseline (0-60d),28.0,20.0,12.0,2025-10-31,25,43.0,0.651,Live,,0
WSP-48D19EB402,deactivated,Split Squat,Barbell Split Squat,Baseline (0-60d),8.4,6.0,12.0,2025-10-20,14,43.0,0.195,Unavailable,,
WSP-DBCFB4638B,active,Farmer Walk 60s,Farmer Walk,Baseline (0-60d),10.0,10.0,1.0,2025-10-06,0,52.0,0.192,Below Live,,0
WSP-0DEB785AF5,active,Bench Press,Barbell Bench Press,6 months (120-240d),32.93,26.0,8.0,2026-05-06,198,,,Unavailable,0.0,
WSP-0DEB785AF5,active,Bench Press,Barbell Bench Press,Baseline (0-60d),32.93,26.0,8.0,2025-12-10,51,,,Unavailable,,
WSP-0DEB785AF5,active,Farmer Walk 60s,Farmer Walk,Baseline (0-60d),35.0,35.0,1.0,2025-12-03,44,75.0,0.467,Below Live,,0
WSP-0DEB785AF5,active,Nexus Point Squat,Barbell Front Squat,Baseline (0-60d),16.67,12.5,10.0,2025-12-15,56,,,Unavailable,,
WSP-0DEB785AF5,active,Overhead Press,Barbell Overhead Press,6 months (120-240d),20.67,20.0,1.0,2026-03-25,156,,,Unavailable,,
WSP-0DEB785AF5,active,Romanian Deadlift,Barbell Romanian Deadlift,Baseline (0-60d),31.67,25.0,8.0,2025-11-28,39,75.0,0.422,Below Live,,0
WSP-772B007974,deactivated,Bench Press,Barbell Bench Press,Baseline (0-60d),33.33,25.0,10.0,2025-11-05,13,57.0,0.585,Live,,0
WSP-772B007974,deactivated,Deadlift,Barbell Deadlift,Baseline (0-60d),17.5,15.0,5.0,2025-10-24,1,57.0,0.307,Below Live,,0
WSP-772B007974,deactivated,Farmer Walk 60s,Farmer Walk,6 months (120-240d),22.5,22.5,1.0,2026-03-23,151,,,Unavailable,-43.8,
WSP-772B007974,deactivated,Farmer Walk 60s,Farmer Walk,Baseline (0-60d),40.0,40.0,1.0,2025-11-26,34,57.0,0.702,Below Live,,0
WSP-772B007974,deactivated,Nexus Point Squat,Barbell Front Squat,6 months (120-240d),22.17,17.5,8.0,2026-03-06,134,,,Unavailable,66.2,
WSP-772B007974,deactivated,Nexus Point Squat,Barbell Front Squat,Baseline (0-60d),13.33,10.0,10.0,2025-12-08,46,,,Unavailable,,
WSP-772B007974,deactivated,Overhead Press,Barbell Overhead Press,6 months (120-240d),19.0,15.0,8.0,2026-03-04,132,,,Unavailable,25.0,
WSP-772B007974,deactivated,Overhead Press,Barbell Overhead Press,Baseline (0-60d),15.2,12.0,8.0,2025-12-10,48,,,Unavailable,,
WSP-772B007974,deactivated,Romanian Deadlift,Barbell Romanian Deadlift,6 months (120-240d),72.33,70.0,1.0,2026-03-23,151,,,Unavailable,63.2,
WSP-772B007974,deactivated,Romanian Deadlift,Barbell Romanian Deadlift,Baseline (0-60d),44.33,35.0,8.0,2025-11-28,36,57.0,0.778,Live,,0
WSP-692D286A91,active,Bench Press,Barbell Bench Press,6 months (120-240d),36.67,27.5,10.0,2026-06-09,228,,,Unavailable,10.0,
WSP-692D286A91,active,Bench Press,Barbell Bench Press,Baseline (0-60d),33.33,25.0,10.0,2025-12-11,48,,,Unavailable,,
WSP-692D286A91,active,Farmer Walk 60s,Farmer Walk,6 months (120-240d),35.0,35.0,1.0,2026-04-21,179,,,Unavailable,0.0,
WSP-692D286A91,active,Farmer Walk 60s,Farmer Walk,Baseline (0-60d),35.0,35.0,1.0,2025-10-24,0,79.0,0.443,Below Live,,0
WSP-692D286A91,active,Lat Pulldown,Underhand Grip Lat Pulldown,6 months (120-240d),63.33,50.0,8.0,2026-03-27,154,,,Unavailable,,
WSP-692D286A91,active,Nexus Point Squat,Nexus Point Squat,6 months (120-240d),20.0,15.0,10.0,2026-06-02,221,,,Unavailable,,
WSP-692D286A91,active,Overhead Press,Barbell Overhead Press,6 months (120-240d),23.43,18.5,8.0,2026-04-16,174,,,Unavailable,,
WSP-692D286A91,active,Romanian Deadlift,Barbell Romanian Deadlift,6 months (120-240d),50.0,37.5,10.0,2026-04-14,172,,,Unavailable,,
WSP-9F3E1B2C42,active,Bench Press,Barbell Bench Press,6 months (120-240d),22.67,20.0,4.0,2026-06-17,228,74.0,0.306,Live,19.3,1
WSP-9F3E1B2C42,active,Bench Press,Barbell Bench Press,Baseline (0-60d),19.0,15.0,8.0,2025-12-10,39,84.0,0.226,Below Live,,0
WSP-9F3E1B2C42,active,Deadlift,Barbell Deadlift,6 months (120-240d),54.0,45.0,6.0,2026-06-15,226,74.0,0.73,Live,,
WSP-9F3E1B2C42,active,Farmer Walk 60s,Farmer Walk,6 months (120-240d),45.0,45.0,,2026-06-22,233,74.0,0.608,Below Live,12.5,0
WSP-9F3E1B2C42,active,Farmer Walk 60s,Farmer Walk,Baseline (0-60d),40.0,40.0,1.0,2025-11-01,0,84.0,0.476,Below Live,,0
WSP-9F3E1B2C42,active,Lat Pulldown,Underhand Grip Lat Pulldown,6 months (120-240d),72.83,57.5,8.0,2026-03-13,132,,,Unavailable,15.0,
WSP-9F3E1B2C42,active,Lat Pulldown,Underhand Grip Lat Pulldown,Baseline (0-60d),63.33,50.0,8.0,2025-12-19,48,,,Unavailable,,
WSP-9F3E1B2C42,active,Overhead Press,Barbell Overhead Press,6 months (120-240d),16.5,15.0,3.0,2026-03-25,144,,,Unavailable,890.0,
WSP-9F3E1B2C42,active,Overhead Press,Barbell Overhead Press,Baseline (0-60d),1.67,1.25,10.0,2025-12-17,46,,,Unavailable,,
WSP-9F3E1B2C42,active,Romanian Deadlift,Barbell Romanian Deadlift,6 months (120-240d),38.0,30.0,8.0,2026-03-10,129,,,Unavailable,35.7,
WSP-9F3E1B2C42,active,Romanian Deadlift,Barbell Romanian Deadlift,Baseline (0-60d),28.0,20.0,12.0,2025-12-30,59,,,Unavailable,,
WSP-A9F42F42C7,active,Bench Press,Barbell Bench Press,6 months (120-240d),36.67,27.5,10.0,2026-04-15,158,90.75,0.404,Live,14.5,0
WSP-A9F42F42C7,active,Bench Press,Barbell Bench Press,Baseline (0-60d),32.03,31.0,1.0,2025-12-24,46,93.8,0.342,Live,,0
WSP-A9F42F42C7,active,Deadlift,Barbell Deadlift,6 months (120-240d),66.67,50.0,10.0,2026-04-13,156,90.75,0.735,Live,,
WSP-A9F42F42C7,active,Farmer Walk 60s,Farmer Walk,6 months (120-240d),44.0,44.0,1.0,2026-03-23,135,91.2,0.482,Below Live,25.7,0
WSP-A9F42F42C7,active,Farmer Walk 60s,Farmer Walk,Baseline (0-60d),35.0,35.0,1.0,2025-11-08,0,95.0,0.368,Below Live,,0
WSP-A9F42F42C7,active,Nexus Point Squat,Barbell Front Squat,6 months (120-240d),33.0,30.0,3.0,2026-03-27,139,91.2,0.362,Below Live,30.3,0
WSP-A9F42F42C7,active,Nexus Point Squat,Barbell Front Squat,Baseline (0-60d),25.33,20.0,8.0,2025-12-01,23,93.8,0.27,Below Live,,0
WSP-A9F42F42C7,active,Overhead Press,Barbell Overhead Press,6 months (120-240d),24.67,20.0,7.0,2026-03-18,130,91.2,0.27,Live,270.0,1
WSP-A9F42F42C7,active,Overhead Press,Barbell Overhead Press,Baseline (0-60d),6.67,5.0,10.0,2025-12-10,32,93.8,0.071,Below Live,,0
WSP-A9F42F42C7,active,Romanian Deadlift,Barbell Romanian Deadlift,6 months (120-240d),67.17,65.0,1.0,2026-03-23,135,91.2,0.736,Live,59.9,1
WSP-A9F42F42C7,active,Romanian Deadlift,Barbell Romanian Deadlift,Baseline (0-60d),42.0,30.0,12.0,2026-01-05,58,93.8,0.448,Below Live,,0
WSP-8F4CA8C3B2,active,Bench Press,Barbell Bench Press,Baseline (0-60d),28.0,20.0,12.0,2025-12-11,31,90.0,0.311,Live,,0
WSP-8F4CA8C3B2,active,Deadlift,Barbell Deadlift,Baseline (0-60d),38.5,27.5,12.0,2025-11-18,8,90.0,0.428,Below Live,,0
WSP-8F4CA8C3B2,active,Farmer Walk 60s,Farmer Walk,Baseline (0-60d),30.0,30.0,1.0,2025-11-10,0,90.0,0.333,Below Live,,0
WSP-8F4CA8C3B2,active,Lat Pulldown,Underhand Grip Lat Pulldown,6 months (120-240d),63.33,50.0,8.0,2026-04-07,148,,,Unavailable,35.7,
WSP-8F4CA8C3B2,active,Lat Pulldown,Underhand Grip Lat Pulldown,Baseline (0-60d),46.67,35.0,10.0,2025-12-16,36,90.0,0.519,Live,,0
WSP-8F4CA8C3B2,active,Romanian Deadlift,Barbell Romanian Deadlift,6 months (120-240d),34.83,27.5,8.0,2026-04-07,148,,,Unavailable,,
WSP-9DBAD79491,active,Bench Press,Barbell Bench Press,6 months (120-240d),37.0,30.0,7.0,2026-06-17,219,,,Unavailable,16.8,
WSP-9DBAD79491,active,Bench Press,Barbell Bench Press,Baseline (0-60d),31.67,25.0,8.0,2025-12-17,37,56.0,0.565,Live,,0
WSP-9DBAD79491,active,Deadlift,Barbell Deadlift,6 months (120-240d),58.67,55.0,2.0,2026-06-22,224,,,Unavailable,,
WSP-9DBAD79491,active,Farmer Walk 60s,Farmer Walk,6 months (120-240d),22.5,22.5,1.0,2026-03-23,133,,,Unavailable,-43.8,
WSP-9DBAD79491,active,Farmer Walk 60s,Farmer Walk,Baseline (0-60d),40.0,40.0,1.0,2025-12-29,49,,,Unavailable,,
WSP-9DBAD79491,active,Nexus Point Squat,Barbell Front Squat,6 months (120-240d),33.58,32.5,1.0,2026-03-27,137,,,Unavailable,11.9,
WSP-9DBAD79491,active,Nexus Point Squat,Barbell Front Squat,Baseline (0-60d),30.0,25.0,6.0,2025-12-22,42,56.0,0.536,Live,,0
WSP-9DBAD79491,active,Overhead Press,Barbell Overhead Press,6 months (120-240d),19.73,18.5,2.0,2026-03-25,135,,,Unavailable,9.6,
WSP-9DBAD79491,active,Overhead Press,Barbell Overhead Press,Baseline (0-60d),18.0,15.0,6.0,2025-12-17,37,56.0,0.321,Live,,0
WSP-9DBAD79491,active,Romanian Deadlift,Barbell Romanian Deadlift,6 months (120-240d),60.5,55.0,3.0,2026-03-23,133,,,Unavailable,33.0,
WSP-9DBAD79491,active,Romanian Deadlift,Barbell Romanian Deadlift,Baseline (0-60d),45.5,32.5,12.0,2026-01-05,56,,,Unavailable,,
WSP-9DBAD79491,active,Split Squat,Barbell Split Squat,6 months (120-240d),5.6,4.0,12.0,2026-07-06,238,,,Unavailable,-16.0,
WSP-9DBAD79491,active,Split Squat,Barbell Split Squat,Baseline (0-60d),6.67,5.0,10.0,2025-11-24,14,56.0,0.119,Unavailable,,
WSP-3EF3AD1B29,deactivated,Bench Press,Barbell Bench Press,6 months (120-240d),24.0,20.0,6.0,2026-04-29,168,,,Unavailable,20.0,
WSP-3EF3AD1B29,deactivated,Bench Press,Barbell Bench Press,Baseline (0-60d),20.0,15.0,10.0,2025-12-04,22,62.0,0.323,Live,,0
WSP-3EF3AD1B29,deactivated,Deadlift,Barbell Deadlift,6 months (120-240d),44.33,35.0,8.0,2026-05-18,187,,,Unavailable,121.7,
WSP-3EF3AD1B29,deactivated,Deadlift,Barbell Deadlift,Baseline (0-60d),20.0,15.0,10.0,2025-12-04,22,62.0,0.323,Below Live,,0
WSP-3EF3AD1B29,deactivated,Farmer Walk 60s,Farmer Walk,6 months (120-240d),15.0,15.0,1.0,2026-03-23,131,,,Unavailable,-50.0,
WSP-3EF3AD1B29,deactivated,Farmer Walk 60s,Farmer Walk,Baseline (0-60d),30.0,30.0,1.0,2025-11-12,0,62.0,0.484,Below Live,,0
WSP-3EF3AD1B29,deactivated,Nexus Point Squat,Barbell Front Squat,6 months (120-240d),20.0,15.0,10.0,2026-03-27,135,,,Unavailable,150.0,
WSP-3EF3AD1B29,deactivated,Nexus Point Squat,Barbell Front Squat,Baseline (0-60d),8.0,6.0,10.0,2025-12-08,26,62.0,0.129,Below Live,,0
WSP-3EF3AD1B29,deactivated,Overhead Press,Barbell Overhead Press,6 months (120-240d),16.5,15.0,3.0,2026-03-18,126,,,Unavailable,551.3,
WSP-3EF3AD1B29,deactivated,Overhead Press,Barbell Overhead Press,Baseline (0-60d),2.53,2.0,8.0,2025-12-10,28,62.0,0.041,Below Live,,0
WSP-3EF3AD1B29,deactivated,Romanian Deadlift,Barbell Romanian Deadlift,6 months (120-240d),52.5,37.5,12.0,2026-04-24,163,,,Unavailable,150.0,
WSP-3EF3AD1B29,deactivated,Romanian Deadlift,Barbell Romanian Deadlift,Baseline (0-60d),21.0,15.0,12.0,2026-01-03,52,,,Unavailable,,
WSP-538C5AFBAE,deactivated,Bench Press,Barbell Bench Press,Baseline (0-60d),30.0,25.0,6.0,2025-12-10,28,124.0,0.242,Below Live,,0
WSP-538C5AFBAE,deactivated,Farmer Walk 60s,Farmer Walk,Baseline (0-60d),40.0,40.0,1.0,2025-11-12,0,122.0,0.328,Below Live,,0
WSP-538C5AFBAE,deactivated,Lat Pulldown,Underhand Grip Lat Pulldown,Baseline (0-60d),76.0,60.0,8.0,2025-12-12,30,123.0,0.618,Live,,0
WSP-538C5AFBAE,deactivated,Nexus Point Squat,Barbell Front Squat,Baseline (0-60d),11.4,9.0,8.0,2025-12-15,33,123.0,0.093,Below Live,,0
WSP-538C5AFBAE,deactivated,Overhead Press,Barbell Overhead Press,Baseline (0-60d),18.0,15.0,6.0,2025-11-26,14,125.6,0.143,Below Live,,0
WSP-538C5AFBAE,deactivated,Romanian Deadlift,Barbell Romanian Deadlift,Baseline (0-60d),42.0,30.0,12.0,2026-01-05,54,126.8,0.331,Below Live,,0
WSP-448F3A92B9,active,Bench Press,Barbell Bench Press,Baseline (0-60d),31.67,25.0,8.0,2025-12-17,32,56.2,0.563,Live,,0
WSP-448F3A92B9,active,Deadlift,Barbell Deadlift,6 months (120-240d),57.0,45.0,8.0,2026-03-30,135,,,Unavailable,,
WSP-448F3A92B9,active,Farmer Walk 60s,Farmer Walk,Baseline (0-60d),40.0,40.0,0.0,2025-12-17,32,56.2,0.712,Below Live,,0
WSP-448F3A92B9,active,Lat Pulldown,Underhand Grip Lat Pulldown,6 months (120-240d),65.0,50.0,9.0,2026-04-10,146,,,Unavailable,,
WSP-448F3A92B9,active,Nexus Point Squat,Barbell Front Squat,6 months (120-240d),31.67,25.0,8.0,2026-03-20,125,,,Unavailable,-5.7,
WSP-448F3A92B9,active,Nexus Point Squat,Barbell Front Squat,Baseline (0-60d),33.58,32.5,1.0,2025-12-22,37,56.2,0.598,Live,,0
WSP-448F3A92B9,active,Overhead Press,Barbell Overhead Press,Baseline (0-60d),16.5,15.0,3.0,2025-11-26,11,57.0,0.289,Live,,0
WSP-448F3A92B9,active,Romanian Deadlift,Barbell Romanian Deadlift,6 months (120-240d),74.67,70.0,2.0,2026-03-23,128,,,Unavailable,77.8,
WSP-448F3A92B9,active,Romanian Deadlift,Barbell Romanian Deadlift,Baseline (0-60d),42.0,30.0,12.0,2026-01-05,51,56.2,0.747,Live,,0
WSP-448F3A92B9,active,Split Squat,Barbell Split Squat,6 months (120-240d),9.33,7.0,10.0,2026-07-13,240,55.5,0.168,Unavailable,,
WSP-4181CABB30,active,Bench Press,Barbell Bench Press,6 months (120-240d),33.58,32.5,1.0,2026-06-04,197,,,Unavailable,51.5,
WSP-4181CABB30,active,Bench Press,Barbell Bench Press,Baseline (0-60d),22.17,17.5,8.0,2025-12-02,13,65.0,0.341,Live,,0
WSP-4181CABB30,active,Farmer Walk 60s,Farmer Walk,Baseline (0-60d),35.0,35.0,1.0,2025-11-19,0,65.0,0.538,Below Live,,0
WSP-4181CABB30,active,Lat Pulldown,Underhand Grip Lat Pulldown,6 months (120-240d),72.0,54.0,10.0,2026-04-23,155,,,Unavailable,14.9,
WSP-4181CABB30,active,Lat Pulldown,Underhand Grip Lat Pulldown,Baseline (0-60d),62.67,47.0,10.0,2026-01-08,50,,,Unavailable,,
WSP-4181CABB30,active,Nexus Point Squat,Nexus Point Squat,6 months (120-240d),21.0,15.0,12.0,2026-07-14,237,,,Unavailable,5.0,
WSP-4181CABB30,active,Nexus Point Squat,Barbell Front Squat,Baseline (0-60d),20.0,15.0,10.0,2026-01-13,55,,,Unavailable,,
WSP-4181CABB30,active,Overhead Press,Barbell Overhead Press,6 months (120-240d),23.43,18.5,8.0,2026-05-28,190,,,Unavailable,,
WSP-4181CABB30,active,Romanian Deadlift,Barbell Romanian Deadlift,6 months (120-240d),41.17,32.5,8.0,2026-05-30,192,,,Unavailable,,
WSP-4181CABB30,active,Split Squat,Barbell Split Squat,Baseline (0-60d),8.0,6.0,10.0,2026-01-06,48,,,Unavailable,,
WSP-E9A8A91ADC,deactivated,Bench Press,Barbell Bench Press,6 months (120-240d),40.0,30.0,10.0,2026-04-15,145,,,Unavailable,24.9,
WSP-E9A8A91ADC,deactivated,Bench Press,Barbell Bench Press,Baseline (0-60d),32.03,31.0,1.0,2025-12-24,33,72.0,0.445,Live,,0
WSP-E9A8A91ADC,deactivated,Deadlift,Barbell Deadlift,6 months (120-240d),40.0,30.0,10.0,2026-04-13,143,,,Unavailable,142.4,
WSP-E9A8A91ADC,deactivated,Deadlift,Barbell Deadlift,Baseline (0-60d),16.5,15.0,3.0,2025-11-24,3,72.0,0.229,Below Live,,0
WSP-E9A8A91ADC,deactivated,Farmer Walk 60s,Farmer Walk,Baseline (0-60d),30.0,30.0,1.0,2025-11-21,0,72.0,0.417,Below Live,,0
WSP-E9A8A91ADC,deactivated,Nexus Point Squat,Barbell Front Squat,Baseline (0-60d),12.67,10.0,8.0,2025-12-08,17,72.0,0.176,Below Live,,0
WSP-E9A8A91ADC,deactivated,Overhead Press,Barbell Overhead Press,Baseline (0-60d),7.6,6.0,8.0,2025-12-17,26,72.0,0.106,Below Live,,0
WSP-E9A8A91ADC,deactivated,Romanian Deadlift,Barbell Romanian Deadlift,Baseline (0-60d),34.2,27.0,8.0,2025-12-19,28,72.0,0.475,Below Live,,0
WSP-D785D5403C,deactivated,Bench Press,Barbell Bench Press,6 months (120-240d),35.73,33.5,2.0,2026-06-04,194,63.9,0.559,Live,34.0,0
WSP-D785D5403C,deactivated,Bench Press,Barbell Bench Press,Baseline (0-60d),26.67,20.0,10.0,2025-12-18,26,60.0,0.444,Live,,0
WSP-D785D5403C,deactivated,Deadlift,Barbell Deadlift,Baseline (0-60d),26.67,20.0,10.0,2025-12-11,19,60.0,0.444,Below Live,,0
WSP-D785D5403C,deactivated,Farmer Walk 60s,Farmer Walk,6 months (120-240d),35.0,35.0,,2026-06-06,196,63.9,0.548,Below Live,16.7,0
WSP-D785D5403C,deactivated,Farmer Walk 60s,Farmer Walk,Baseline (0-60d),30.0,30.0,1.0,2025-11-22,0,60.0,0.5,Below Live,,0
WSP-D785D5403C,deactivated,Lat Pulldown,Underhand Grip Lat Pulldown,6 months (120-240d),73.33,55.0,10.0,2026-05-28,187,63.9,1.148,Long,163.2,
WSP-D785D5403C,deactivated,Lat Pulldown,Underhand Grip Lat Pulldown,Baseline (0-60d),27.87,22.0,8.0,2026-01-20,59,,,Unavailable,,
WSP-D785D5403C,deactivated,Nexus Point Squat,Barbell Front Squat,Baseline (0-60d),18.0,15.0,6.0,2026-01-13,52,,,Unavailable,,
WSP-D785D5403C,deactivated,Overhead Press,Barbell Overhead Press,6 months (120-240d),22.17,17.5,8.0,2026-05-28,187,63.9,0.347,Live,,
WSP-D785D5403C,deactivated,Romanian Deadlift,Barbell Romanian Deadlift,6 months (120-240d),49.5,45.0,3.0,2026-06-06,196,63.9,0.775,Live,,
WSP-D785D5403C,deactivated,Split Squat,Barbell Split Squat,Baseline (0-60d),5.07,4.0,8.0,2026-01-06,45,60.0,0.084,Unavailable,,
WSP-8CCDDCA7F8,active,Bench Press,Barbell Bench Press,6 months (120-240d),36.4,28.0,9.0,2026-04-15,142,,,Unavailable,8.4,
WSP-8CCDDCA7F8,active,Bench Press,Barbell Bench Press,Baseline (0-60d),33.58,32.5,1.0,2025-12-24,30,84.0,0.4,Live,,0
WSP-8CCDDCA7F8,active,Deadlift,Barbell Deadlift,6 months (120-240d),50.67,40.0,8.0,2026-05-18,175,,,Unavailable,52.0,
WSP-8CCDDCA7F8,active,Deadlift,Barbell Deadlift,Baseline (0-60d),33.33,25.0,10.0,2025-11-25,1,84.0,0.397,Below Live,,0
WSP-8CCDDCA7F8,active,Farmer Walk 60s,Farmer Walk,Baseline (0-60d),35.0,35.0,1.0,2025-11-24,0,84.0,0.417,Below Live,,0
WSP-8CCDDCA7F8,active,Lat Pulldown,Underhand Grip Lat Pulldown,Baseline (0-60d),31.67,25.0,8.0,2025-11-28,4,84.0,0.377,Live,,0
WSP-8CCDDCA7F8,active,Nexus Point Squat,Barbell Front Squat,6 months (120-240d),31.0,30.0,1.0,2026-03-27,123,,,Unavailable,11.7,
WSP-8CCDDCA7F8,active,Nexus Point Squat,Barbell Front Squat,Baseline (0-60d),27.75,22.5,7.0,2025-12-22,28,84.0,0.33,Below Live,,0
WSP-8CCDDCA7F8,active,Overhead Press,Barbell Overhead Press,6 months (120-240d),31.0,30.0,1.0,2026-03-25,121,,,Unavailable,55.0,
WSP-8CCDDCA7F8,active,Overhead Press,Barbell Overhead Press,Baseline (0-60d),20.0,15.0,10.0,2025-12-17,23,84.0,0.238,Live,,0
WSP-8CCDDCA7F8,active,Romanian Deadlift,Barbell Romanian Deadlift,6 months (120-240d),47.5,37.5,8.0,2026-05-15,172,,,Unavailable,23.4,
WSP-8CCDDCA7F8,active,Romanian Deadlift,Barbell Romanian Deadlift,Baseline (0-60d),38.5,27.5,12.0,2025-12-29,35,84.0,0.458,Below Live,,0
WSP-2E90277AF9,active,Bench Press,Barbell Bench Press,6 months (120-240d),22.67,20.0,4.0,2026-06-24,210,,,Unavailable,10.6,
WSP-2E90277AF9,active,Bench Press,Barbell Bench Press,Baseline (0-60d),20.5,15.0,11.0,2025-12-03,7,55.0,0.373,Live,,0
WSP-2E90277AF9,active,Deadlift,Barbell Deadlift,Baseline (0-60d),20.0,15.0,10.0,2025-12-01,5,55.0,0.364,Below Live,,0
WSP-2E90277AF9,active,Farmer Walk 60s,Farmer Walk,Baseline (0-60d),30.0,30.0,1.0,2025-11-26,0,55.0,0.545,Below Live,,0
WSP-2E90277AF9,active,Lat Pulldown,Underhand Grip Lat Pulldown,6 months (120-240d),42.0,30.0,12.0,2026-07-14,230,,,Unavailable,-33.7,
WSP-2E90277AF9,active,Lat Pulldown,Underhand Grip Lat Pulldown,Baseline (0-60d),63.33,50.0,8.0,2025-12-05,9,55.0,1.152,Long,,0
WSP-2E90277AF9,active,Nexus Point Squat,Barbell Front Squat,6 months (120-240d),12.0,10.0,6.0,2026-06-22,208,,,Unavailable,-24.2,
WSP-2E90277AF9,active,Nexus Point Squat,Barbell Front Squat,Baseline (0-60d),15.83,12.5,8.0,2025-12-01,5,55.0,0.288,Below Live,,0
WSP-2E90277AF9,active,Overhead Press,Barbell Overhead Press,Baseline (0-60d),3.8,3.0,8.0,2025-12-03,7,55.0,0.069,Below Live,,0
WSP-2E90277AF9,active,Romanian Deadlift,Barbell Romanian Deadlift,6 months (120-240d),21.0,15.0,12.0,2026-07-21,237,,,Unavailable,-33.3,
WSP-2E90277AF9,active,Romanian Deadlift,Barbell Romanian Deadlift,Baseline (0-60d),31.5,22.5,12.0,2026-01-05,40,56.0,0.562,Below Live,,0
WSP-2E90277AF9,active,Split Squat,Barbell Split Squat,6 months (120-240d),4.8,4.0,6.0,2026-06-22,208,,,Unavailable,,
WSP-EBF3E9F6F9,active,Bench Press,Barbell Bench Press,6 months (120-240d),28.5,22.5,8.0,2026-05-06,161,,,Unavailable,6.2,
WSP-EBF3E9F6F9,active,Bench Press,Barbell Bench Press,Baseline (0-60d),26.83,23.0,5.0,2025-12-24,28,61.0,0.44,Live,,0
WSP-EBF3E9F6F9,active,Deadlift,Barbell Deadlift,6 months (120-240d),55.42,47.5,5.0,2026-06-01,187,,,Unavailable,,
WSP-EBF3E9F6F9,active,Farmer Walk 60s,Farmer Walk,Baseline (0-60d),35.0,35.0,1.0,2025-12-17,21,61.0,0.574,Below Live,,0
WSP-EBF3E9F6F9,active,Nexus Point Squat,Barbell Front Squat,Baseline (0-60d),24.0,20.0,6.0,2025-12-22,26,61.0,0.393,Below Live,,0
WSP-EBF3E9F6F9,active,Romanian Deadlift,Barbell Romanian Deadlift,6 months (120-240d),43.33,32.5,10.0,2026-07-03,219,,,Unavailable,23.8,
WSP-EBF3E9F6F9,active,Romanian Deadlift,Barbell Romanian Deadlift,Baseline (0-60d),35.0,25.0,12.0,2026-01-19,54,,,Unavailable,,
WSP-EE65491A5A,active,Bench Press,Barbell Bench Press,6 months (120-240d),35.0,25.0,12.0,2026-06-19,204,,,Unavailable,42.9,
WSP-EE65491A5A,active,Bench Press,Barbell Bench Press,Baseline (0-60d),24.5,17.5,12.0,2025-12-24,27,72.0,0.34,Live,,0
WSP-EE65491A5A,active,Deadlift,Barbell Deadlift,Baseline (0-60d),20.0,15.0,10.0,2025-12-12,15,72.0,0.278,Below Live,,0
WSP-EE65491A5A,active,Farmer Walk 60s,Farmer Walk,Baseline (0-60d),40.0,40.0,1.0,2025-11-27,0,72.0,0.556,Below Live,,0
WSP-EE65491A5A,active,Lat Pulldown,Underhand Grip Lat Pulldown,6 months (120-240d),77.0,70.0,3.0,2026-05-22,176,,,Unavailable,28.3,
WSP-EE65491A5A,active,Lat Pulldown,Underhand Grip Lat Pulldown,Baseline (0-60d),60.0,45.0,10.0,2026-01-21,55,,,Unavailable,,
WSP-EE65491A5A,active,Nexus Point Squat,Barbell Front Squat,Baseline (0-60d),20.0,15.0,10.0,2026-01-14,48,,,Unavailable,,
WSP-EE65491A5A,active,Romanian Deadlift,Barbell Romanian Deadlift,6 months (120-240d),42.67,40.0,2.0,2026-06-07,192,,,Unavailable,,
WSP-44B9924F4A,active,Bench Press,Barbell Bench Press,Baseline (0-60d),21.0,15.0,12.0,2025-12-30,8,75.0,0.28,Live,,0
WSP-44B9924F4A,active,Deadlift,Barbell Deadlift,Baseline (0-60d),21.0,15.0,12.0,2025-12-30,8,75.0,0.28,Below Live,,0
WSP-44B9924F4A,active,Farmer Walk 60s,Farmer Walk,Baseline (0-60d),30.0,30.0,1.0,2025-12-22,0,75.0,0.4,Below Live,,0
WSP-44B9924F4A,active,Lat Pulldown,Underhand Grip Lat Pulldown,6 months (120-240d),63.33,47.5,10.0,2026-05-28,157,,,Unavailable,35.7,
WSP-44B9924F4A,active,Lat Pulldown,Underhand Grip Lat Pulldown,Baseline (0-60d),46.67,35.0,10.0,2026-02-17,57,,,Unavailable,,
WSP-44B9924F4A,active,Nexus Point Squat,Barbell Front Squat,Baseline (0-60d),20.0,15.0,10.0,2026-01-06,15,75.0,0.267,Below Live,,0
WSP-44B9924F4A,active,Romanian Deadlift,Barbell Romanian Deadlift,6 months (120-240d),39.27,31.0,8.0,2026-06-22,182,,,Unavailable,,
WSP-44B9924F4A,active,Split Squat,Barbell Split Squat,Baseline (0-60d),5.33,4.0,10.0,2026-02-17,57,,,Unavailable,,
WSP-24E001627C,active,Bench Press,Barbell Bench Press,6 months (120-240d),23.1,21.0,3.0,2026-06-24,170,,,Unavailable,,
WSP-24E001627C,active,Deadlift,Barbell Deadlift,6 months (120-240d),46.23,36.5,8.0,2026-06-08,154,,,Unavailable,73.4,
WSP-24E001627C,active,Deadlift,Barbell Deadlift,Baseline (0-60d),26.67,20.0,10.0,2026-01-06,1,65.0,0.41,Below Live,,0
WSP-24E001627C,active,Farmer Walk 60s,Farmer Walk,Baseline (0-60d),20.0,20.0,1.0,2026-01-05,0,65.0,0.308,Below Live,,0
WSP-24E001627C,active,Nexus Point Squat,Nexus Point Squat,6 months (120-240d),28.0,20.0,12.0,2026-07-06,182,,,Unavailable,268.4,
WSP-24E001627C,active,Nexus Point Squat,Barbell Front Squat,Baseline (0-60d),7.6,6.0,8.0,2026-03-06,60,64.4,0.118,Below Live,,0
WSP-24E001627C,active,Overhead Press,Barbell Overhead Press,Baseline (0-60d),7.2,6.0,6.0,2026-03-04,58,64.4,0.112,Below Live,,0
WSP-24E001627C,active,Romanian Deadlift,Barbell Romanian Deadlift,6 months (120-240d),41.17,32.5,8.0,2026-05-15,130,,,Unavailable,8.3,
WSP-24E001627C,active,Romanian Deadlift,Barbell Romanian Deadlift,Baseline (0-60d),38.0,30.0,8.0,2026-02-23,49,64.4,0.59,Below Live,,0
WSP-24E001627C,active,Split Squat,Barbell Split Squat,6 months (120-240d),10.13,8.0,8.0,2026-07-20,196,,,Unavailable,,
WSP-65844E9BB6,active,Bench Press,Barbell Bench Press,6 months (120-240d),30.0,25.0,6.0,2026-05-20,135,,,Unavailable,,
WSP-65844E9BB6,active,Deadlift,Barbell Deadlift,6 months (120-240d),60.0,50.0,6.0,2026-06-08,154,,,Unavailable,,
WSP-65844E9BB6,active,Farmer Walk 60s,Farmer Walk,Baseline (0-60d),40.0,40.0,1.0,2026-01-05,0,55.0,0.727,Below Live,,0
WSP-65844E9BB6,active,Nexus Point Squat,Nexus Point Squat,6 months (120-240d),28.0,20.0,12.0,2026-07-06,182,,,Unavailable,47.4,
WSP-65844E9BB6,active,Nexus Point Squat,Barbell Front Squat,Baseline (0-60d),19.0,15.0,8.0,2026-02-27,53,,,Unavailable,,
WSP-65844E9BB6,active,Overhead Press,Barbell Overhead Press,Baseline (0-60d),19.0,15.0,8.0,2026-03-04,58,,,Unavailable,,
WSP-65844E9BB6,active,Romanian Deadlift,Barbell Romanian Deadlift,6 months (120-240d),74.67,70.0,2.0,2026-06-26,172,,,Unavailable,68.4,
WSP-65844E9BB6,active,Romanian Deadlift,Barbell Romanian Deadlift,Baseline (0-60d),44.33,35.0,8.0,2026-03-02,56,,,Unavailable,,
WSP-65844E9BB6,active,Split Squat,Barbell Split Squat,6 months (120-240d),14.0,10.0,12.0,2026-07-06,182,,,Unavailable,,
WSP-CC342D2104,active,Bench Press,Barbell Bench Press,Baseline (0-60d),24.5,17.5,12.0,2026-01-12,6,75.4,0.325,Live,,0
WSP-CC342D2104,active,Deadlift,Barbell Deadlift,Baseline (0-60d),24.5,17.5,12.0,2026-01-12,6,75.4,0.325,Below Live,,0
WSP-CC342D2104,active,Farmer Walk 60s,Farmer Walk,Baseline (0-60d),40.0,40.0,1.0,2026-01-06,0,76.0,0.526,Below Live,,0
WSP-CC342D2104,active,Nexus Point Squat,Barbell Front Squat,Baseline (0-60d),9.33,7.0,10.0,2026-02-26,51,77.2,0.121,Below Live,,0
WSP-162A2FA4DA,active,Bench Press,Barbell Bench Press,6 months (120-240d),37.2,31.0,6.0,2026-05-27,140,,,Unavailable,,
WSP-162A2FA4DA,active,Deadlift,Barbell Deadlift,6 months (120-240d),64.0,60.0,2.0,2026-06-22,166,,,Unavailable,,
WSP-162A2FA4DA,active,Farmer Walk 60s,Farmer Walk,6 months (120-240d),45.0,45.0,,2026-06-22,166,,,Unavailable,12.5,
WSP-162A2FA4DA,active,Farmer Walk 60s,Farmer Walk,Baseline (0-60d),40.0,40.0,1.0,2026-01-07,0,60.0,0.667,Below Live,,0
WSP-162A2FA4DA,active,Nexus Point Squat,Nexus Point Squat,6 months (120-240d),35.0,25.0,12.0,2026-06-29,173,,,Unavailable,38.2,
WSP-162A2FA4DA,active,Nexus Point Squat,Barbell Front Squat,Baseline (0-60d),25.33,20.0,8.0,2026-03-06,58,,,Unavailable,,
WSP-162A2FA4DA,active,Romanian Deadlift,Barbell Romanian Deadlift,6 months (120-240d),51.6,43.0,6.0,2026-05-15,128,,,Unavailable,81.1,
WSP-162A2FA4DA,active,Romanian Deadlift,Barbell Romanian Deadlift,Baseline (0-60d),28.5,22.5,8.0,2026-03-02,54,,,Unavailable,,
WSP-162A2FA4DA,active,Split Squat,Barbell Split Squat,6 months (120-240d),24.5,17.5,12.0,2026-07-20,194,,,Unavailable,,
WSP-B975F648D4,deactivated,Bench Press,Barbell Bench Press,Baseline (0-60d),31.5,22.5,12.0,2026-02-10,34,52.0,0.606,Live,,0
WSP-B975F648D4,deactivated,Deadlift,Barbell Deadlift,Baseline (0-60d),46.67,35.0,10.0,2026-02-10,34,52.0,0.897,Live,,0
WSP-B975F648D4,deactivated,Farmer Walk 60s,Farmer Walk,Baseline (0-60d),40.0,40.0,1.0,2026-01-07,0,52.0,0.769,Live,,0
WSP-B975F648D4,deactivated,Nexus Point Squat,Barbell Front Squat,Baseline (0-60d),31.5,22.5,12.0,2026-03-03,55,,,Unavailable,,
WSP-B975F648D4,deactivated,Romanian Deadlift,Barbell Romanian Deadlift,6 months (120-240d),60.0,45.0,10.0,2026-05-23,136,,,Unavailable,,
WSP-AE501F0741,active,Bench Press,Barbell Bench Press,6 months (120-240d),36.3,33.0,3.0,2026-06-24,162,,,Unavailable,,
WSP-AE501F0741,active,Deadlift,Barbell Deadlift,6 months (120-240d),66.0,60.0,3.0,2026-06-22,160,,,Unavailable,1550.0,
WSP-AE501F0741,active,Deadlift,Barbell Deadlift,Baseline (0-60d),4.0,3.0,10.0,2026-01-14,1,75.0,0.053,Below Live,,0
WSP-AE501F0741,active,Farmer Walk 60s,Farmer Walk,6 months (120-240d),20.0,20.0,1.0,2026-06-22,160,,,Unavailable,-42.9,
WSP-AE501F0741,active,Farmer Walk 60s,Farmer Walk,Baseline (0-60d),35.0,35.0,1.0,2026-01-13,0,75.0,0.467,Below Live,,0
WSP-AE501F0741,active,Lat Pulldown,Underhand Grip Lat Pulldown,6 months (120-240d),77.0,55.0,12.0,2026-06-29,167,,,Unavailable,10.5,
WSP-AE501F0741,active,Lat Pulldown,Underhand Grip Lat Pulldown,Baseline (0-60d),69.67,55.0,8.0,2026-03-13,59,,,Unavailable,,
WSP-AE501F0741,active,Nexus Point Squat,Nexus Point Squat,6 months (120-240d),24.5,17.5,12.0,2026-07-06,174,,,Unavailable,,
WSP-AE501F0741,active,Romanian Deadlift,Barbell Romanian Deadlift,6 months (120-240d),66.0,60.0,3.0,2026-06-26,164,,,Unavailable,60.3,
WSP-AE501F0741,active,Romanian Deadlift,Barbell Romanian Deadlift,Baseline (0-60d),41.17,32.5,8.0,2026-03-09,55,,,Unavailable,,
WSP-B1935CBBA6,active,Farmer Walk 60s,Farmer Walk,Baseline (0-60d),40.0,40.0,1.0,2026-01-14,0,59.0,0.678,Below Live,,0
WSP-B1935CBBA6,active,Lat Pulldown,Underhand Grip Lat Pulldown,6 months (120-240d),63.33,47.5,10.0,2026-05-29,135,,,Unavailable,,
WSP-B1935CBBA6,active,Nexus Point Squat,Barbell Front Squat,Baseline (0-60d),13.33,10.0,10.0,2026-03-11,56,,,Unavailable,,
WSP-B1935CBBA6,active,Romanian Deadlift,Barbell Romanian Deadlift,6 months (120-240d),35.0,25.0,12.0,2026-05-31,137,,,Unavailable,,
WSP-B1935CBBA6,active,Split Squat,Barbell Split Squat,Baseline (0-60d),8.87,7.0,8.0,2026-03-11,56,,,Unavailable,,
WSP-B72E4B8D85,active,Bench Press,Barbell Bench Press,6 months (120-240d),37.2,36.0,1.0,2026-06-24,161,62.8,0.592,Live,,
WSP-B72E4B8D85,active,Deadlift,Barbell Deadlift,6 months (120-240d),71.5,65.0,3.0,2026-06-22,159,62.7,1.14,Live,,
WSP-B72E4B8D85,active,Farmer Walk 60s,Farmer Walk,6 months (120-240d),40.0,40.0,45.0,2026-06-22,159,62.7,0.638,Below Live,0.0,0
WSP-B72E4B8D85,active,Farmer Walk 60s,Farmer Walk,Baseline (0-60d),40.0,40.0,1.0,2026-01-14,0,61.9,0.646,Below Live,,0
WSP-B72E4B8D85,active,Nexus Point Squat,Nexus Point Squat,6 months (120-240d),28.0,20.0,12.0,2026-07-13,180,62.2,0.45,Below Live,3.7,0
WSP-B72E4B8D85,active,Nexus Point Squat,Barbell Front Squat,Baseline (0-60d),27.0,22.5,6.0,2026-03-06,51,62.3,0.433,Below Live,,0
WSP-B72E4B8D85,active,Overhead Press,Barbell Overhead Press,Baseline (0-60d),21.0,17.5,6.0,2026-03-04,49,62.8,0.334,Live,,0
WSP-B72E4B8D85,active,Romanian Deadlift,Barbell Romanian Deadlift,6 months (120-240d),63.33,50.0,8.0,2026-05-15,121,62.2,1.018,Live,42.9,0
WSP-B72E4B8D85,active,Romanian Deadlift,Barbell Romanian Deadlift,Baseline (0-60d),44.33,35.0,8.0,2026-03-09,54,61.9,0.716,Live,,0
WSP-B72E4B8D85,active,Split Squat,Barbell Split Squat,6 months (120-240d),14.0,10.0,12.0,2026-07-13,180,62.2,0.225,Unavailable,,
WSP-DD22528242,active,Bench Press,Barbell Bench Press,6 months (120-240d),37.2,36.0,1.0,2026-06-24,156,,,Unavailable,86.0,
WSP-DD22528242,active,Bench Press,Barbell Bench Press,Baseline (0-60d),20.0,15.0,10.0,2026-01-24,5,60.0,0.333,Live,,0
WSP-DD22528242,active,Deadlift,Barbell Deadlift,6 months (120-240d),66.0,60.0,3.0,2026-06-22,154,,,Unavailable,1550.0,
WSP-DD22528242,active,Deadlift,Barbell Deadlift,Baseline (0-60d),4.0,3.0,10.0,2026-01-24,5,60.0,0.067,Below Live,,0
WSP-DD22528242,active,Farmer Walk 60s,Farmer Walk,6 months (120-240d),22.5,22.5,1.0,2026-06-22,154,,,Unavailable,-25.0,
WSP-DD22528242,active,Farmer Walk 60s,Farmer Walk,Baseline (0-60d),30.0,30.0,1.0,2026-01-19,0,60.0,0.5,Below Live,,0
WSP-DD22528242,active,Nexus Point Squat,Nexus Point Squat,6 months (120-240d),24.5,17.5,12.0,2026-07-20,182,,,Unavailable,-3.3,
WSP-DD22528242,active,Nexus Point Squat,Barbell Front Squat,Baseline (0-60d),25.33,20.0,8.0,2026-03-20,60,,,Unavailable,,
WSP-DD22528242,active,Romanian Deadlift,Barbell Romanian Deadlift,6 months (120-240d),66.0,60.0,3.0,2026-06-26,158,,,Unavailable,57.1,
WSP-DD22528242,active,Romanian Deadlift,Barbell Romanian Deadlift,Baseline (0-60d),42.0,35.0,6.0,2026-03-16,56,,,Unavailable,,
WSP-DD22528242,active,Split Squat,Barbell Split Squat,6 months (120-240d),14.0,10.0,12.0,2026-07-13,175,,,Unavailable,,
WSP-1E3011EEFF,active,Bench Press,Barbell Bench Press,6 months (120-240d),39.78,38.5,1.0,2026-06-24,155,,,Unavailable,98.9,
WSP-1E3011EEFF,active,Bench Press,Barbell Bench Press,Baseline (0-60d),20.0,15.0,10.0,2026-01-23,3,70.0,0.286,Live,,0
WSP-1E3011EEFF,active,Deadlift,Barbell Deadlift,6 months (120-240d),98.17,95.0,1.0,2026-06-26,157,,,Unavailable,,
WSP-1E3011EEFF,active,Farmer Walk 60s,Farmer Walk,6 months (120-240d),20.0,20.0,1.0,2026-06-22,153,,,Unavailable,-42.9,
WSP-1E3011EEFF,active,Farmer Walk 60s,Farmer Walk,Baseline (0-60d),35.0,35.0,1.0,2026-01-20,0,70.0,0.5,Below Live,,0
WSP-1E3011EEFF,active,Nexus Point Squat,Nexus Point Squat,6 months (120-240d),28.0,20.0,12.0,2026-06-29,160,,,Unavailable,-39.5,
WSP-1E3011EEFF,active,Nexus Point Squat,Barbell Front Squat,Baseline (0-60d),46.25,37.5,7.0,2026-03-13,52,,,Unavailable,,
WSP-1E3011EEFF,active,Overhead Press,Barbell Overhead Press,Baseline (0-60d),27.75,22.5,7.0,2026-03-18,57,,,Unavailable,,
WSP-1E3011EEFF,active,Romanian Deadlift,Barbell Romanian Deadlift,6 months (120-240d),104.5,95.0,3.0,2026-06-22,153,,,Unavailable,34.0,
WSP-1E3011EEFF,active,Romanian Deadlift,Barbell Romanian Deadlift,Baseline (0-60d),78.0,65.0,6.0,2026-03-16,55,,,Unavailable,,
WSP-FBAE4B79EB,active,Bench Press,Barbell Bench Press,6 months (120-240d),37.2,36.0,1.0,2026-06-24,154,,,Unavailable,,
WSP-FBAE4B79EB,active,Deadlift,Barbell Deadlift,6 months (120-240d),48.0,40.0,6.0,2026-05-25,124,,,Unavailable,174.3,
WSP-FBAE4B79EB,active,Deadlift,Barbell Deadlift,Baseline (0-60d),17.5,15.0,5.0,2026-01-22,1,85.0,0.206,Below Live,,0
WSP-FBAE4B79EB,active,Farmer Walk 60s,Farmer Walk,Baseline (0-60d),45.0,45.0,1.0,2026-01-21,0,85.0,0.529,Below Live,,0
WSP-FBAE4B79EB,active,Lat Pulldown,Underhand Grip Lat Pulldown,6 months (120-240d),100.0,75.0,10.0,2026-06-29,159,,,Unavailable,,
WSP-FBAE4B79EB,active,Nexus Point Squat,Nexus Point Squat,6 months (120-240d),21.0,15.0,12.0,2026-06-29,159,,,Unavailable,10.5,
WSP-FBAE4B79EB,active,Nexus Point Squat,Barbell Front Squat,Baseline (0-60d),19.0,15.0,8.0,2026-03-13,51,,,Unavailable,,
WSP-FBAE4B79EB,active,Romanian Deadlift,Barbell Romanian Deadlift,6 months (120-240d),77.0,70.0,3.0,2026-06-26,156,,,Unavailable,102.6,
WSP-FBAE4B79EB,active,Romanian Deadlift,Barbell Romanian Deadlift,Baseline (0-60d),38.0,30.0,8.0,2026-03-09,47,,,Unavailable,,
WSP-FBAE4B79EB,active,Split Squat,Barbell Split Squat,6 months (120-240d),4.2,3.0,12.0,2026-06-29,159,,,Unavailable,,
WSP-04DD1B40A9,active,Bench Press,Barbell Bench Press,Baseline (0-60d),23.33,17.5,10.0,2026-02-03,11,68.0,0.343,Live,,0
WSP-04DD1B40A9,active,Deadlift,Barbell Deadlift,Baseline (0-60d),30.1,21.5,12.0,2026-02-10,18,68.0,0.443,Below Live,,0
WSP-04DD1B40A9,active,Farmer Walk 60s,Farmer Walk,Baseline (0-60d),35.0,35.0,1.0,2026-01-23,0,68.0,0.515,Below Live,,0
WSP-04DD1B40A9,active,Lat Pulldown,Underhand Grip Lat Pulldown,6 months (120-240d),65.0,50.0,9.0,2026-07-08,166,,,Unavailable,47.7,
WSP-04DD1B40A9,active,Lat Pulldown,Underhand Grip Lat Pulldown,Baseline (0-60d),44.0,33.0,10.0,2026-03-16,52,,,Unavailable,,
WSP-04DD1B40A9,active,Romanian Deadlift,Barbell Romanian Deadlift,6 months (120-240d),46.67,35.0,10.0,2026-07-03,161,,,Unavailable,,
WSP-7B4D1A0ABA,active,Bench Press,Barbell Bench Press,6 months (120-240d),40.08,32.5,7.0,2026-06-06,124,,,Unavailable,0.2,
WSP-7B4D1A0ABA,active,Bench Press,Barbell Bench Press,Baseline (0-60d),40.0,30.0,10.0,2026-02-28,26,85.0,0.471,Live,,0
WSP-7B4D1A0ABA,active,Deadlift,Barbell Deadlift,Baseline (0-60d),40.0,30.0,10.0,2026-02-28,26,85.0,0.471,Below Live,,0
WSP-7B4D1A0ABA,active,Farmer Walk 60s,Farmer Walk,Baseline (0-60d),40.0,40.0,1.0,2026-02-02,0,85.0,0.471,Below Live,,0
WSP-7B4D1A0ABA,active,Lat Pulldown,Underhand Grip Lat Pulldown,6 months (120-240d),76.0,60.0,8.0,2026-06-17,135,,,Unavailable,13.1,
WSP-7B4D1A0ABA,active,Lat Pulldown,Underhand Grip Lat Pulldown,Baseline (0-60d),67.2,48.0,12.0,2026-03-21,47,,,Unavailable,,
WSP-7B4D1A0ABA,active,Nexus Point Squat,Nexus Point Squat,Baseline (0-60d),13.33,10.0,10.0,2026-02-28,26,85.0,0.157,Below Live,,0
WSP-7B4D1A0ABA,active,Romanian Deadlift,Barbell Romanian Deadlift,6 months (120-240d),42.0,30.0,12.0,2026-06-20,138,,,Unavailable,,
WSP-7B4D1A0ABA,active,Split Squat,Barbell Split Squat,6 months (120-240d),12.0,9.0,10.0,2026-06-17,135,,,Unavailable,200.0,
WSP-7B4D1A0ABA,active,Split Squat,Barbell Split Squat,Baseline (0-60d),4.0,3.0,10.0,2026-03-21,47,,,Unavailable,,
WSP-DCBB383449,active,Deadlift,Barbell Deadlift,Baseline (0-60d),8.0,6.0,10.0,2026-02-05,0,100.0,0.08,Below Live,,0
WSP-DCBB383449,active,Farmer Walk 60s,Farmer Walk,6 months (120-240d),30.0,30.0,,2026-06-22,137,,,Unavailable,20.0,
WSP-DCBB383449,active,Farmer Walk 60s,Farmer Walk,Baseline (0-60d),25.0,25.0,60.0,2026-02-09,4,100.0,0.25,Below Live,,0
WSP-DCBB383449,active,Nexus Point Squat,Nexus Point Squat,6 months (120-240d),12.6,9.0,12.0,2026-07-13,158,,,Unavailable,-33.7,
WSP-DCBB383449,active,Nexus Point Squat,Barbell Front Squat,Baseline (0-60d),19.0,15.0,8.0,2026-02-27,22,100.0,0.19,Below Live,,0
WSP-DCBB383449,active,Romanian Deadlift,Barbell Romanian Deadlift,6 months (120-240d),45.5,32.5,12.0,2026-07-10,155,,,Unavailable,79.6,
WSP-DCBB383449,active,Romanian Deadlift,Barbell Romanian Deadlift,Baseline (0-60d),25.33,20.0,8.0,2026-02-23,18,100.0,0.253,Below Live,,0
WSP-38A0B732F2,active,Bench Press,Barbell Bench Press,Baseline (0-60d),20.0,15.0,10.0,2026-02-16,12,66.0,0.303,Live,,0
WSP-38A0B732F2,active,Deadlift,Barbell Deadlift,Baseline (0-60d),26.67,20.0,10.0,2026-02-16,12,66.0,0.404,Below Live,,0
WSP-38A0B732F2,active,Farmer Walk 60s,Farmer Walk,Baseline (0-60d),35.0,35.0,1.0,2026-02-04,0,66.0,0.53,Below Live,,0
WSP-38A0B732F2,active,Lat Pulldown,Underhand Grip Lat Pulldown,6 months (120-240d),55.0,41.25,10.0,2026-07-17,163,,,Unavailable,17.9,
WSP-38A0B732F2,active,Lat Pulldown,Underhand Grip Lat Pulldown,Baseline (0-60d),46.67,35.0,10.0,2026-03-23,47,,,Unavailable,,
WSP-38A0B732F2,active,Nexus Point Squat,Barbell Front Squat,Baseline (0-60d),16.67,12.5,10.0,2026-03-23,47,,,Unavailable,,
WSP-38A0B732F2,active,Romanian Deadlift,Barbell Romanian Deadlift,6 months (120-240d),24.5,17.5,12.0,2026-06-15,131,,,Unavailable,,
WSP-F0083620C2,active,Bench Press,Barbell Bench Press,6 months (120-240d),30.0,25.0,6.0,2026-06-25,141,,,Unavailable,12.5,
WSP-F0083620C2,active,Bench Press,Barbell Bench Press,Baseline (0-60d),26.67,20.0,10.0,2026-04-01,56,,,Unavailable,,
WSP-F0083620C2,active,Deadlift,Barbell Deadlift,6 months (120-240d),57.0,47.5,6.0,2026-06-08,124,,,Unavailable,50.0,
WSP-F0083620C2,active,Deadlift,Barbell Deadlift,Baseline (0-60d),38.0,30.0,8.0,2026-03-30,54,,,Unavailable,,
WSP-F0083620C2,active,Farmer Walk 60s,Farmer Walk,Baseline (0-60d),40.0,40.0,1.0,2026-02-04,0,63.0,0.635,Below Live,,0
WSP-F0083620C2,active,Nexus Point Squat,Barbell Front Squat,Baseline (0-60d),38.0,30.0,8.0,2026-03-27,51,,,Unavailable,,
WSP-F0083620C2,active,Overhead Press,Barbell Overhead Press,Baseline (0-60d),26.67,25.0,2.0,2026-03-25,49,,,Unavailable,,
WSP-F0083620C2,active,Romanian Deadlift,Barbell Romanian Deadlift,6 months (120-240d),57.0,47.5,6.0,2026-06-05,121,,,Unavailable,16.1,
WSP-F0083620C2,active,Romanian Deadlift,Barbell Romanian Deadlift,Baseline (0-60d),49.08,47.5,1.0,2026-03-23,47,,,Unavailable,,
WSP-8AAFB314B3,active,Bench Press,Barbell Bench Press,Baseline (0-60d),4.0,3.0,10.0,2026-02-10,1,65.0,0.062,Below Live,,0
WSP-8AAFB314B3,active,Farmer Walk 60s,Farmer Walk,Baseline (0-60d),20.0,20.0,1.0,2026-02-09,0,65.0,0.308,Below Live,,0
WSP-8AAFB314B3,active,Lat Pulldown,Underhand Grip Lat Pulldown,Baseline (0-60d),63.33,50.0,8.0,2026-03-06,25,65.0,0.974,Long,,0
WSP-8AAFB314B3,active,Nexus Point Squat,Nexus Point Squat,6 months (120-240d),28.0,20.0,12.0,2026-07-06,147,,,Unavailable,,
WSP-8AAFB314B3,active,Split Squat,Barbell Split Squat,6 months (120-240d),21.0,15.0,12.0,2026-07-06,147,,,Unavailable,,
WSP-4F45554CDE,active,Bench Press,Barbell Bench Press,Baseline (0-60d),26.67,20.0,10.0,2026-04-01,48,,,Unavailable,,
WSP-4F45554CDE,active,Deadlift,Barbell Deadlift,6 months (120-240d),38.75,37.5,1.0,2026-06-22,130,,,Unavailable,-3.1,
WSP-4F45554CDE,active,Deadlift,Barbell Deadlift,Baseline (0-60d),40.0,30.0,10.0,2026-04-13,60,,,Unavailable,,
WSP-4F45554CDE,active,Farmer Walk 60s,Farmer Walk,6 months (120-240d),10.0,10.0,,2026-06-22,130,,,Unavailable,-16.7,
WSP-4F45554CDE,active,Farmer Walk 60s,Farmer Walk,Baseline (0-60d),12.0,12.0,,2026-02-16,4,62.0,0.194,Below Live,,0
WSP-4F45554CDE,active,Lat Pulldown,Underhand Grip Lat Pulldown,Baseline (0-60d),40.0,30.0,10.0,2026-02-13,1,62.0,0.645,Live,,0
WSP-4F45554CDE,active,Nexus Point Squat,Nexus Point Squat,6 months (120-240d),11.2,8.0,12.0,2026-07-13,151,,,Unavailable,-50.6,
WSP-4F45554CDE,active,Nexus Point Squat,Barbell Front Squat,Baseline (0-60d),22.67,20.0,4.0,2026-03-27,43,,,Unavailable,,
WSP-4F45554CDE,active,Overhead Press,Barbell Overhead Press,Baseline (0-60d),20.67,20.0,1.0,2026-03-25,41,62.0,0.333,Live,,0
WSP-4F45554CDE,active,Romanian Deadlift,Barbell Romanian Deadlift,6 months (120-240d),44.42,32.5,11.0,2026-07-10,148,,,Unavailable,23.4,
WSP-4F45554CDE,active,Romanian Deadlift,Barbell Romanian Deadlift,Baseline (0-60d),36.0,30.0,6.0,2026-03-16,32,62.0,0.581,Below Live,,0
WSP-4F45554CDE,active,Split Squat,Barbell Split Squat,6 months (120-240d),5.6,4.0,12.0,2026-07-06,144,,,Unavailable,,
WSP-55092FC821,active,Bench Press,Barbell Bench Press,6 months (120-240d),55.42,47.5,5.0,2026-06-17,126,,,Unavailable,18.8,
WSP-55092FC821,active,Bench Press,Barbell Bench Press,Baseline (0-60d),46.67,35.0,10.0,2026-04-08,56,,,Unavailable,,
WSP-55092FC821,active,Deadlift,Barbell Deadlift,Baseline (0-60d),60.0,45.0,10.0,2026-04-06,54,,,Unavailable,,
WSP-55092FC821,active,Farmer Walk 60s,Farmer Walk,Baseline (0-60d),50.0,50.0,1.0,2026-02-11,0,110.0,0.455,Below Live,,0
WSP-55092FC821,active,Lat Pulldown,Underhand Grip Lat Pulldown,Baseline (0-60d),87.83,85.0,1.0,2026-03-23,40,110.0,0.798,Long,,0
WSP-55092FC821,active,Nexus Point Squat,Nexus Point Squat,6 months (120-240d),35.0,25.0,12.0,2026-07-06,145,,,Unavailable,38.2,
WSP-55092FC821,active,Nexus Point Squat,Barbell Front Squat,Baseline (0-60d),25.33,20.0,8.0,2026-03-20,37,110.0,0.23,Below Live,,0
WSP-55092FC821,active,Overhead Press,Barbell Overhead Press,Baseline (0-60d),28.5,22.5,8.0,2026-03-18,35,110.0,0.259,Live,,0
WSP-55092FC821,active,Romanian Deadlift,Barbell Romanian Deadlift,6 months (120-240d),77.5,75.0,1.0,2026-06-26,135,,,Unavailable,40.9,
WSP-55092FC821,active,Romanian Deadlift,Barbell Romanian Deadlift,Baseline (0-60d),55.0,50.0,3.0,2026-03-23,40,110.0,0.5,Below Live,,0
WSP-55092FC821,active,Split Squat,Barbell Split Squat,6 months (120-240d),13.33,10.0,10.0,2026-07-06,145,,,Unavailable,250.9,
WSP-55092FC821,active,Split Squat,Barbell Split Squat,Baseline (0-60d),3.8,3.0,8.0,2026-03-13,30,110.0,0.035,Unavailable,,
WSP-38891FDE5E,active,Bench Press,Barbell Bench Press,6 months (120-240d),23.25,22.5,1.0,2026-06-24,128,,,Unavailable,,
WSP-38891FDE5E,active,Deadlift,Barbell Deadlift,6 months (120-240d),51.67,50.0,1.0,2026-06-22,126,,,Unavailable,16.5,
WSP-38891FDE5E,active,Deadlift,Barbell Deadlift,Baseline (0-60d),44.33,35.0,8.0,2026-03-30,42,55.0,0.806,Live,,0
WSP-38891FDE5E,active,Farmer Walk 60s,Farmer Walk,6 months (120-240d),30.0,30.0,1.0,2026-06-22,126,,,Unavailable,-14.3,
WSP-38891FDE5E,active,Farmer Walk 60s,Farmer Walk,Baseline (0-60d),35.0,35.0,1.0,2026-03-23,35,55.0,0.636,Below Live,,0
WSP-38891FDE5E,active,Lat Pulldown,Underhand Grip Lat Pulldown,Baseline (0-60d),55.5,45.0,7.0,2026-03-20,32,55.0,1.009,Long,,0
WSP-38891FDE5E,active,Nexus Point Squat,Nexus Point Squat,6 months (120-240d),24.5,17.5,12.0,2026-07-20,154,,,Unavailable,-21.4,
WSP-38891FDE5E,active,Nexus Point Squat,Barbell Front Squat,Baseline (0-60d),31.17,27.5,4.0,2026-03-27,39,55.0,0.567,Live,,0
WSP-38891FDE5E,active,Romanian Deadlift,Barbell Romanian Deadlift,6 months (120-240d),49.08,47.5,1.0,2026-06-26,130,,,Unavailable,5.0,
WSP-38891FDE5E,active,Romanian Deadlift,Barbell Romanian Deadlift,Baseline (0-60d),46.75,42.5,3.0,2026-03-23,35,55.0,0.85,Live,,0
WSP-F0D7CAC313,active,Bench Press,Barbell Bench Press,Baseline (0-60d),24.5,17.5,12.0,2026-02-26,9,71.0,0.345,Live,,0
WSP-F0D7CAC313,active,Deadlift,Barbell Deadlift,Baseline (0-60d),35.0,25.0,12.0,2026-02-26,9,71.0,0.493,Below Live,,0
WSP-F0D7CAC313,active,Farmer Walk 60s,Farmer Walk,Baseline (0-60d),25.0,25.0,0.0,2026-02-17,0,71.0,0.352,Below Live,,0
WSP-F0D7CAC313,active,Lat Pulldown,Underhand Grip Lat Pulldown,6 months (120-240d),69.67,55.0,8.0,2026-07-16,149,,,Unavailable,21.5,
WSP-F0D7CAC313,active,Lat Pulldown,Underhand Grip Lat Pulldown,Baseline (0-60d),57.33,43.0,10.0,2026-03-17,28,71.0,0.808,Long,,0
WSP-F0D7CAC313,active,Nexus Point Squat,Barbell Front Squat,Baseline (0-60d),26.67,20.0,10.0,2026-03-17,28,71.0,0.376,Below Live,,0
WSP-F0D7CAC313,active,Romanian Deadlift,Barbell Romanian Deadlift,6 months (120-240d),36.67,27.5,10.0,2026-07-18,151,,,Unavailable,,
WSP-77EC76C8A4,active,Bench Press,Barbell Bench Press,Baseline (0-60d),20.0,15.0,10.0,2026-03-02,10,65.0,0.308,Live,,0
WSP-77EC76C8A4,active,Deadlift,Barbell Deadlift,Baseline (0-60d),36.67,27.5,10.0,2026-03-05,13,65.0,0.564,Live,,0
WSP-77EC76C8A4,active,Farmer Walk 60s,Farmer Walk,Baseline (0-60d),40.0,40.0,1.0,2026-02-20,0,65.0,0.615,Below Live,,0
WSP-77EC76C8A4,active,Lat Pulldown,Underhand Grip Lat Pulldown,Baseline (0-60d),49.0,35.0,12.0,2026-03-23,31,65.0,0.754,Long,,0
WSP-77EC76C8A4,active,Nexus Point Squat,Barbell Front Squat,Baseline (0-60d),18.0,15.0,6.0,2026-03-05,13,65.0,0.277,Below Live,,0
WSP-0AFA5CD92D,active,Bench Press,Barbell Bench Press,Baseline (0-60d),20.0,15.0,10.0,2026-04-15,43,70.0,0.286,Live,,0
WSP-0AFA5CD92D,active,Farmer Walk 60s,Farmer Walk,Baseline (0-60d),15.0,15.0,1.0,2026-03-03,0,70.0,0.214,Below Live,,0
WSP-0AFA5CD92D,active,Lat Pulldown,Underhand Grip Lat Pulldown,Baseline (0-60d),53.33,40.0,10.0,2026-04-10,38,70.0,0.762,Long,,0
WSP-040D5CD305,active,Bench Press,Barbell Bench Press,Baseline (0-60d),5.07,4.0,8.0,2026-04-08,35,90.0,0.056,Below Live,,0
WSP-040D5CD305,active,Farmer Walk 60s,Farmer Walk,Baseline (0-60d),40.0,40.0,1.0,2026-03-04,0,90.0,0.444,Below Live,,0
WSP-040D5CD305,active,Nexus Point Squat,Barbell Front Squat,Baseline (0-60d),18.0,15.0,6.0,2026-03-20,16,90.0,0.2,Below Live,,0
WSP-040D5CD305,active,Romanian Deadlift,Barbell Romanian Deadlift,Baseline (0-60d),20.0,15.0,10.0,2026-04-10,37,90.0,0.222,Below Live,,0
WSP-1BEBCFDBD3,active,Bench Press,Barbell Bench Press,Baseline (0-60d),45.5,35.0,9.0,2026-04-15,36,70.0,0.65,Live,,0
WSP-1BEBCFDBD3,active,Deadlift,Barbell Deadlift,Baseline (0-60d),73.33,55.0,10.0,2026-04-13,34,70.0,1.048,Live,,0
WSP-1BEBCFDBD3,active,Farmer Walk 60s,Farmer Walk,Baseline (0-60d),30.0,30.0,1.0,2026-03-23,13,70.0,0.429,Below Live,,0
WSP-1BEBCFDBD3,active,Nexus Point Squat,Nexus Point Squat,6 months (120-240d),49.0,35.0,12.0,2026-07-13,125,,,Unavailable,93.4,
WSP-1BEBCFDBD3,active,Nexus Point Squat,Barbell Front Squat,Baseline (0-60d),25.33,20.0,8.0,2026-03-20,10,70.0,0.362,Below Live,,0
WSP-1BEBCFDBD3,active,Overhead Press,Barbell Overhead Press,Baseline (0-60d),20.67,20.0,1.0,2026-03-25,15,70.0,0.295,Live,,0
WSP-1BEBCFDBD3,active,Romanian Deadlift,Barbell Romanian Deadlift,6 months (120-240d),77.0,55.0,12.0,2026-07-10,122,,,Unavailable,21.6,
WSP-1BEBCFDBD3,active,Romanian Deadlift,Barbell Romanian Deadlift,Baseline (0-60d),63.33,50.0,8.0,2026-05-01,52,,,Unavailable,,
WSP-1BEBCFDBD3,active,Split Squat,Barbell Split Squat,6 months (120-240d),14.0,10.0,12.0,2026-07-13,125,,,Unavailable,,
WSP-249D09D949,active,Farmer Walk 60s,Farmer Walk,Baseline (0-60d),35.0,35.0,1.0,2026-03-12,0,73.0,0.479,Below Live,,0
WSP-249D09D949,active,Lat Pulldown,Underhand Grip Lat Pulldown,Baseline (0-60d),49.0,35.0,12.0,2026-04-06,25,73.0,0.671,Live,,0
WSP-249D09D949,active,Romanian Deadlift,Barbell Romanian Deadlift,Baseline (0-60d),2.67,2.0,10.0,2026-05-01,50,,,Unavailable,,
WSP-23F6FE79B4,active,Bench Press,Barbell Bench Press,Baseline (0-60d),8.87,7.0,8.0,2026-04-08,26,52.0,0.171,Below Live,,0
WSP-23F6FE79B4,active,Farmer Walk 60s,Farmer Walk,Baseline (0-60d),25.0,25.0,1.0,2026-03-13,0,52.0,0.481,Below Live,,0
WSP-23F6FE79B4,active,Lat Pulldown,Underhand Grip Lat Pulldown,6 months (120-240d),63.0,45.0,12.0,2026-07-20,129,,,Unavailable,24.3,
WSP-23F6FE79B4,active,Lat Pulldown,Underhand Grip Lat Pulldown,Baseline (0-60d),50.67,40.0,8.0,2026-04-10,28,52.0,0.974,Long,,0
WSP-23F6FE79B4,active,Nexus Point Squat,Nexus Point Squat,6 months (120-240d),14.0,10.0,12.0,2026-07-20,129,,,Unavailable,112.1,
WSP-23F6FE79B4,active,Nexus Point Squat,Barbell Front Squat,Baseline (0-60d),6.6,6.0,3.0,2026-03-27,14,52.0,0.127,Below Live,,0
WSP-23F6FE79B4,active,Overhead Press,Barbell Overhead Press,Baseline (0-60d),6.2,6.0,1.0,2026-03-25,12,52.0,0.119,Below Live,,0
WSP-23F6FE79B4,active,Romanian Deadlift,Barbell Romanian Deadlift,6 months (120-240d),42.0,30.0,12.0,2026-07-17,126,,,Unavailable,57.5,
WSP-23F6FE79B4,active,Romanian Deadlift,Barbell Romanian Deadlift,Baseline (0-60d),26.67,25.0,2.0,2026-03-23,10,52.0,0.513,Below Live,,0
WSP-23F6FE79B4,active,Split Squat,Barbell Split Squat,6 months (120-240d),4.2,3.0,12.0,2026-07-13,122,,,Unavailable,,
WSP-33FFA0071B,active,Deadlift,Barbell Deadlift,Baseline (0-60d),34.67,26.0,10.0,2026-03-30,12,90.0,0.385,Below Live,,0
WSP-33FFA0071B,active,Farmer Walk 60s,Farmer Walk,Baseline (0-60d),30.0,30.0,1.0,2026-03-18,0,90.0,0.333,Below Live,,0
WSP-33FFA0071B,active,Lat Pulldown,Underhand Grip Lat Pulldown,Baseline (0-60d),56.83,55.0,1.0,2026-03-23,5,90.0,0.631,Live,,0
WSP-33FFA0071B,active,Romanian Deadlift,Barbell Romanian Deadlift,Baseline (0-60d),28.42,27.5,1.0,2026-03-23,5,90.0,0.316,Below Live,,0
WSP-38D23A3C09,active,Bench Press,Barbell Bench Press,Baseline (0-60d),21.0,15.0,12.0,2026-03-27,8,62.0,0.339,Live,,0
WSP-38D23A3C09,active,Deadlift,Barbell Deadlift,Baseline (0-60d),28.0,20.0,12.0,2026-03-31,12,62.0,0.452,Below Live,,0
WSP-38D23A3C09,active,Farmer Walk 60s,Farmer Walk,Baseline (0-60d),35.0,35.0,1.0,2026-03-19,0,62.0,0.565,Below Live,,0
WSP-38D23A3C09,active,Lat Pulldown,Underhand Grip Lat Pulldown,6 months (120-240d),49.0,35.0,12.0,2026-07-18,121,,,Unavailable,22.5,
WSP-38D23A3C09,active,Lat Pulldown,Underhand Grip Lat Pulldown,Baseline (0-60d),40.0,30.0,10.0,2026-05-12,54,,,Unavailable,,
WSP-38D23A3C09,active,Nexus Point Squat,Nexus Point Squat,Baseline (0-60d),16.0,15.0,2.0,2026-03-24,5,62.0,0.258,Below Live,,0
WSP-38D23A3C09,active,Romanian Deadlift,Barbell Romanian Deadlift,6 months (120-240d),21.0,15.0,12.0,2026-07-18,121,,,Unavailable,5.0,
WSP-38D23A3C09,active,Romanian Deadlift,Barbell Romanian Deadlift,Baseline (0-60d),20.0,15.0,10.0,2026-03-24,5,62.0,0.323,Below Live,,0
WSP-38D23A3C09,active,Split Squat,Barbell Split Squat,Baseline (0-60d),5.6,4.0,12.0,2026-04-28,40,62.0,0.09,Unavailable,,
WSP-67DC9646DF,active,Bench Press,Barbell Bench Press,Baseline (0-60d),26.67,20.0,10.0,2026-04-08,20,101.0,0.264,Live,,0
WSP-67DC9646DF,active,Deadlift,Barbell Deadlift,Baseline (0-60d),4.0,3.0,10.0,2026-05-18,60,,,Unavailable,,
WSP-67DC9646DF,active,Farmer Walk 60s,Farmer Walk,Baseline (0-60d),50.0,50.0,1.0,2026-03-19,0,101.0,0.495,Below Live,,0
WSP-67DC9646DF,active,Romanian Deadlift,Barbell Romanian Deadlift,Baseline (0-60d),33.33,25.0,10.0,2026-03-20,1,101.0,0.33,Below Live,,0
WSP-BB9CD876C4,active,Farmer Walk 60s,Farmer Walk,Baseline (0-60d),9.0,9.0,1.0,2026-03-30,0,81.0,0.111,Below Live,,0
WSP-BB9CD876C4,active,Lat Pulldown,Underhand Grip Lat Pulldown,Baseline (0-60d),75.0,62.5,6.0,2026-05-29,60,79.4,0.945,Long,,0
WSP-BB9CD876C4,active,Romanian Deadlift,Barbell Romanian Deadlift,Baseline (0-60d),21.0,17.5,6.0,2026-05-25,56,79.6,0.264,Below Live,,0
WSP-1557021312,active,Bench Press,Barbell Bench Press,Baseline (0-60d),39.0,32.5,6.0,2026-05-06,28,60.0,0.65,Live,,0
WSP-1557021312,active,Deadlift,Barbell Deadlift,Baseline (0-60d),26.67,20.0,10.0,2026-04-20,12,60.0,0.444,Below Live,,0
WSP-ACC0588646,active,Farmer Walk 60s,Farmer Walk,Baseline (0-60d),40.0,40.0,1.0,2026-04-02,0,58.0,0.69,Below Live,,0
WSP-FFC35328B3,active,Bench Press,Barbell Bench Press,Baseline (0-60d),27.0,22.5,6.0,2026-05-20,36,90.0,0.3,Live,,0
WSP-FFC35328B3,active,Deadlift,Barbell Deadlift,Baseline (0-60d),38.0,30.0,8.0,2026-05-18,34,90.0,0.422,Below Live,,0
WSP-FFC35328B3,active,Farmer Walk 60s,Farmer Walk,Baseline (0-60d),45.0,45.0,1.0,2026-04-14,0,90.0,0.5,Below Live,,0
WSP-FFC35328B3,active,Lat Pulldown,Underhand Grip Lat Pulldown,Baseline (0-60d),70.0,50.0,12.0,2026-05-08,24,90.0,0.778,Long,,0
WSP-FFC35328B3,active,Romanian Deadlift,Barbell Romanian Deadlift,Baseline (0-60d),36.0,30.0,6.0,2026-05-29,45,90.0,0.4,Below Live,,0
WSP-2665D39822,active,Bench Press,Barbell Bench Press,Baseline (0-60d),25.33,20.0,8.0,2026-05-20,30,69.0,0.367,Live,,0
WSP-2665D39822,active,Lat Pulldown,Underhand Grip Lat Pulldown,Baseline (0-60d),63.33,50.0,8.0,2026-05-15,25,69.0,0.918,Long,,0
WSP-2665D39822,active,Romanian Deadlift,Barbell Romanian Deadlift,Baseline (0-60d),22.17,17.5,8.0,2026-05-15,25,69.0,0.321,Below Live,,0
WSP-4A825E8F7B,active,Bench Press,Barbell Bench Press,Baseline (0-60d),30.0,25.0,6.0,2026-05-27,40,90.0,0.333,Live,,0
WSP-4A825E8F7B,active,Farmer Walk 60s,Farmer Walk,Baseline (0-60d),40.0,40.0,1.0,2026-04-17,0,90.0,0.444,Below Live,,0
WSP-4A825E8F7B,active,Lat Pulldown,Underhand Grip Lat Pulldown,Baseline (0-60d),73.33,55.0,10.0,2026-04-24,7,90.0,0.815,Long,,0
WSP-4A825E8F7B,active,Romanian Deadlift,Barbell Romanian Deadlift,Baseline (0-60d),48.0,40.0,6.0,2026-06-08,52,,,Unavailable,,
WSP-F128B5CE7B,active,Farmer Walk 60s,Farmer Walk,Baseline (0-60d),12.5,12.5,1.0,2026-04-21,0,75.0,0.167,Below Live,,0
WSP-E074B153A4,active,Bench Press,Barbell Bench Press,Baseline (0-60d),28.5,22.5,8.0,2026-06-03,43,82.0,0.348,Live,,0
WSP-E074B153A4,active,Farmer Walk 60s,Farmer Walk,Baseline (0-60d),40.0,40.0,1.0,2026-04-21,0,82.0,0.488,Below Live,,0
WSP-E074B153A4,active,Romanian Deadlift,Barbell Romanian Deadlift,Baseline (0-60d),44.33,35.0,8.0,2026-06-12,52,,,Unavailable,,
WSP-B642EFCB00,active,Bench Press,Barbell Bench Press,Baseline (0-60d),40.2,33.5,6.0,2026-06-10,50,,,Unavailable,,
WSP-B642EFCB00,active,Deadlift,Barbell Deadlift,Baseline (0-60d),54.0,45.0,6.0,2026-06-01,41,103.0,0.524,Live,,0
WSP-B642EFCB00,active,Farmer Walk 60s,Farmer Walk,Baseline (0-60d),50.0,50.0,1.0,2026-04-21,0,103.0,0.485,Below Live,,0
WSP-B642EFCB00,active,Lat Pulldown,Underhand Grip Lat Pulldown,Baseline (0-60d),82.33,65.0,8.0,2026-05-01,10,103.0,0.799,Long,,0
WSP-B642EFCB00,active,Romanian Deadlift,Barbell Romanian Deadlift,Baseline (0-60d),54.0,45.0,6.0,2026-06-19,59,,,Unavailable,,
WSP-9A56990EAF,active,Bench Press,Barbell Bench Press,Baseline (0-60d),39.0,32.5,6.0,2026-06-17,56,,,Unavailable,,
WSP-9A56990EAF,active,Deadlift,Barbell Deadlift,Baseline (0-60d),48.0,40.0,6.0,2026-06-15,54,,,Unavailable,,
WSP-9A56990EAF,active,Farmer Walk 60s,Farmer Walk,Baseline (0-60d),35.0,35.0,1.0,2026-04-22,0,69.0,0.507,Below Live,,0
WSP-9A56990EAF,active,Lat Pulldown,Underhand Grip Lat Pulldown,Baseline (0-60d),50.67,40.0,8.0,2026-05-01,9,69.0,0.734,Long,,0
WSP-9A56990EAF,active,Romanian Deadlift,Barbell Romanian Deadlift,Baseline (0-60d),53.83,42.5,8.0,2026-06-19,58,,,Unavailable,,
WSP-3E18EF7EBF,active,Bench Press,Barbell Bench Press,Baseline (0-60d),43.2,36.0,6.0,2026-06-17,56,,,Unavailable,,
WSP-3E18EF7EBF,active,Deadlift,Barbell Deadlift,Baseline (0-60d),84.0,70.0,6.0,2026-05-25,33,78.0,1.077,Live,,0
WSP-3E18EF7EBF,active,Farmer Walk 60s,Farmer Walk,Baseline (0-60d),20.0,20.0,1.0,2026-04-22,0,78.0,0.256,Below Live,,0
WSP-3E18EF7EBF,active,Nexus Point Squat,Barbell Back Squat,Baseline (0-60d),72.0,60.0,6.0,2026-05-03,11,78.0,0.923,Live,,0
WSP-3E18EF7EBF,active,Romanian Deadlift,Barbell Romanian Deadlift,Baseline (0-60d),63.58,54.5,5.0,2026-06-05,44,78.0,0.815,Live,,0
WSP-1346494B99,active,Farmer Walk 60s,Farmer Walk,Baseline (0-60d),20.0,20.0,1.0,2026-04-28,0,40.0,0.5,Below Live,,0
WSP-1346494B99,active,Split Squat,Barbell Split Squat,Baseline (0-60d),4.2,3.0,12.0,2026-06-10,43,40.0,0.105,Unavailable,,
WSP-3239A08979,active,Bench Press,Barbell Bench Press,Baseline (0-60d),37.2,31.0,6.0,2026-06-17,49,,,Unavailable,,
WSP-3239A08979,active,Deadlift,Barbell Deadlift,Baseline (0-60d),25.33,20.0,8.0,2026-05-04,5,75.0,0.338,Below Live,,0
WSP-3239A08979,active,Romanian Deadlift,Barbell Romanian Deadlift,Baseline (0-60d),57.0,45.0,8.0,2026-05-29,30,75.0,0.76,Live,,0
WSP-26FF50082E,active,Bench Press,Barbell Bench Press,Baseline (0-60d),30.0,22.5,10.0,2026-06-11,41,80.0,0.375,Live,,0
WSP-26FF50082E,active,Deadlift,Barbell Deadlift,Baseline (0-60d),19.0,15.0,8.0,2026-05-14,13,80.0,0.237,Below Live,,0
WSP-26FF50082E,active,Farmer Walk 60s,Farmer Walk,Baseline (0-60d),40.0,40.0,1.0,2026-05-01,0,80.0,0.5,Below Live,,0
WSP-26FF50082E,active,Lat Pulldown,Underhand Grip Lat Pulldown,Baseline (0-60d),53.33,40.0,10.0,2026-06-30,60,,,Unavailable,,
WSP-26FF50082E,active,Split Squat,Barbell Split Squat,Baseline (0-60d),2.53,2.0,8.0,2026-06-30,60,,,Unavailable,,
WSP-3B09DB7EFA,active,Bench Press,Barbell Bench Press,Baseline (0-60d),18.0,15.0,6.0,2026-06-03,29,62.0,0.29,Live,,0
WSP-3B09DB7EFA,active,Farmer Walk 60s,Farmer Walk,Baseline (0-60d),40.0,40.0,1.0,2026-05-05,0,62.0,0.645,Below Live,,0
WSP-3B09DB7EFA,active,Romanian Deadlift,Barbell Romanian Deadlift,Baseline (0-60d),20.0,15.0,10.0,2026-05-11,6,62.0,0.323,Below Live,,0
WSP-3C50E8CEB8,active,Bench Press,Barbell Bench Press,Baseline (0-60d),41.17,32.5,8.0,2026-05-06,0,68.0,0.605,Live,,0
WSP-65C27080A3,active,Bench Press,Barbell Bench Press,Baseline (0-60d),48.0,40.0,6.0,2026-06-10,36,80.0,0.6,Live,,0
WSP-65C27080A3,active,Deadlift,Barbell Deadlift,Baseline (0-60d),80.0,75.0,2.0,2026-06-22,48,80.0,1.0,Live,,0
WSP-65C27080A3,active,Farmer Walk 60s,Farmer Walk,Baseline (0-60d),60.0,60.0,0.0,2026-06-22,48,80.0,0.75,Live,,0
WSP-65C27080A3,active,Lat Pulldown,Underhand Grip Lat Pulldown,Baseline (0-60d),84.0,70.0,6.0,2026-05-25,20,80.0,1.05,Long,,0
WSP-65C27080A3,active,Nexus Point Squat,Nexus Point Squat,Baseline (0-60d),42.0,30.0,12.0,2026-06-29,55,80.0,0.525,Live,,0
WSP-65C27080A3,active,Romanian Deadlift,Barbell Romanian Deadlift,Baseline (0-60d),81.0,67.5,6.0,2026-06-26,52,80.0,1.012,Live,,0
WSP-65C27080A3,active,Split Squat,Barbell Split Squat,Baseline (0-60d),11.2,8.0,12.0,2026-06-29,55,80.0,0.14,Unavailable,,
WSP-3EAAC29994,active,Bench Press,Barbell Bench Press,Baseline (0-60d),39.67,35.0,4.0,2026-06-03,23,87.0,0.456,Live,,0
WSP-3EAAC29994,active,Deadlift,Barbell Deadlift,Baseline (0-60d),78.0,65.0,6.0,2026-06-15,35,87.0,0.897,Live,,0
WSP-3EAAC29994,active,Lat Pulldown,Underhand Grip Lat Pulldown,Baseline (0-60d),90.0,75.0,6.0,2026-06-15,35,87.0,1.034,Long,,0
WSP-3EAAC29994,active,Romanian Deadlift,Barbell Romanian Deadlift,Baseline (0-60d),20.0,15.0,10.0,2026-05-11,0,87.0,0.23,Below Live,,0
WSP-4BB17095A6,active,Bench Press,Barbell Bench Press,Baseline (0-60d),24.5,17.5,12.0,2026-05-27,20,57.0,0.43,Live,,0
WSP-4BB17095A6,active,Deadlift,Barbell Deadlift,Baseline (0-60d),21.0,15.0,12.0,2026-05-14,7,57.0,0.368,Below Live,,0
WSP-4BB17095A6,active,Farmer Walk 60s,Farmer Walk,Baseline (0-60d),35.0,35.0,1.0,2026-05-07,0,57.0,0.614,Below Live,,0
WSP-4BB17095A6,active,Romanian Deadlift,Barbell Romanian Deadlift,Baseline (0-60d),26.67,20.0,10.0,2026-06-29,53,,,Unavailable,,
WSP-F2CF4026AB,active,Bench Press,Barbell Bench Press,Baseline (0-60d),42.0,35.0,6.0,2026-06-10,21,79.1,0.531,Live,,0
WSP-F2CF4026AB,active,Deadlift,Barbell Deadlift,Baseline (0-60d),75.0,62.5,6.0,2026-06-15,26,79.1,0.948,Live,,0
WSP-F2CF4026AB,active,Farmer Walk 60s,Farmer Walk,Baseline (0-60d),25.0,25.0,,2026-05-20,0,80.0,0.312,Below Live,,0
WSP-F2CF4026AB,active,Lat Pulldown,Underhand Grip Lat Pulldown,Baseline (0-60d),56.0,40.0,12.0,2026-06-29,40,79.1,0.708,Long,,0
WSP-F2CF4026AB,active,Nexus Point Squat,Nexus Point Squat,Baseline (0-60d),35.0,25.0,12.0,2026-06-29,40,79.1,0.442,Below Live,,0
WSP-F2CF4026AB,active,Split Squat,Barbell Split Squat,Baseline (0-60d),0.0,0.0,10.0,2026-06-29,40,79.1,,Unavailable,,
WSP-B608800153,active,Farmer Walk 60s,Farmer Walk,Baseline (0-60d),20.0,20.0,1.0,2026-05-22,0,91.0,0.22,Below Live,,0
WSP-B608800153,active,Romanian Deadlift,Barbell Romanian Deadlift,Baseline (0-60d),20.0,15.0,10.0,2026-05-25,3,91.0,0.22,Below Live,,0
WSP-F7F97FBD6D,active,Bench Press,Barbell Bench Press,Baseline (0-60d),7.0,6.0,5.0,2026-06-10,16,44.0,0.159,Below Live,,0
WSP-F7F97FBD6D,active,Deadlift,Barbell Deadlift,Baseline (0-60d),3.6,3.0,6.0,2026-06-08,14,44.0,0.082,Below Live,,0
WSP-F7F97FBD6D,active,Farmer Walk 60s,Farmer Walk,Baseline (0-60d),10.0,10.0,1.0,2026-06-22,28,44.0,0.227,Below Live,,0
WSP-F7F97FBD6D,active,Lat Pulldown,Underhand Grip Lat Pulldown,Baseline (0-60d),63.0,45.0,12.0,2026-07-13,49,,,Unavailable,,
WSP-F7F97FBD6D,active,Romanian Deadlift,Barbell Romanian Deadlift,Baseline (0-60d),8.4,7.0,6.0,2026-06-12,18,44.0,0.191,Below Live,,0
WSP-D500EA9551,active,Deadlift,Barbell Deadlift,Baseline (0-60d),20.0,15.0,10.0,2026-07-14,49,,,Unavailable,,
WSP-D500EA9551,active,Farmer Walk 60s,Farmer Walk,Baseline (0-60d),20.0,20.0,,2026-05-26,0,56.0,0.357,Below Live,,0
WSP-2D6FC9D6ED,active,Bench Press,Barbell Bench Press,Baseline (0-60d),7.0,6.0,5.0,2026-06-10,12,49.0,0.143,Below Live,,0
WSP-2D6FC9D6ED,active,Lat Pulldown,Underhand Grip Lat Pulldown,Baseline (0-60d),53.33,40.0,10.0,2026-07-06,38,49.0,1.088,Long,,0
WSP-2D6FC9D6ED,active,Romanian Deadlift,Barbell Romanian Deadlift,Baseline (0-60d),8.4,6.0,12.0,2026-07-10,42,49.0,0.171,Below Live,,0
WSP-2D6FC9D6ED,active,Split Squat,Barbell Split Squat,Baseline (0-60d),4.0,3.0,10.0,2026-07-06,38,49.0,0.082,Unavailable,,
WSP-580D255E0E,active,Bench Press,Barbell Bench Press,Baseline (0-60d),6.0,5.0,6.0,2026-06-03,2,73.5,0.082,Below Live,,0
WSP-580D255E0E,active,Deadlift,Barbell Deadlift,Baseline (0-60d),4.2,3.0,12.0,2026-06-08,7,73.5,0.057,Below Live,,0
WSP-580D255E0E,active,Farmer Walk 60s,Farmer Walk,Baseline (0-60d),25.0,25.0,1.0,2026-06-01,0,73.5,0.34,Below Live,,0
WSP-580D255E0E,active,Lat Pulldown,Underhand Grip Lat Pulldown,Baseline (0-60d),70.0,50.0,12.0,2026-06-29,28,73.5,0.952,Long,,0
WSP-580D255E0E,active,Romanian Deadlift,Barbell Romanian Deadlift,Baseline (0-60d),6.0,5.0,6.0,2026-06-22,21,73.5,0.082,Below Live,,0
WSP-580D255E0E,active,Split Squat,Barbell Split Squat,Baseline (0-60d),2.8,2.0,12.0,2026-06-29,28,73.5,0.038,Unavailable,,
WSP-3847354783,active,Deadlift,Barbell Deadlift,Baseline (0-60d),48.0,40.0,6.0,2026-06-15,12,73.0,0.658,Live,,0
WSP-3847354783,active,Farmer Walk 60s,Farmer Walk,Baseline (0-60d),20.0,20.0,,2026-06-03,0,73.0,0.274,Below Live,,0
WSP-75CD7978EA,active,Bench Press,Barbell Bench Press,Baseline (0-60d),26.67,20.0,10.0,2026-06-15,0,84.3,0.316,Live,,0
WSP-75CD7978EA,active,Lat Pulldown,Underhand Grip Lat Pulldown,Baseline (0-60d),60.0,50.0,6.0,2026-06-19,4,82.5,0.727,Long,,0
WSP-75CD7978EA,active,Nexus Point Squat,Nexus Point Squat,Baseline (0-60d),11.2,8.0,12.0,2026-07-13,28,84.0,0.133,Below Live,,0
WSP-75CD7978EA,active,Romanian Deadlift,Barbell Romanian Deadlift,Baseline (0-60d),40.7,37.0,3.0,2026-06-26,11,84.0,0.485,Below Live,,0
WSP-75CD7978EA,active,Split Squat,Barbell Split Squat,Baseline (0-60d),2.8,2.0,12.0,2026-07-13,28,84.0,0.033,Unavailable,,
WSP-0DC4E30C90,active,Bench Press,Barbell Bench Press,Baseline (0-60d),24.75,22.5,3.0,2026-06-24,9,57.0,0.434,Live,,0
WSP-0DC4E30C90,active,Deadlift,Barbell Deadlift,Baseline (0-60d),46.5,45.0,1.0,2026-06-22,7,57.0,0.816,Live,,0
WSP-0DC4E30C90,active,Farmer Walk 60s,Farmer Walk,Baseline (0-60d),30.0,30.0,,2026-06-22,7,57.0,0.526,Below Live,,0
WSP-0DC4E30C90,active,Nexus Point Squat,Nexus Point Squat,Baseline (0-60d),33.33,25.0,10.0,2026-06-29,14,57.0,0.585,Live,,0
WSP-0DC4E30C90,active,Romanian Deadlift,Barbell Romanian Deadlift,Baseline (0-60d),52.25,47.5,3.0,2026-06-26,11,57.0,0.917,Live,,0
WSP-F14120D63C,active,Lat Pulldown,Underhand Grip Lat Pulldown,Baseline (0-60d),66.5,47.5,12.0,2026-07-17,31,70.0,0.95,Long,,0
WSP-F14120D63C,active,Nexus Point Squat,Nexus Point Squat,Baseline (0-60d),21.0,15.0,12.0,2026-07-06,20,70.0,0.3,Below Live,,0
WSP-F14120D63C,active,Romanian Deadlift,Barbell Romanian Deadlift,Baseline (0-60d),35.0,25.0,12.0,2026-07-17,31,70.0,0.5,Below Live,,0
WSP-F14120D63C,active,Split Squat,Barbell Split Squat,Baseline (0-60d),5.6,4.0,12.0,2026-07-20,34,70.0,0.08,Unavailable,,
WSP-424CC07FFF,active,Farmer Walk 60s,Farmer Walk,Baseline (0-60d),1.0,1.0,16.0,2026-06-17,0,45.0,0.022,Below Live,,0
WSP-424CC07FFF,active,Split Squat,Barbell Split Squat,Baseline (0-60d),12.3,9.0,11.0,2026-07-21,34,45.0,0.273,Unavailable,,
WSP-E076068A75,active,Farmer Walk 60s,Farmer Walk,Baseline (0-60d),30.0,30.0,1.0,2026-06-22,0,57.0,0.526,Below Live,,0
WSP-E076068A75,active,Nexus Point Squat,Nexus Point Squat,Baseline (0-60d),5.6,4.0,12.0,2026-07-06,14,57.0,0.098,Below Live,,0
WSP-E076068A75,active,Romanian Deadlift,Barbell Romanian Deadlift,Baseline (0-60d),33.0,30.0,3.0,2026-06-26,4,57.0,0.579,Below Live,,0
WSP-E076068A75,active,Split Squat,Barbell Split Squat,Baseline (0-60d),4.2,3.0,12.0,2026-07-06,14,57.0,0.074,Unavailable,,
WSP-C46FA95B40,active,Bench Press,Barbell Bench Press,Baseline (0-60d),20.0,15.0,10.0,2026-06-26,3,59.0,0.339,Live,,0
WSP-C46FA95B40,active,Farmer Walk 60s,Farmer Walk,Baseline (0-60d),40.0,40.0,1.0,2026-06-23,0,59.0,0.678,Below Live,,0
WSP-C46FA95B40,active,Lat Pulldown,Underhand Grip Lat Pulldown,Baseline (0-60d),35.0,25.0,12.0,2026-07-13,20,59.0,0.593,Live,,0
WSP-C46FA95B40,active,Nexus Point Squat,Nexus Point Squat,Baseline (0-60d),9.8,7.0,12.0,2026-07-13,20,59.0,0.166,Below Live,,0
WSP-C46FA95B40,active,Romanian Deadlift,Barbell Romanian Deadlift,Baseline (0-60d),21.0,15.0,12.0,2026-07-17,24,59.0,0.356,Below Live,,0
WSP-C46FA95B40,active,Split Squat,Barbell Split Squat,Baseline (0-60d),2.8,2.0,12.0,2026-06-29,6,59.0,0.047,Unavailable,,
WSP-F8E5C88D15,active,Bench Press,Barbell Bench Press,Baseline (0-60d),28.0,20.0,12.0,2026-07-06,7,104.0,0.269,Live,,0
WSP-F8E5C88D15,active,Farmer Walk 60s,Farmer Walk,Baseline (0-60d),50.0,50.0,1.0,2026-06-29,0,104.0,0.481,Below Live,,0
WSP-F8E5C88D15,active,Lat Pulldown,Underhand Grip Lat Pulldown,Baseline (0-60d),56.0,40.0,12.0,2026-07-10,11,104.0,0.538,Live,,0
WSP-F8E5C88D15,active,Nexus Point Squat,Nexus Point Squat,Baseline (0-60d),24.5,17.5,12.0,2026-07-13,14,104.0,0.236,Below Live,,0
WSP-F8E5C88D15,active,Romanian Deadlift,Barbell Romanian Deadlift,Baseline (0-60d),35.0,25.0,12.0,2026-07-10,11,104.0,0.337,Below Live,,0
WSP-F8E5C88D15,active,Split Squat,Barbell Split Squat,Baseline (0-60d),4.2,3.0,12.0,2026-07-13,14,104.0,0.04,Unavailable,,
WSP-710EF8B1DD,active,Farmer Walk 60s,Farmer Walk,Baseline (0-60d),25.0,25.0,1.0,2026-06-30,0,100.0,0.25,Below Live,,0
WSP-710EF8B1DD,active,Lat Pulldown,Underhand Grip Lat Pulldown,Baseline (0-60d),49.0,35.0,12.0,2026-07-07,7,100.0,0.49,Live,,0
WSP-710EF8B1DD,active,Romanian Deadlift,Barbell Romanian Deadlift,Baseline (0-60d),20.0,15.0,10.0,2026-07-10,10,100.0,0.2,Below Live,,0
WSP-1DE4E33C29,active,Farmer Walk 60s,Farmer Walk,Baseline (0-60d),35.0,35.0,1.0,2026-06-30,0,60.8,0.576,Below Live,,0
WSP-1DE4E33C29,active,Nexus Point Squat,Nexus Point Squat,Baseline (0-60d),21.0,15.0,12.0,2026-07-13,13,60.2,0.349,Below Live,,0
WSP-1DE4E33C29,active,Romanian Deadlift,Barbell Romanian Deadlift,Baseline (0-60d),52.5,37.5,12.0,2026-07-17,17,60.2,0.872,Live,,0
WSP-1DE4E33C29,active,Split Squat,Barbell Split Squat,Baseline (0-60d),21.0,15.0,12.0,2026-07-13,13,60.2,0.349,Unavailable,,
WSP-5C8296A51A,active,Farmer Walk 60s,Farmer Walk,Baseline (0-60d),25.0,25.0,1.0,2026-07-03,0,70.0,0.357,Below Live,,0
WSP-55755F2154,active,Bench Press,Barbell Bench Press,Baseline (0-60d),21.0,15.0,12.0,2026-07-09,0,70.0,0.3,Live,,0
WSP-55755F2154,active,Lat Pulldown,Underhand Grip Lat Pulldown,Baseline (0-60d),60.0,45.0,10.0,2026-07-20,11,70.0,0.857,Long,,0
WSP-55755F2154,active,Nexus Point Squat,Nexus Point Squat,Baseline (0-60d),20.0,15.0,10.0,2026-07-20,11,70.0,0.286,Below Live,,0
WSP-55755F2154,active,Romanian Deadlift,Barbell Romanian Deadlift,Baseline (0-60d),26.67,20.0,10.0,2026-07-09,0,70.0,0.381,Below Live,,0
WSP-55755F2154,active,Split Squat,Barbell Split Squat,Baseline (0-60d),8.0,6.0,10.0,2026-07-13,4,70.0,0.114,Unavailable,,
WSP-4D1D0A93B0,active,Farmer Walk 60s,Farmer Walk,Baseline (0-60d),25.0,25.0,1.0,2026-07-09,0,78.0,0.321,Below Live,,0
WSP-0C8D9F4FEA,active,Farmer Walk 60s,Farmer Walk,Baseline (0-60d),10.0,10.0,1.0,2026-07-13,0,92.0,0.109,Below Live,,0
WSP-0C8D9F4FEA,active,Lat Pulldown,Underhand Grip Lat Pulldown,Baseline (0-60d),56.0,40.0,12.0,2026-07-20,7,92.0,0.609,Live,,0
WSP-0C8D9F4FEA,active,Romanian Deadlift,Barbell Romanian Deadlift,Baseline (0-60d),35.0,25.0,12.0,2026-07-17,4,92.0,0.38,Below Live,,0
WSP-1CB6A4D3E8,active,Farmer Walk 60s,Farmer Walk,Baseline (0-60d),35.0,35.0,,2026-07-13,0,75.0,0.467,Below Live,,0
WSP-1CB6A4D3E8,active,Lat Pulldown,Underhand Grip Lat Pulldown,Baseline (0-60d),63.0,45.0,12.0,2026-07-20,7,75.0,0.84,Long,,0
WSP-1CB6A4D3E8,active,Nexus Point Squat,Nexus Point Squat,Baseline (0-60d),7.0,5.0,12.0,2026-07-20,7,75.0,0.093,Below Live,,0
WSP-1CB6A4D3E8,active,Split Squat,Barbell Split Squat,Baseline (0-60d),5.33,4.0,10.0,2026-07-20,7,75.0,0.071,Unavailable,,
WSP-86AB4EDE00,active,Farmer Walk 60s,Farmer Walk,Baseline (0-60d),35.0,35.0,1.0,2026-07-15,0,98.0,0.357,Below Live,,0
WSP-793D20B046,active,Farmer Walk 60s,Farmer Walk,Baseline (0-60d),30.0,30.0,,2026-07-20,0,83.0,0.361,Below Live,,0
WSP-19432D347A,active,Farmer Walk 60s,Farmer Walk,Baseline (0-60d),35.0,35.0,1.0,2026-07-20,0,65.0,0.538,Below Live,,0
